{
    "metadata": {
        "description": "Merged metrics for jina-clip-v1_jinaai_jina-clip-v1 on selected datasets",
        "datasets_included": [
            "arxivqa_test_subsampled",
            "docvqa_test_subsampled",
            "tabfquad_test_subsampled",
            "tatdqa_test"
        ],
        "timestamp": "2025-03-31T12:12:54.469435",
        "vidore_benchmark_version": "5.0.0"
    },
    "metrics": {
        "vidore/arxivqa_test_subsampled": {
            "ndcg_at_1": 0.194,
            "ndcg_at_3": 0.23428,
            "ndcg_at_5": 0.25399,
            "ndcg_at_10": 0.27746,
            "ndcg_at_20": 0.29815,
            "ndcg_at_50": 0.32351,
            "ndcg_at_100": 0.34405,
            "map_at_1": 0.194,
            "map_at_3": 0.22467,
            "map_at_5": 0.23557,
            "map_at_10": 0.24536,
            "map_at_20": 0.25102,
            "map_at_50": 0.25524,
            "map_at_100": 0.25699,
            "recall_at_1": 0.194,
            "recall_at_3": 0.262,
            "recall_at_5": 0.31,
            "recall_at_10": 0.382,
            "recall_at_20": 0.464,
            "recall_at_50": 0.59,
            "recall_at_100": 0.718,
            "precision_at_1": 0.194,
            "precision_at_3": 0.08733,
            "precision_at_5": 0.062,
            "precision_at_10": 0.0382,
            "precision_at_20": 0.0232,
            "precision_at_50": 0.0118,
            "precision_at_100": 0.00718,
            "mrr_at_1": 0.194,
            "mrr_at_3": 0.22466666666666663,
            "mrr_at_5": 0.2355666666666667,
            "mrr_at_10": 0.24536031746031747,
            "mrr_at_20": 0.25101822261845486,
            "mrr_at_50": 0.25524045019057034,
            "mrr_at_100": 0.25698538286605843,
            "naucs_at_1_max": 0.45616095322842626,
            "naucs_at_1_std": -0.09688090268244365,
            "naucs_at_1_diff1": 0.49830465863267814,
            "naucs_at_3_max": 0.3924181183865958,
            "naucs_at_3_std": -0.10766974824050675,
            "naucs_at_3_diff1": 0.38430557996295184,
            "naucs_at_5_max": 0.34086074996302623,
            "naucs_at_5_std": -0.09092864729687923,
            "naucs_at_5_diff1": 0.3439208357422323,
            "naucs_at_10_max": 0.28690953188417473,
            "naucs_at_10_std": -0.06333469229830402,
            "naucs_at_10_diff1": 0.27416728772231386,
            "naucs_at_20_max": 0.2243962903701211,
            "naucs_at_20_std": -0.030390753294875377,
            "naucs_at_20_diff1": 0.2522606214998528,
            "naucs_at_50_max": 0.1447077640981996,
            "naucs_at_50_std": -0.09064815765917779,
            "naucs_at_50_diff1": 0.22972397904529962,
            "naucs_at_100_max": 0.15254127991442465,
            "naucs_at_100_std": 0.030546947012256007,
            "naucs_at_100_diff1": 0.19091367727888314
        },
        "vidore/docvqa_test_subsampled": {
            "ndcg_at_1": 0.07317,
            "ndcg_at_3": 0.10717,
            "ndcg_at_5": 0.119,
            "ndcg_at_10": 0.13733,
            "ndcg_at_20": 0.15798,
            "ndcg_at_50": 0.18808,
            "ndcg_at_100": 0.20904,
            "map_at_1": 0.07317,
            "map_at_3": 0.0983,
            "map_at_5": 0.10484,
            "map_at_10": 0.11222,
            "map_at_20": 0.11783,
            "map_at_50": 0.12274,
            "map_at_100": 0.12461,
            "recall_at_1": 0.07317,
            "recall_at_3": 0.13304,
            "recall_at_5": 0.16186,
            "recall_at_10": 0.21951,
            "recall_at_20": 0.30155,
            "recall_at_50": 0.45233,
            "recall_at_100": 0.58093,
            "precision_at_1": 0.07317,
            "precision_at_3": 0.04435,
            "precision_at_5": 0.03237,
            "precision_at_10": 0.02195,
            "precision_at_20": 0.01508,
            "precision_at_50": 0.00905,
            "precision_at_100": 0.00581,
            "mrr_at_1": 0.07317073170731707,
            "mrr_at_3": 0.09830007390982999,
            "mrr_at_5": 0.10484109386548413,
            "mrr_at_10": 0.1122241579558653,
            "mrr_at_20": 0.11783019841513873,
            "mrr_at_50": 0.1227351372367589,
            "mrr_at_100": 0.12460791891127788,
            "naucs_at_1_max": 0.12025982529820782,
            "naucs_at_1_std": -0.04761217351657549,
            "naucs_at_1_diff1": 0.36251599396437884,
            "naucs_at_3_max": 0.024510873492006768,
            "naucs_at_3_std": -0.05837029747252124,
            "naucs_at_3_diff1": 0.22097986209322437,
            "naucs_at_5_max": 0.03595820524173138,
            "naucs_at_5_std": -0.04038720990562407,
            "naucs_at_5_diff1": 0.20800128710951715,
            "naucs_at_10_max": 0.04002139668192121,
            "naucs_at_10_std": -0.014030646078733083,
            "naucs_at_10_diff1": 0.1745591420097609,
            "naucs_at_20_max": 0.09316008827855647,
            "naucs_at_20_std": 0.012983126164409945,
            "naucs_at_20_diff1": 0.17349647375521185,
            "naucs_at_50_max": 0.06087239493505217,
            "naucs_at_50_std": 0.052247694494082404,
            "naucs_at_50_diff1": 0.1566778019671205,
            "naucs_at_100_max": 0.09174360315381551,
            "naucs_at_100_std": 0.07239555875987534,
            "naucs_at_100_diff1": 0.2057682842033964
        },
        "vidore/tabfquad_test_subsampled": {
            "ndcg_at_1": 0.125,
            "ndcg_at_3": 0.17712,
            "ndcg_at_5": 0.20249,
            "ndcg_at_10": 0.22523,
            "ndcg_at_20": 0.26876,
            "ndcg_at_50": 0.34092,
            "ndcg_at_100": 0.36104,
            "map_at_1": 0.125,
            "map_at_3": 0.16429,
            "map_at_5": 0.17857,
            "map_at_10": 0.18775,
            "map_at_20": 0.19932,
            "map_at_50": 0.21118,
            "map_at_100": 0.21325,
            "recall_at_1": 0.125,
            "recall_at_3": 0.21429,
            "recall_at_5": 0.275,
            "recall_at_10": 0.34643,
            "recall_at_20": 0.52143,
            "recall_at_50": 0.88214,
            "recall_at_100": 1.0,
            "precision_at_1": 0.125,
            "precision_at_3": 0.07143,
            "precision_at_5": 0.055,
            "precision_at_10": 0.03464,
            "precision_at_20": 0.02607,
            "precision_at_50": 0.01764,
            "precision_at_100": 0.01,
            "mrr_at_1": 0.125,
            "mrr_at_3": 0.1642857142857143,
            "mrr_at_5": 0.1785714285714286,
            "mrr_at_10": 0.18775368480725632,
            "mrr_at_20": 0.19932329128743903,
            "mrr_at_50": 0.2111799955640055,
            "mrr_at_100": 0.21325209977362386,
            "naucs_at_1_max": 0.09782528263103807,
            "naucs_at_1_std": 0.10585817060637205,
            "naucs_at_1_diff1": 0.16069064748201445,
            "naucs_at_3_max": 0.028766969594973817,
            "naucs_at_3_std": 0.1354762706159543,
            "naucs_at_3_diff1": 0.07179961853472462,
            "naucs_at_5_max": -0.024564969136578685,
            "naucs_at_5_std": 0.11742689117059667,
            "naucs_at_5_diff1": 0.020661136236725247,
            "naucs_at_10_max": -0.01236326586446157,
            "naucs_at_10_std": 0.12392039585092379,
            "naucs_at_10_diff1": -0.011745338421407597,
            "naucs_at_20_max": -0.05765357257538746,
            "naucs_at_20_std": 0.1448491276552269,
            "naucs_at_20_diff1": 0.002199106734521382,
            "naucs_at_50_max": -0.07949657939554852,
            "naucs_at_50_std": 0.1737291804982262,
            "naucs_at_50_diff1": 0.07743267038074131,
            "naucs_at_100_max": 1.0,
            "naucs_at_100_std": 1.0,
            "naucs_at_100_diff1": 1.0
        },
        "vidore/tatdqa_test": {
            "ndcg_at_1": 0.0158,
            "ndcg_at_3": 0.02802,
            "ndcg_at_5": 0.0328,
            "ndcg_at_10": 0.04118,
            "ndcg_at_20": 0.05228,