{
    "metadata": {
        "timestamp": "2025-03-31T12:27:06.272645",
        "vidore_benchmark_version": "5.0.0"
    },
    "metrics": {
        "vidore/syntheticDocQA_healthcare_industry_test": {
            "ndcg_at_1": 0.17,
            "ndcg_at_3": 0.19524,
            "ndcg_at_5": 0.20772,
            "ndcg_at_10": 0.21374,
            "ndcg_at_20": 0.22103,
            "ndcg_at_50": 0.25173,
            "ndcg_at_100": 0.2848,
            "map_at_1": 0.17,
            "map_at_3": 0.19,
            "map_at_5": 0.197,
            "map_at_10": 0.19922,
            "map_at_20": 0.20108,
            "map_at_50": 0.20559,
            "map_at_100": 0.20869,
            "recall_at_1": 0.17,
            "recall_at_3": 0.21,
            "recall_at_5": 0.24,
            "recall_at_10": 0.26,
            "recall_at_20": 0.29,
            "recall_at_50": 0.45,
            "recall_at_100": 0.65,
            "precision_at_1": 0.17,
            "precision_at_3": 0.07,
            "precision_at_5": 0.048,
            "precision_at_10": 0.026,
            "precision_at_20": 0.0145,
            "precision_at_50": 0.009,
            "precision_at_100": 0.0065,
            "mrr_at_1": 0.17,
            "mrr_at_3": 0.19,
            "mrr_at_5": 0.19699999999999998,
            "mrr_at_10": 0.19922222222222222,
            "mrr_at_20": 0.20108187134502922,
            "mrr_at_50": 0.20559198376656632,
            "mrr_at_100": 0.2086940143330101,
            "naucs_at_1_max": 0.517922954216249,
            "naucs_at_1_std": 0.1114065164377785,
            "naucs_at_1_diff1": 0.34276389372742455,
            "naucs_at_3_max": 0.47185139436552825,
            "naucs_at_3_std": 0.09447796411547679,
            "naucs_at_3_diff1": 0.2595531062441604,
            "naucs_at_5_max": 0.41799964054636934,
            "naucs_at_5_std": 0.11842499400910608,
            "naucs_at_5_diff1": 0.26475257608435143,
            "naucs_at_10_max": 0.427987048654274,
            "naucs_at_10_std": 0.1458038218033593,
            "naucs_at_10_diff1": 0.30862073949871355,
            "naucs_at_20_max": 0.4157246267324147,
            "naucs_at_20_std": 0.1784816559757152,
            "naucs_at_20_diff1": 0.3228163674573849,
            "naucs_at_50_max": 0.3837490997184571,
            "naucs_at_50_std": 0.19097754206770085,
            "naucs_at_50_diff1": 0.2934852353827014,
            "naucs_at_100_max": 0.3920091138416471,
            "naucs_at_100_std": 0.09514199690780353,
            "naucs_at_100_diff1": 0.3482463992188136
        }
    }
}