{
    "metadata": {
        "timestamp": "2025-03-31T12:12:54.469435",
        "vidore_benchmark_version": "5.0.0"
    },
    "metrics": {
        "vidore/arxivqa_test_subsampled": {
            "ndcg_at_1": 0.194,
            "ndcg_at_3": 0.23428,
            "ndcg_at_5": 0.25399,
            "ndcg_at_10": 0.27746,
            "ndcg_at_20": 0.29815,
            "ndcg_at_50": 0.32351,
            "ndcg_at_100": 0.34405,
            "map_at_1": 0.194,
            "map_at_3": 0.22467,
            "map_at_5": 0.23557,
            "map_at_10": 0.24536,
            "map_at_20": 0.25102,
            "map_at_50": 0.25524,
            "map_at_100": 0.25699,
            "recall_at_1": 0.194,
            "recall_at_3": 0.262,
            "recall_at_5": 0.31,
            "recall_at_10": 0.382,
            "recall_at_20": 0.464,
            "recall_at_50": 0.59,
            "recall_at_100": 0.718,
            "precision_at_1": 0.194,
            "precision_at_3": 0.08733,
            "precision_at_5": 0.062,
            "precision_at_10": 0.0382,
            "precision_at_20": 0.0232,
            "precision_at_50": 0.0118,
            "precision_at_100": 0.00718,
            "mrr_at_1": 0.194,
            "mrr_at_3": 0.22466666666666663,
            "mrr_at_5": 0.2355666666666667,
            "mrr_at_10": 0.24536031746031747,
            "mrr_at_20": 0.25101822261845486,
            "mrr_at_50": 0.25524045019057034,
            "mrr_at_100": 0.25698538286605843,
            "naucs_at_1_max": 0.45616095322842626,
            "naucs_at_1_std": -0.09688090268244365,
            "naucs_at_1_diff1": 0.49830465863267814,
            "naucs_at_3_max": 0.3924181183865958,
            "naucs_at_3_std": -0.10766974824050675,
            "naucs_at_3_diff1": 0.38430557996295184,
            "naucs_at_5_max": 0.34086074996302623,
            "naucs_at_5_std": -0.09092864729687923,
            "naucs_at_5_diff1": 0.3439208357422323,
            "naucs_at_10_max": 0.28690953188417473,
            "naucs_at_10_std": -0.06333469229830402,
            "naucs_at_10_diff1": 0.27416728772231386,
            "naucs_at_20_max": 0.2243962903701211,
            "naucs_at_20_std": -0.030390753294875377,
            "naucs_at_20_diff1": 0.2522606214998528,
            "naucs_at_50_max": 0.1447077640981996,
            "naucs_at_50_std": -0.09064815765917779,
            "naucs_at_50_diff1": 0.22972397904529962,
            "naucs_at_100_max": 0.15254127991442465,
            "naucs_at_100_std": 0.030546947012256007,
            "naucs_at_100_diff1": 0.19091367727888314
        }
    }
}