{
    "metadata": {
        "timestamp": "2025-03-31T12:14:49.592686",
        "vidore_benchmark_version": "5.0.0"
    },
    "metrics": {
        "vidore/tabfquad_test_subsampled": {
            "ndcg_at_1": 0.125,
            "ndcg_at_3": 0.17712,
            "ndcg_at_5": 0.20249,
            "ndcg_at_10": 0.22523,
            "ndcg_at_20": 0.26876,
            "ndcg_at_50": 0.34092,
            "ndcg_at_100": 0.36104,
            "map_at_1": 0.125,
            "map_at_3": 0.16429,
            "map_at_5": 0.17857,
            "map_at_10": 0.18775,
            "map_at_20": 0.19932,
            "map_at_50": 0.21118,
            "map_at_100": 0.21325,
            "recall_at_1": 0.125,
            "recall_at_3": 0.21429,
            "recall_at_5": 0.275,
            "recall_at_10": 0.34643,
            "recall_at_20": 0.52143,
            "recall_at_50": 0.88214,
            "recall_at_100": 1.0,
            "precision_at_1": 0.125,
            "precision_at_3": 0.07143,
            "precision_at_5": 0.055,
            "precision_at_10": 0.03464,
            "precision_at_20": 0.02607,
            "precision_at_50": 0.01764,
            "precision_at_100": 0.01,
            "mrr_at_1": 0.125,
            "mrr_at_3": 0.1642857142857143,
            "mrr_at_5": 0.1785714285714286,
            "mrr_at_10": 0.18775368480725632,
            "mrr_at_20": 0.19932329128743903,
            "mrr_at_50": 0.2111799955640055,
            "mrr_at_100": 0.21325209977362386,
            "naucs_at_1_max": 0.09782528263103807,
            "naucs_at_1_std": 0.10585817060637205,
            "naucs_at_1_diff1": 0.16069064748201445,
            "naucs_at_3_max": 0.028766969594973817,
            "naucs_at_3_std": 0.1354762706159543,
            "naucs_at_3_diff1": 0.07179961853472462,
            "naucs_at_5_max": -0.024564969136578685,
            "naucs_at_5_std": 0.11742689117059667,
            "naucs_at_5_diff1": 0.020661136236725247,
            "naucs_at_10_max": -0.01236326586446157,
            "naucs_at_10_std": 0.12392039585092379,
            "naucs_at_10_diff1": -0.011745338421407597,
            "naucs_at_20_max": -0.05765357257538746,
            "naucs_at_20_std": 0.1448491276552269,
            "naucs_at_20_diff1": 0.002199106734521382,
            "naucs_at_50_max": -0.07949657939554852,
            "naucs_at_50_std": 0.1737291804982262,
            "naucs_at_50_diff1": 0.07743267038074131,
            "naucs_at_100_max": 1.0,
            "naucs_at_100_std": 1.0,
            "naucs_at_100_diff1": 1.0
        }
    }
}