{
    "metadata": {
        "timestamp": "2025-03-31T12:19:47.973603",
        "vidore_benchmark_version": "5.0.0"
    },
    "metrics": {
        "vidore/shiftproject_test": {
            "ndcg_at_1": 0.02,
            "ndcg_at_3": 0.02631,
            "ndcg_at_5": 0.03835,
            "ndcg_at_10": 0.04151,
            "ndcg_at_20": 0.05132,
            "ndcg_at_50": 0.07306,
            "ndcg_at_100": 0.0925,
            "map_at_1": 0.02,
            "map_at_3": 0.025,
            "map_at_5": 0.0315,
            "map_at_10": 0.03275,
            "map_at_20": 0.03527,
            "map_at_50": 0.03873,
            "map_at_100": 0.04043,
            "recall_at_1": 0.02,
            "recall_at_3": 0.03,
            "recall_at_5": 0.06,
            "recall_at_10": 0.07,
            "recall_at_20": 0.11,
            "recall_at_50": 0.22,
            "recall_at_100": 0.34,
            "precision_at_1": 0.02,
            "precision_at_3": 0.01,
            "precision_at_5": 0.012,
            "precision_at_10": 0.007,
            "precision_at_20": 0.0055,
            "precision_at_50": 0.0044,
            "precision_at_100": 0.0034,
            "mrr_at_1": 0.02,
            "mrr_at_3": 0.025,
            "mrr_at_5": 0.0315,
            "mrr_at_10": 0.03275,
            "mrr_at_20": 0.035274743230625585,
            "mrr_at_50": 0.03872892567217225,
            "mrr_at_100": 0.04042883919870781,
            "naucs_at_1_max": 1.0,
            "naucs_at_1_std": 0.17171988194258103,
            "naucs_at_1_diff1": 0.8309632412127715,
            "naucs_at_3_max": 0.5605044271532065,
            "naucs_at_3_std": -0.07709507199713805,
            "naucs_at_3_diff1": 0.41561577676415334,
            "naucs_at_5_max": 0.15092567748859678,
            "naucs_at_5_std": -0.026384044360969413,
            "naucs_at_5_diff1": 0.22560593864591733,
            "naucs_at_10_max": 0.11928398942082882,
            "naucs_at_10_std": -0.09398597109893045,
            "naucs_at_10_diff1": 0.18329564184138938,
            "naucs_at_20_max": -0.10735586481113325,
            "naucs_at_20_std": -0.13138888189848252,
            "naucs_at_20_diff1": -0.0019377406447392033,
            "naucs_at_50_max": 0.013985144668552035,
            "naucs_at_50_std": -0.05002020076452116,
            "naucs_at_50_diff1": -0.13001522826863912,
            "naucs_at_100_max": 0.2334190095127056,
            "naucs_at_100_std": 0.05629454940512453,
            "naucs_at_100_diff1": 0.012798431330983727
        }
    }
}