{
    "metadata": {
        "timestamp": "2025-03-31T12:25:25.732288",
        "vidore_benchmark_version": "5.0.0"
    },
    "metrics": {
        "vidore/syntheticDocQA_government_reports_test": {
            "ndcg_at_1": 0.15,
            "ndcg_at_3": 0.20155,
            "ndcg_at_5": 0.21403,
            "ndcg_at_10": 0.22048,
            "ndcg_at_20": 0.23306,
            "ndcg_at_50": 0.25492,
            "ndcg_at_100": 0.2746,
            "map_at_1": 0.15,
            "map_at_3": 0.18833,
            "map_at_5": 0.19533,
            "map_at_10": 0.198,
            "map_at_20": 0.20142,
            "map_at_50": 0.20495,
            "map_at_100": 0.20675,
            "recall_at_1": 0.15,
            "recall_at_3": 0.24,
            "recall_at_5": 0.27,
            "recall_at_10": 0.29,
            "recall_at_20": 0.34,
            "recall_at_50": 0.45,
            "recall_at_100": 0.57,
            "precision_at_1": 0.15,
            "precision_at_3": 0.08,
            "precision_at_5": 0.054,
            "precision_at_10": 0.029,
            "precision_at_20": 0.017,
            "precision_at_50": 0.009,
            "precision_at_100": 0.0057,
            "mrr_at_1": 0.15,
            "mrr_at_3": 0.18833333333333332,
            "mrr_at_5": 0.1953333333333333,
            "mrr_at_10": 0.19799999999999998,
            "mrr_at_20": 0.20141953368269155,
            "mrr_at_50": 0.2049476981910461,
            "mrr_at_100": 0.20674683837103697,
            "naucs_at_1_max": 0.4102207438766253,
            "naucs_at_1_std": 0.15566979135167824,
            "naucs_at_1_diff1": 0.38482007862110673,
            "naucs_at_3_max": 0.4429367361610353,
            "naucs_at_3_std": 0.1598070932183081,
            "naucs_at_3_diff1": 0.3894680086268872,
            "naucs_at_5_max": 0.4120814331784793,
            "naucs_at_5_std": 0.16141726690249875,
            "naucs_at_5_diff1": 0.3698163065251671,
            "naucs_at_10_max": 0.3740367841984531,
            "naucs_at_10_std": 0.16437509443292161,
            "naucs_at_10_diff1": 0.32836558933011006,
            "naucs_at_20_max": 0.3745197276027454,
            "naucs_at_20_std": 0.1611595431781447,
            "naucs_at_20_diff1": 0.3420731868888948,
            "naucs_at_50_max": 0.3324952530609574,
            "naucs_at_50_std": 0.1846264650036008,
            "naucs_at_50_diff1": 0.18567406534407116,
            "naucs_at_100_max": 0.2898494568103216,
            "naucs_at_100_std": 0.25054175456724226,
            "naucs_at_100_diff1": 0.05269729194471972
        }
    }
}