{
    "metadata": {
        "timestamp": "2025-03-31T12:14:35.457756",
        "vidore_benchmark_version": "5.0.0"
    },
    "metrics": {
        "vidore/infovqa_test_subsampled": {
            "ndcg_at_1": 0.26518,
            "ndcg_at_3": 0.32656,
            "ndcg_at_5": 0.35548,
            "ndcg_at_10": 0.37851,
            "ndcg_at_20": 0.4037,
            "ndcg_at_50": 0.43085,
            "ndcg_at_100": 0.44402,
            "map_at_1": 0.26518,
            "map_at_3": 0.3114,
            "map_at_5": 0.32729,
            "map_at_10": 0.33687,
            "map_at_20": 0.34358,
            "map_at_50": 0.34787,
            "map_at_100": 0.34904,
            "recall_at_1": 0.26518,
            "recall_at_3": 0.37045,
            "recall_at_5": 0.4413,
            "recall_at_10": 0.51215,
            "recall_at_20": 0.61336,
            "recall_at_50": 0.75101,
            "recall_at_100": 0.83198,
            "precision_at_1": 0.26518,
            "precision_at_3": 0.12348,
            "precision_at_5": 0.08826,
            "precision_at_10": 0.05121,
            "precision_at_20": 0.03067,
            "precision_at_50": 0.01502,
            "precision_at_100": 0.00832,
            "mrr_at_1": 0.2651821862348178,
            "mrr_at_3": 0.3114035087719298,
            "mrr_at_5": 0.327294197031039,
            "mrr_at_10": 0.33687423687423673,
            "mrr_at_20": 0.3435764718218402,
            "mrr_at_50": 0.347868120891548,
            "mrr_at_100": 0.3490396764502791,
            "naucs_at_1_max": 0.22725907310977225,
            "naucs_at_1_std": -0.05555633255154067,
            "naucs_at_1_diff1": 0.46552534956006875,
            "naucs_at_3_max": 0.262760949249393,
            "naucs_at_3_std": 0.005926985746904812,
            "naucs_at_3_diff1": 0.4071992932728183,
            "naucs_at_5_max": 0.20131834403466364,
            "naucs_at_5_std": -0.012424200647473432,
            "naucs_at_5_diff1": 0.3381884916533942,
            "naucs_at_10_max": 0.20143586047292864,
            "naucs_at_10_std": 0.03748395663221178,
            "naucs_at_10_diff1": 0.30830976550271083,
            "naucs_at_20_max": 0.22773274626635015,
            "naucs_at_20_std": 0.07353037392687715,
            "naucs_at_20_diff1": 0.2860181621323394,
            "naucs_at_50_max": 0.2623924818163401,
            "naucs_at_50_std": 0.20868433043200527,
            "naucs_at_50_diff1": 0.283937968435007,
            "naucs_at_100_max": 0.2642917251934298,
            "naucs_at_100_std": 0.29308298721238213,
            "naucs_at_100_diff1": 0.2564427320022936
        }
    }
}