{
    "metadata": {
        "timestamp": "2025-03-31T12:18:06.741998",
        "vidore_benchmark_version": "5.0.0"
    },
    "metrics": {
        "vidore/tatdqa_test": {
            "ndcg_at_1": 0.0158,
            "ndcg_at_3": 0.02802,
            "ndcg_at_5": 0.0328,
            "ndcg_at_10": 0.04118,
            "ndcg_at_20": 0.05228,
            "ndcg_at_50": 0.07692,
            "ndcg_at_100": 0.10794,
            "map_at_1": 0.0158,
            "map_at_3": 0.02491,
            "map_at_5": 0.02758,
            "map_at_10": 0.031,
            "map_at_20": 0.03399,
            "map_at_50": 0.03781,
            "map_at_100": 0.04051,
            "recall_at_1": 0.0158,
            "recall_at_3": 0.03706,
            "recall_at_5": 0.0486,
            "recall_at_10": 0.07473,
            "recall_at_20": 0.11908,
            "recall_at_50": 0.24484,
            "recall_at_100": 0.43682,
            "precision_at_1": 0.0158,
            "precision_at_3": 0.01235,
            "precision_at_5": 0.00972,
            "precision_at_10": 0.00747,
            "precision_at_20": 0.00595,
            "precision_at_50": 0.0049,
            "precision_at_100": 0.00437,
            "mrr_at_1": 0.015795868772782502,
            "mrr_at_3": 0.02490886998784934,
            "mrr_at_5": 0.02758201701093561,
            "mrr_at_10": 0.031003731990973806,
            "mrr_at_20": 0.03398397803628708,
            "mrr_at_50": 0.03780152794777398,
            "mrr_at_100": 0.04051163679356784,
            "naucs_at_1_max": 0.37768627847426967,
            "naucs_at_1_std": 0.08918421070395563,
            "naucs_at_1_diff1": 0.4668179771401452,
            "naucs_at_3_max": 0.26401253705627126,
            "naucs_at_3_std": 0.15143117653948604,
            "naucs_at_3_diff1": 0.25305680385702695,
            "naucs_at_5_max": 0.19373179609836738,
            "naucs_at_5_std": 0.11509578090146863,
            "naucs_at_5_diff1": 0.21679819158947974,
            "naucs_at_10_max": 0.1419629098861985,
            "naucs_at_10_std": 0.08902812942300867,
            "naucs_at_10_diff1": 0.13005574395144884,
            "naucs_at_20_max": 0.11012969448282328,
            "naucs_at_20_std": 0.08844711041409134,
            "naucs_at_20_diff1": 0.11118707019441564,
            "naucs_at_50_max": 0.050972645146341415,
            "naucs_at_50_std": 0.03141820413541032,
            "naucs_at_50_diff1": 0.09139614521280372,
            "naucs_at_100_max": -0.0013902169449798443,
            "naucs_at_100_std": -0.018452319538778773,
            "naucs_at_100_diff1": 0.06992819597017841
        }
    }
}