Model,ArxivQ,DocQ,InfoQ,TabF,TATQ,Shift,AI,Energy,Gov.,Health
blip2-flan-t5-xl_seg_2x2,0.726,0.5539999999999999,0.43099999999999994,3.673,0.868,0.0,0.0,0.0,0.0,0.0
blip_Salesforce_blip-vqa-base_seg_2x2,0.4,0.362,0.255,3.665,0.662,0.0,0.0,0.0,0.0,0.0
clip_openai_clip-vit-base-patch32_seg_2x2,6.5360000000000005,4.387,33.336,7.836,2.749,4.7620000000000005,5.762,20.024,7.2620000000000005,12.786
jina-clip-v1_jinaai_jina-clip-v1_seg_2x2,27.023999999999997,19.929,47.281,23.155,15.193000000000001,18.917,46.678,48.702,56.464000000000006,52.178000000000004
llava-interleave_llava-hf_llava-interleave-qwen-0.5b-hf_seg_2x2,0.2,1.027,0.0,0.0,0.0,0.0,0.0,0.0,0.0,0.0
siglip_google_siglip-so400m-patch14-384_seg_2x2,35.512,23.767,59.21300000000001,39.222,19.499,16.417,53.964,51.94,0.0,0.0
vit_google_vit-base-patch16-224-in21k_seg_2x2,0.752,0.47200000000000003,0.43099999999999994,3.27,0.868,0.5,0.0,0.0,0.0,1.0
