Model,ArxivQ,DocQ,InfoQ,TabF,TATQ,Shift,AI,Energy,Gov.,Health
blip2-flan-t5-xl_seg_2x2,0.898,0.65,0.6930000000000001,5.41,1.239,0.0,0.0,0.0,0.0,0.0
blip_Salesforce_blip-vqa-base_seg_2x2,0.5640000000000001,0.553,0.49899999999999994,4.849,0.96,0.387,0.387,0.0,0.0,0.387
clip_openai_clip-vit-base-patch32_seg_2x2,7.593999999999999,4.75,36.01,9.434,3.29,5.536,8.171000000000001,21.227999999999998,8.554,12.786
jina-clip-v1_jinaai_jina-clip-v1_seg_2x2,29.132,21.551000000000002,49.685,25.676,16.936999999999998,21.457,50.854,52.059999999999995,59.69,54.63099999999999
llava-interleave_llava-hf_llava-interleave-qwen-0.5b-hf_seg_2x2,0.27699999999999997,1.294,0.0,0.0,0.0,0.0,0.0,0.0,0.0,0.0
siglip_google_siglip-so400m-patch14-384_seg_2x2,38.36,26.381,62.741,43.479,21.742,17.665,56.803000000000004,57.962,0.0,0.0
vit_google_vit-base-patch16-224-in21k_seg_2x2,1.002,0.47200000000000003,0.675,3.9759999999999995,1.111,0.5,0.387,0.0,0.818,1.0
