{
    "metadata": {
        "timestamp": "2025-03-29T21:33:51.516724",
        "vidore_benchmark_version": "5.0.0"
    },
    "metrics": {
        "vidore/docvqa_test_subsampled": {
            "ndcg_at_1": 0.00222,
            "ndcg_at_3": 0.00502,
            "ndcg_at_5": 0.00597,
            "ndcg_at_10": 0.00945,
            "ndcg_at_20": 0.01407,
            "ndcg_at_50": 0.0243,
            "ndcg_at_100": 0.04359,
            "map_at_1": 0.00222,
            "map_at_3": 0.00443,
            "map_at_5": 0.00499,
            "map_at_10": 0.00637,
            "map_at_20": 0.00771,
            "map_at_50": 0.00939,
            "map_at_100": 0.01105,
            "recall_at_1": 0.00222,
            "recall_at_3": 0.00665,
            "recall_at_5": 0.00887,
            "recall_at_10": 0.01996,
            "recall_at_20": 0.03769,
            "recall_at_50": 0.08869,
            "recall_at_100": 0.20843,
            "precision_at_1": 0.00222,
            "precision_at_3": 0.00222,
            "precision_at_5": 0.00177,
            "precision_at_10": 0.002,
            "precision_at_20": 0.00188,
            "precision_at_50": 0.00177,
            "precision_at_100": 0.00208,
            "mrr_at_1": 0.0022172949002217295,
            "mrr_at_3": 0.004434589800443459,
            "mrr_at_5": 0.004988913525498891,
            "mrr_at_10": 0.006365044169922219,
            "mrr_at_20": 0.007706706615993169,
            "mrr_at_50": 0.009392803454409748,
            "mrr_at_100": 0.011051996232649726,
            "naucs_at_1_max": -0.3178947314928123,
            "naucs_at_1_std": -0.07042306408437554,
            "naucs_at_1_diff1": 0.6619716639733553,
            "naucs_at_3_max": -0.1790661196855592,
            "naucs_at_3_std": 0.015961955122433775,
            "naucs_at_3_diff1": 0.4159343464361325,
            "naucs_at_5_max": -0.05331375777749175,
            "naucs_at_5_std": 0.17746438233516432,
            "naucs_at_5_diff1": 0.5619507598270994,
            "naucs_at_10_max": -0.1116285017416142,
            "naucs_at_10_std": 0.02601109234365773,
            "naucs_at_10_diff1": 0.23412262468786119,
            "naucs_at_20_max": -0.0780791645298436,
            "naucs_at_20_std": -0.0914699061385702,
            "naucs_at_20_diff1": 0.16046771700088916,
            "naucs_at_50_max": -0.12499615786225414,
            "naucs_at_50_std": -0.11753724807690899,
            "naucs_at_50_diff1": 0.04948523534642895,
            "naucs_at_100_max": -0.07313723783159264,
            "naucs_at_100_std": -0.06497690429487417,
            "naucs_at_100_diff1": 0.05200802599916809
        }
    }
}