{
    "metadata": {
        "timestamp": "2025-03-29T21:48:32.073994",
        "vidore_benchmark_version": "5.0.0"
    },
    "metrics": {
        "vidore/syntheticDocQA_government_reports_test": {
            "ndcg_at_1": 0.0,
            "ndcg_at_3": 0.0,
            "ndcg_at_5": 0.0,
            "ndcg_at_10": 0.0,
            "ndcg_at_20": 0.0,
            "ndcg_at_50": 0.00439,
            "ndcg_at_100": 0.00925,
            "map_at_1": 0.0,
            "map_at_3": 0.0,
            "map_at_5": 0.0,
            "map_at_10": 0.0,
            "map_at_20": 0.0,
            "map_at_50": 0.00089,
            "map_at_100": 0.00131,
            "recall_at_1": 0.0,
            "recall_at_3": 0.0,
            "recall_at_5": 0.0,
            "recall_at_10": 0.0,
            "recall_at_20": 0.0,
            "recall_at_50": 0.02,
            "recall_at_100": 0.05,
            "precision_at_1": 0.0,
            "precision_at_3": 0.0,
            "precision_at_5": 0.0,
            "precision_at_10": 0.0,
            "precision_at_20": 0.0,
            "precision_at_50": 0.0004,
            "precision_at_100": 0.0005,
            "mrr_at_1": 0.0,
            "mrr_at_3": 0.0,
            "mrr_at_5": 0.0,
            "mrr_at_10": 0.0,
            "mrr_at_20": 0.0,
            "mrr_at_50": 0.0008893280632411067,
            "mrr_at_100": 0.001310533997636098,
            "naucs_at_1_max": null,
            "naucs_at_1_std": null,
            "naucs_at_1_diff1": null,
            "naucs_at_3_max": null,
            "naucs_at_3_std": null,
            "naucs_at_3_diff1": null,
            "naucs_at_5_max": null,
            "naucs_at_5_std": null,
            "naucs_at_5_diff1": null,
            "naucs_at_10_max": null,
            "naucs_at_10_std": null,
            "naucs_at_10_diff1": null,
            "naucs_at_20_max": null,
            "naucs_at_20_std": null,
            "naucs_at_20_diff1": null,
            "naucs_at_50_max": -0.4150791521330831,
            "naucs_at_50_std": -0.31848671854038113,
            "naucs_at_50_diff1": -0.05366246310705669,
            "naucs_at_100_max": 0.0664341293265359,
            "naucs_at_100_std": 0.02243090957874955,
            "naucs_at_100_diff1": 0.16028977730077815
        }
    }
}