{
    "metadata": {
        "timestamp": "2025-03-29T21:35:02.666400",
        "vidore_benchmark_version": "5.0.0"
    },
    "metrics": {
        "vidore/infovqa_test_subsampled": {
            "ndcg_at_1": 0.0,
            "ndcg_at_3": 0.00229,
            "ndcg_at_5": 0.0056,
            "ndcg_at_10": 0.00696,
            "ndcg_at_20": 0.01305,
            "ndcg_at_50": 0.02378,
            "ndcg_at_100": 0.04096,
            "map_at_1": 0.0,
            "map_at_3": 0.00169,
            "map_at_5": 0.00351,
            "map_at_10": 0.0041,
            "map_at_20": 0.00575,
            "map_at_50": 0.00742,
            "map_at_100": 0.00887,
            "recall_at_1": 0.0,
            "recall_at_3": 0.00405,
            "recall_at_5": 0.01215,
            "recall_at_10": 0.01619,
            "recall_at_20": 0.04049,
            "recall_at_50": 0.09514,
            "recall_at_100": 0.20243,
            "precision_at_1": 0.0,
            "precision_at_3": 0.00135,
            "precision_at_5": 0.00243,
            "precision_at_10": 0.00162,
            "precision_at_20": 0.00202,
            "precision_at_50": 0.0019,
            "precision_at_100": 0.00202,
            "mrr_at_1": 0.0,
            "mrr_at_3": 0.0016869095816464236,
            "mrr_at_5": 0.003508771929824561,
            "mrr_at_10": 0.00409919028340081,
            "mrr_at_20": 0.005747360809264646,
            "mrr_at_50": 0.007420773109017467,
            "mrr_at_100": 0.008870812537201246,
            "naucs_at_1_max": null,
            "naucs_at_1_std": null,
            "naucs_at_1_diff1": null,
            "naucs_at_3_max": -0.5360630675187952,
            "naucs_at_3_std": -0.5360630675187952,
            "naucs_at_3_diff1": 0.12282784367335586,
            "naucs_at_5_max": 0.08787593290085174,
            "naucs_at_5_std": -0.01935729603633601,
            "naucs_at_5_diff1": 0.21028012478000987,
            "naucs_at_10_max": 0.23130760977462794,
            "naucs_at_10_std": 0.12273126827068061,
            "naucs_at_10_diff1": 0.10638750894971101,
            "naucs_at_20_max": 0.09375452510519168,
            "naucs_at_20_std": 0.023715795240480935,
            "naucs_at_20_diff1": 0.1324131682999338,
            "naucs_at_50_max": 0.02976824928550806,
            "naucs_at_50_std": 0.03598978763489636,
            "naucs_at_50_diff1": 0.01056048429551327,
            "naucs_at_100_max": -0.027963013206105627,
            "naucs_at_100_std": 0.0228609910630862,
            "naucs_at_100_diff1": -0.06001919498709743
        }
    }
}