{
    "metadata": {
        "timestamp": "2025-03-29T21:46:23.971314",
        "vidore_benchmark_version": "5.0.0"
    },
    "metrics": {
        "vidore/syntheticDocQA_energy_test": {
            "ndcg_at_1": 0.0,
            "ndcg_at_3": 0.0,
            "ndcg_at_5": 0.00387,
            "ndcg_at_10": 0.00387,
            "ndcg_at_20": 0.00387,
            "ndcg_at_50": 0.00587,
            "ndcg_at_100": 0.01401,
            "map_at_1": 0.0,
            "map_at_3": 0.0,
            "map_at_5": 0.002,
            "map_at_10": 0.002,
            "map_at_20": 0.002,
            "map_at_50": 0.00232,
            "map_at_100": 0.00304,
            "recall_at_1": 0.0,
            "recall_at_3": 0.0,
            "recall_at_5": 0.01,
            "recall_at_10": 0.01,
            "recall_at_20": 0.01,
            "recall_at_50": 0.02,
            "recall_at_100": 0.07,
            "precision_at_1": 0.0,
            "precision_at_3": 0.0,
            "precision_at_5": 0.002,
            "precision_at_10": 0.001,
            "precision_at_20": 0.0005,
            "precision_at_50": 0.0004,
            "precision_at_100": 0.0007,
            "mrr_at_1": 0.0,
            "mrr_at_3": 0.0,
            "mrr_at_5": 0.002,
            "mrr_at_10": 0.002,
            "mrr_at_20": 0.002,
            "mrr_at_50": 0.0023225806451612906,
            "mrr_at_100": 0.00304315663487074,
            "naucs_at_1_max": null,
            "naucs_at_1_std": null,
            "naucs_at_1_diff1": null,
            "naucs_at_3_max": null,
            "naucs_at_3_std": null,
            "naucs_at_3_diff1": null,
            "naucs_at_5_max": -0.20579554601556224,
            "naucs_at_5_std": -0.4995975315266972,
            "naucs_at_5_diff1": 1.0,
            "naucs_at_10_max": -0.20579554601556224,
            "naucs_at_10_std": -0.4995975315266972,
            "naucs_at_10_diff1": 1.0,
            "naucs_at_20_max": -0.20579554601556224,
            "naucs_at_20_std": -0.4995975315266972,
            "naucs_at_20_diff1": 1.0,
            "naucs_at_50_max": 0.2280654682049906,
            "naucs_at_50_std": -0.20056345586262417,
            "naucs_at_50_diff1": 0.5492353099007244,
            "naucs_at_100_max": 0.05220591053700794,
            "naucs_at_100_std": -0.22733719191996646,
            "naucs_at_100_diff1": 0.5379661926482425
        }
    }
}