{
    "metadata": {
        "timestamp": "2025-03-29T21:39:58.743564",
        "vidore_benchmark_version": "5.0.0"
    },
    "metrics": {
        "vidore/tatdqa_test": {
            "ndcg_at_1": 0.00365,
            "ndcg_at_3": 0.00769,
            "ndcg_at_5": 0.01012,
            "ndcg_at_10": 0.01701,
            "ndcg_at_20": 0.02521,
            "ndcg_at_50": 0.045,
            "ndcg_at_100": 0.07439,
            "map_at_1": 0.00365,
            "map_at_3": 0.00658,
            "map_at_5": 0.00789,
            "map_at_10": 0.01063,
            "map_at_20": 0.01283,
            "map_at_50": 0.01593,
            "map_at_100": 0.01846,
            "recall_at_1": 0.00365,
            "recall_at_3": 0.01094,
            "recall_at_5": 0.01701,
            "recall_at_10": 0.03888,
            "recall_at_20": 0.07169,
            "recall_at_50": 0.17254,
            "recall_at_100": 0.3548,
            "precision_at_1": 0.00365,
            "precision_at_3": 0.00365,
            "precision_at_5": 0.0034,
            "precision_at_10": 0.00389,
            "precision_at_20": 0.00358,
            "precision_at_50": 0.00345,
            "precision_at_100": 0.00355,
            "mrr_at_1": 0.0036452004860267314,
            "mrr_at_3": 0.006581611988659378,
            "mrr_at_5": 0.007887808829485624,
            "mrr_at_10": 0.010627977395899628,
            "mrr_at_20": 0.012802910733605836,
            "mrr_at_50": 0.015927931493933237,
            "mrr_at_100": 0.01846334473582544,
            "naucs_at_1_max": -0.24200147225482196,
            "naucs_at_1_std": -0.16109015862877502,
            "naucs_at_1_diff1": -0.2970177163713347,
            "naucs_at_3_max": 0.03441430066156208,
            "naucs_at_3_std": -0.10335560200885145,
            "naucs_at_3_diff1": -0.1452753906754108,
            "naucs_at_5_max": 0.09985222883212583,
            "naucs_at_5_std": -0.019525109684953537,
            "naucs_at_5_diff1": -0.013155892048715567,
            "naucs_at_10_max": 0.06524109418730466,
            "naucs_at_10_std": 0.05176006338664421,
            "naucs_at_10_diff1": -0.005668869071338279,
            "naucs_at_20_max": -0.012799761782980212,
            "naucs_at_20_std": 0.017599321271309042,
            "naucs_at_20_diff1": -0.0008168289273279781,
            "naucs_at_50_max": -0.05112734885137692,
            "naucs_at_50_std": -0.00968591762442219,
            "naucs_at_50_diff1": 0.007252035387468042,
            "naucs_at_100_max": -0.0859419605893727,
            "naucs_at_100_std": -0.048778768237590676,
            "naucs_at_100_diff1": 0.055213023239902535
        }
    }
}