{
    "metadata": {
        "description": "Merged metrics for llava-interleave_llava-hf_llava-interleave-qwen-0.5b-hf_seg_2x2 on selected datasets",
        "datasets_included": [
            "arxivqa_test_subsampled",
            "docvqa_test_subsampled"
        ],
        "timestamp": "2025-04-01T21:46:24.270488",
        "vidore_benchmark_version": "5.0.0"
    },
    "metrics": {
        "vidore/arxivqa_test_subsampled": {
            "ndcg_at_1": 0.002,
            "ndcg_at_3": 0.002,
            "ndcg_at_5": 0.00277,
            "ndcg_at_10": 0.00979,
            "ndcg_at_20": 0.02173,
            "ndcg_at_50": 0.03933,
            "ndcg_at_100": 0.0611,
            "map_at_1": 0.002,
            "map_at_3": 0.002,
            "map_at_5": 0.0024,
            "map_at_10": 0.00523,
            "map_at_20": 0.00868,
            "map_at_50": 0.01141,
            "map_at_100": 0.01325,
            "recall_at_1": 0.002,
            "recall_at_3": 0.002,
            "recall_at_5": 0.004,
            "recall_at_10": 0.026,
            "recall_at_20": 0.072,
            "recall_at_50": 0.162,
            "recall_at_100": 0.298,
            "precision_at_1": 0.002,
            "precision_at_3": 0.00067,
            "precision_at_5": 0.0008,
            "precision_at_10": 0.0026,
            "precision_at_20": 0.0036,
            "precision_at_50": 0.00324,
            "precision_at_100": 0.00298,
            "mrr_at_1": 0.002,
            "mrr_at_3": 0.002,
            "mrr_at_5": 0.0028,
            "mrr_at_10": 0.0053246031746031755,
            "mrr_at_20": 0.008717995892995893,
            "mrr_at_50": 0.011232229362747412,
            "mrr_at_100": 0.013231619141943787,
            "naucs_at_1_max": -0.0705661389857795,
            "naucs_at_1_std": -0.3184867185403811,
            "naucs_at_1_diff1": -0.3184867185403811,
            "naucs_at_3_max": -0.07056613898577939,
            "naucs_at_3_std": -0.31848671854038096,
            "naucs_at_3_diff1": -0.31848671854038096,
            "naucs_at_5_max": -0.07056613898577936,
            "naucs_at_5_std": -0.11000804936946597,
            "naucs_at_5_diff1": -0.36678293533673195,
            "naucs_at_10_max": 0.09450785329508148,
            "naucs_at_10_std": -0.0693690532703145,
            "naucs_at_10_diff1": -0.16398010360983276,
            "naucs_at_20_max": 0.20611603017022934,
            "naucs_at_20_std": 0.09393166979697695,
            "naucs_at_20_diff1": -0.05756044480219416,
            "naucs_at_50_max": 0.10281287691142842,
            "naucs_at_50_std": 0.048784942186305,
            "naucs_at_50_diff1": 0.04073021417129906,
            "naucs_at_100_max": 0.1012598856424008,
            "naucs_at_100_std": 0.09300434060020125,
            "naucs_at_100_diff1": 0.020987249317460363
        },
        "vidore/docvqa_test_subsampled": {
            "ndcg_at_1": 0.00665,
            "ndcg_at_3": 0.01027,
            "ndcg_at_5": 0.01294,
            "ndcg_at_10": 0.0188,
            "ndcg_at_20": 0.02478,
            "ndcg_at_50": 0.03911,
            "ndcg_at_100": 0.06251,
            "map_at_1": 0.00665,
            "map_at_3": 0.00924,
            "map_at_5": 0.01068,
            "map_at_10": 0.01317,
            "map_at_20": 0.01471,
            "map_at_50": 0.01693,
            "map_at_100": 0.019,
            "recall_at_1": 0.00665,
            "recall_at_3": 0.0133,
            "recall_at_5": 0.01996,
            "recall_at_10": 0.03769,
            "recall_at_20": 0.06208,
            "recall_at_50": 0.13525,
            "recall_at_100": 0.27938,
            "precision_at_1": 0.00665,
            "precision_at_3": 0.00443,
            "precision_at_5": 0.00399,
            "precision_at_10": 0.00377,
            "precision_at_20": 0.0031,
            "precision_at_50": 0.00271,
            "precision_at_100": 0.00279,
            "mrr_at_1": 0.0066518847006651885,
            "mrr_at_3": 0.008499630450849963,
            "mrr_at_5": 0.010384331116038436,
            "mrr_at_10": 0.012902544609861686,
            "mrr_at_20": 0.014417264148254106,
            "mrr_at_50": 0.0167296796998066,
            "mrr_at_100": 0.018806302636720125,
            "naucs_at_1_max": -0.0028173968790464756,
            "naucs_at_1_std": -0.014034783849283203,
            "naucs_at_1_diff1": 0.13751366171143103,
            "naucs_at_3_max": 0.08449268676892135,
            "naucs_at_3_std": 0.28640973605907544,
            "naucs_at_3_diff1": -0.007087348699966972,
            "naucs_at_5_max": 0.16811163522971412,
            "naucs_at_5_std": 0.2331839325771624,
            "naucs_at_5_diff1": 0.13391988301206612,
            "naucs_at_10_max": 0.1358863143451819,
            "naucs_at_10_std": 0.1269180039637329,
            "naucs_at_10_diff1": 0.30157761596459864,
            "naucs_at_20_max": 0.14554586329219366,
            "naucs_at_20_std": 0.2036971873017224,
            "naucs_at_20_diff1": 0.16199627409005798,
            "naucs_at_50_max": 0.17497490128386353,
            "naucs_at_50_std": 0.1583877435373458,
            "naucs_at_50_diff1": 0.07329347791989577,
            "naucs_at_100_max": 0.10500349416356711,
            "naucs_at_100_std": 0.1194093751568328,
            "naucs_at_100_diff1": 0.13443625604212464
        }
    }
}