{
    "metadata": {
        "timestamp": "2025-04-01T22:16:09.560592",
        "vidore_benchmark_version": "5.0.0"
    },
    "metrics": {
        "vidore/docvqa_test_subsampled": {
            "ndcg_at_1": 0.00665,
            "ndcg_at_3": 0.01027,
            "ndcg_at_5": 0.01294,
            "ndcg_at_10": 0.0188,
            "ndcg_at_20": 0.02478,
            "ndcg_at_50": 0.03911,
            "ndcg_at_100": 0.06251,
            "map_at_1": 0.00665,
            "map_at_3": 0.00924,
            "map_at_5": 0.01068,
            "map_at_10": 0.01317,
            "map_at_20": 0.01471,
            "map_at_50": 0.01693,
            "map_at_100": 0.019,
            "recall_at_1": 0.00665,
            "recall_at_3": 0.0133,
            "recall_at_5": 0.01996,
            "recall_at_10": 0.03769,
            "recall_at_20": 0.06208,
            "recall_at_50": 0.13525,
            "recall_at_100": 0.27938,
            "precision_at_1": 0.00665,
            "precision_at_3": 0.00443,
            "precision_at_5": 0.00399,
            "precision_at_10": 0.00377,
            "precision_at_20": 0.0031,
            "precision_at_50": 0.00271,
            "precision_at_100": 0.00279,
            "mrr_at_1": 0.0066518847006651885,
            "mrr_at_3": 0.008499630450849963,
            "mrr_at_5": 0.010384331116038436,
            "mrr_at_10": 0.012902544609861686,
            "mrr_at_20": 0.014417264148254106,
            "mrr_at_50": 0.0167296796998066,
            "mrr_at_100": 0.018806302636720125,
            "naucs_at_1_max": -0.0028173968790464756,
            "naucs_at_1_std": -0.014034783849283203,
            "naucs_at_1_diff1": 0.13751366171143103,
            "naucs_at_3_max": 0.08449268676892135,
            "naucs_at_3_std": 0.28640973605907544,
            "naucs_at_3_diff1": -0.007087348699966972,
            "naucs_at_5_max": 0.16811163522971412,
            "naucs_at_5_std": 0.2331839325771624,
            "naucs_at_5_diff1": 0.13391988301206612,
            "naucs_at_10_max": 0.1358863143451819,
            "naucs_at_10_std": 0.1269180039637329,
            "naucs_at_10_diff1": 0.30157761596459864,
            "naucs_at_20_max": 0.14554586329219366,
            "naucs_at_20_std": 0.2036971873017224,
            "naucs_at_20_diff1": 0.16199627409005798,
            "naucs_at_50_max": 0.17497490128386353,
            "naucs_at_50_std": 0.1583877435373458,
            "naucs_at_50_diff1": 0.07329347791989577,
            "naucs_at_100_max": 0.10500349416356711,
            "naucs_at_100_std": 0.1194093751568328,
            "naucs_at_100_diff1": 0.13443625604212464
        }
    }
}