{
    "metadata": {
        "description": "Merged metrics for scan model scan on selected datasets",
        "datasets_included": [
            "arxivqa_test_subsampled",
            "docvqa_test_subsampled",
            "infovqa_test_subsampled",
            "tabfquad_test_subsampled",
            "tatdqa_test",
            "shiftproject_test",
            "syntheticDocQA_artificial_intelligence_test",
            "syntheticDocQA_energy_test"
        ],
        "timestamp": "",
        "vidore_benchmark_version": "",
        "model_type": "scan"
    },
    "metrics": {
        "vidore/arxivqa_test_subsampled": {
            "ndcg_at_1": 0.12000000000000002,
            "ndcg_at_3": 0.18261800000000003,
            "ndcg_at_5": 0.299702,
            "ndcg_at_10": 0.45331,
            "ndcg_at_20": 0.45331,
            "ndcg_at_50": 0.45331,
            "ndcg_at_100": 0.45331,
            "map_at_1": 0.12000000000000002,
            "map_at_3": 0.163334,
            "map_at_5": 0.229334,
            "map_at_10": 0.29181,
            "map_at_20": 0.29181,
            "map_at_50": 0.29181,
            "map_at_100": 0.29181,
            "recall_at_1": 0.12000000000000002,
            "recall_at_3": 0.24,
            "recall_at_5": 0.5199999999999999,
            "recall_at_10": 1.0,
            "recall_at_20": 1.0,
            "recall_at_50": 1.0,
            "recall_at_100": 1.0,
            "precision_at_1": 0.12000000000000002,
            "precision_at_3": 0.08000199999999999,
            "precision_at_5": 0.10400000000000001,
            "precision_at_10": 0.1,
            "precision_at_20": 0.05,
            "precision_at_50": 0.02,
            "precision_at_100": 0.01,
            "mrr_at_1": 0.16,
            "mrr_at_3": 0.22333333333333333,
            "mrr_at_5": 0.2663333333333333,
            "mrr_at_10": 0.33186507936507936,
            "mrr_at_20": 0.33186507936507936,
            "mrr_at_50": 0.33186507936507936,
            "mrr_at_100": 0.33186507936507936,
            "naucs_at_1_max": 0.26010279038743617,
            "naucs_at_1_std": -0.09745724481805065,
            "naucs_at_1_diff1": 0.46294690093211016,
            "naucs_at_3_max": 0.10094289503591407,
            "naucs_at_3_std": -0.20027957893619966,
            "naucs_at_3_diff1": 0.24723900203382082,
            "naucs_at_5_max": 0.1329970083682656,
            "naucs_at_5_std": -0.2047870682515791,
            "naucs_at_5_diff1": 0.1860266718890572,
            "naucs_at_10_max": 0.0,
            "naucs_at_10_std": 0.0,
            "naucs_at_10_diff1": 0.0,
            "naucs_at_20_max": 0.0,
            "naucs_at_20_std": 0.0,
            "naucs_at_20_diff1": 0.0,
            "naucs_at_50_max": 0.0,
            "naucs_at_50_std": 0.0,
            "naucs_at_50_diff1": 0.0,
            "naucs_at_100_max": 0.0,
            "naucs_at_100_std": 0.0,
            "naucs_at_100_diff1": 0.0
        },
        "vidore/docvqa_test_subsampled": {
            "ndcg_at_1": 0.08,
            "ndcg_at_3": 0.23833000000000001,
            "ndcg_at_5": 0.329574,
            "ndcg_at_10": 0.46420399999999995,
            "ndcg_at_20": 0.46420399999999995,
            "ndcg_at_50": 0.46420399999999995,
            "ndcg_at_100": 0.46420399999999995,
            "map_at_1": 0.08,
            "map_at_3": 0.196668,
            "map_at_5": 0.247668,
            "map_at_10": 0.30253199999999997,
            "map_at_20": 0.30253199999999997,
            "map_at_50": 0.30253199999999997,
            "map_at_100": 0.30253199999999997,
            "recall_at_1": 0.08,
            "recall_at_3": 0.36,
            "recall_at_5": 0.58,
            "recall_at_10": 1.0,
            "recall_at_20": 1.0,
            "recall_at_50": 1.0,
            "recall_at_100": 1.0,
            "precision_at_1": 0.08,
            "precision_at_3": 0.12,
            "precision_at_5": 0.11600000000000002,
            "precision_at_10": 0.1,
            "precision_at_20": 0.05,
            "precision_at_50": 0.02,
            "precision_at_100": 0.01,
            "mrr_at_1": 0.06000000000000001,
            "mrr_at_3": 0.17666666666666667,
            "mrr_at_5": 0.23666666666666666,
            "mrr_at_10": 0.28708730158730156,
            "mrr_at_20": 0.28708730158730156,
            "mrr_at_50": 0.28708730158730156,
            "mrr_at_100": 0.28708730158730156,
            "naucs_at_1_max": -0.11827855773943283,
            "naucs_at_1_std": -0.025333551541045794,
            "naucs_at_1_diff1": -0.06651775925168506,
            "naucs_at_3_max": -0.10023394660238687,
            "naucs_at_3_std": 0.103428670470971,
            "naucs_at_3_diff1": -0.061268294789177925,
            "naucs_at_5_max": -0.19951569051718454,
            "naucs_at_5_std": -0.0728417138127554,
            "naucs_at_5_diff1": 0.06440901050789506,
            "naucs_at_10_max": 0.0,
            "naucs_at_10_std": 0.0,
            "naucs_at_10_diff1": 0.0,
            "naucs_at_20_max": 0.0,
            "naucs_at_20_std": 0.0,
            "naucs_at_20_diff1": 0.0,
            "naucs_at_50_max": 0.0,
            "naucs_at_50_std": 0.0,
            "naucs_at_50_diff1": 0.0,
            "naucs_at_100_max": 0.0,
            "naucs_at_100_std": 0.0,
            "naucs_at_100_diff1": 0.0
        },
        "vidore/infovqa_test_subsampled": {
            "ndcg_at_1": 0.1,
            "ndcg_at_3": 0.19785400000000003,
            "ndcg_at_5": 0.27961,
            "ndcg_at_10": 0.44489999999999996,
            "ndcg_at_20": 0.44489999999999996,
            "ndcg_at_50": 0.44489999999999996,
            "ndcg_at_100": 0.44489999999999996,
            "map_at_1": 0.1,
            "map_at_3": 0.169998,
            "map_at_5": 0.21499800000000002,
            "map_at_10": 0.281564,
            "map_at_20": 0.281564,
            "map_at_50": 0.281564,
            "map_at_100": 0.281564,
            "recall_at_1": 0.1,
            "recall_at_3": 0.28,
            "recall_at_5": 0.48,
            "recall_at_10": 1.0,
            "recall_at_20": 1.0,
            "recall_at_50": 1.0,
            "recall_at_100": 1.0,
            "precision_at_1": 0.1,
            "precision_at_3": 0.09333399999999999,
            "precision_at_5": 0.096,
            "precision_at_10": 0.1,
            "precision_at_20": 0.05,
            "precision_at_50": 0.02,
            "precision_at_100": 0.01,
            "mrr_at_1": 0.12000000000000002,
            "mrr_at_3": 0.1933333333333333,
            "mrr_at_5": 0.23833333333333337,
            "mrr_at_10": 0.3024523809523809,
            "mrr_at_20": 0.3024523809523809,
            "mrr_at_50": 0.3024523809523809,
            "mrr_at_100": 0.3024523809523809,
            "naucs_at_1_max": -0.029698179400874346,
            "naucs_at_1_std": 0.15713291006928376,
            "naucs_at_1_diff1": -0.029698179400874346,
            "naucs_at_3_max": -0.015212711788722844,
            "naucs_at_3_std": -0.12345083615183132,
            "naucs_at_3_diff1": -0.049262164565374654,
            "naucs_at_5_max": -0.1734015359482282,
            "naucs_at_5_std": 0.1993968902297199,
            "naucs_at_5_diff1": -0.20697915087161262,
            "naucs_at_10_max": 0.0,
            "naucs_at_10_std": 0.0,
            "naucs_at_10_diff1": 0.0,
            "naucs_at_20_max": 0.0,
            "naucs_at_20_std": 0.0,
            "naucs_at_20_diff1": 0.0,
            "naucs_at_50_max": 0.0,
            "naucs_at_50_std": 0.0,
            "naucs_at_50_diff1": 0.0,
            "naucs_at_100_max": 0.0,
            "naucs_at_100_std": 0.0,
            "naucs_at_100_diff1": 0.0
        },
        "vidore/tabfquad_test_subsampled": {
            "ndcg_at_1": 0.06000000000000001,
            "ndcg_at_3": 0.20356800000000003,
            "ndcg_at_5": 0.283568,
            "ndcg_at_10": 0.447582,
            "ndcg_at_20": 0.447582,
            "ndcg_at_50": 0.447582,
            "ndcg_at_100": 0.447582,
            "map_at_1": 0.06000000000000001,