{
    "dataset_name": "vidore/syntheticDocQA_artificial_intelligence_test",
    "split": "test",
    "samples_evaluated": 50,
    "elapsed_time": 31.724244356155396,
    "batch_results": [
        {
            "batch_start": 0,
            "batch_end": 10,
            "metrics": {
                "ndcg_at_1": 0.2,
                "ndcg_at_3": 0.31309,
                "ndcg_at_5": 0.39485,
                "ndcg_at_10": 0.52425,
                "ndcg_at_20": 0.52425,
                "ndcg_at_50": 0.52425,
                "ndcg_at_100": 0.52425,
                "map_at_1": 0.2,
                "map_at_3": 0.28333,
                "map_at_5": 0.32833,
                "map_at_10": 0.38179,
                "map_at_20": 0.38179,
                "map_at_50": 0.38179,
                "map_at_100": 0.38179,
                "recall_at_1": 0.2,
                "recall_at_3": 0.4,
                "recall_at_5": 0.6,
                "recall_at_10": 1.0,
                "recall_at_20": 1.0,
                "recall_at_50": 1.0,
                "recall_at_100": 1.0,
                "precision_at_1": 0.2,
                "precision_at_3": 0.13333,
                "precision_at_5": 0.12,
                "precision_at_10": 0.1,
                "precision_at_20": 0.05,
                "precision_at_50": 0.02,
                "precision_at_100": 0.01,
                "mrr_at_1": 0.2,
                "mrr_at_3": 0.25,
                "mrr_at_5": 0.29500000000000004,
                "mrr_at_10": 0.3595634920634921,
                "mrr_at_20": 0.3595634920634921,
                "mrr_at_50": 0.3595634920634921,
                "mrr_at_100": 0.3595634920634921,
                "naucs_at_1_max": 0.47788182111721017,
                "naucs_at_1_std": -0.23409751372295787,
                "naucs_at_1_diff1": 0.47788182111721017,
                "naucs_at_3_max": 0.49948506694129763,
                "naucs_at_3_std": 0.6107106076210089,
                "naucs_at_3_diff1": 0.49948506694129763,
                "naucs_at_5_max": 0.591273374888691,
                "naucs_at_5_std": 0.9376669634906502,
                "naucs_at_5_diff1": 0.591273374888691,
                "naucs_at_10_max": NaN,
                "naucs_at_10_std": NaN,
                "naucs_at_10_diff1": NaN,
                "naucs_at_20_max": NaN,
                "naucs_at_20_std": NaN,
                "naucs_at_20_diff1": NaN,
                "naucs_at_50_max": NaN,
                "naucs_at_50_std": NaN,
                "naucs_at_50_diff1": NaN,
                "naucs_at_100_max": NaN,
                "naucs_at_100_std": NaN,
                "naucs_at_100_diff1": NaN
            }
        },
        {
            "batch_start": 10,
            "batch_end": 20,
            "metrics": {
                "ndcg_at_1": 0.1,
                "ndcg_at_3": 0.27619,
                "ndcg_at_5": 0.35794,
                "ndcg_at_10": 0.48854,
                "ndcg_at_20": 0.48854,
                "ndcg_at_50": 0.48854,
                "ndcg_at_100": 0.48854,
                "map_at_1": 0.1,
                "map_at_3": 0.23333,
                "map_at_5": 0.27833,
                "map_at_10": 0.3329,
                "map_at_20": 0.3329,
                "map_at_50": 0.3329,
                "map_at_100": 0.3329,
                "recall_at_1": 0.1,
                "recall_at_3": 0.4,
                "recall_at_5": 0.6,
                "recall_at_10": 1.0,
                "recall_at_20": 1.0,
                "recall_at_50": 1.0,
                "recall_at_100": 1.0,
                "precision_at_1": 0.1,
                "precision_at_3": 0.13333,
                "precision_at_5": 0.12,
                "precision_at_10": 0.1,
                "precision_at_20": 0.05,
                "precision_at_50": 0.02,
                "precision_at_100": 0.01,
                "mrr_at_1": 0.1,
                "mrr_at_3": 0.23333333333333334,
                "mrr_at_5": 0.2783333333333334,
                "mrr_at_10": 0.3328968253968254,
                "mrr_at_20": 0.3328968253968254,
                "mrr_at_50": 0.3328968253968254,
                "mrr_at_100": 0.3328968253968254,
                "naucs_at_1_max": 0.3238529648510867,
                "naucs_at_1_std": -0.5747249798765766,
                "naucs_at_1_diff1": 0.3238529648510867,
                "naucs_at_3_max": 1.0,
                "naucs_at_3_std": -0.45880535530381045,
                "naucs_at_3_diff1": 1.0,
                "naucs_at_5_max": 0.8094390026714158,
                "naucs_at_5_std": -0.39240130602552686,
                "naucs_at_5_diff1": 0.8094390026714158,
                "naucs_at_10_max": NaN,
                "naucs_at_10_std": NaN,
                "naucs_at_10_diff1": NaN,
                "naucs_at_20_max": NaN,
                "naucs_at_20_std": NaN,
                "naucs_at_20_diff1": NaN,
                "naucs_at_50_max": NaN,
                "naucs_at_50_std": NaN,
                "naucs_at_50_diff1": NaN,
                "naucs_at_100_max": NaN,
                "naucs_at_100_std": NaN,
                "naucs_at_100_diff1": NaN
            }
        },
        {
            "batch_start": 20,
            "batch_end": 30,
            "metrics": {
                "ndcg_at_1": 0.1,
                "ndcg_at_3": 0.26309,
                "ndcg_at_5": 0.30616,
                "ndcg_at_10": 0.46974,
                "ndcg_at_20": 0.46974,
                "ndcg_at_50": 0.46974,
                "ndcg_at_100": 0.46974,
                "map_at_1": 0.1,
                "map_at_3": 0.21667,
                "map_at_5": 0.24167,
                "map_at_10": 0.3104,
                "map_at_20": 0.3104,
                "map_at_50": 0.3104,
                "map_at_100": 0.3104,
                "recall_at_1": 0.1,
                "recall_at_3": 0.4,
                "recall_at_5": 0.5,
                "recall_at_10": 1.0,
                "recall_at_20": 1.0,
                "recall_at_50": 1.0,
                "recall_at_100": 1.0,
                "precision_at_1": 0.1,
                "precision_at_3": 0.13333,
                "precision_at_5": 0.1,
                "precision_at_10": 0.1,
                "precision_at_20": 0.05,
                "precision_at_50": 0.02,
                "precision_at_100": 0.01,
                "mrr_at_1": 0.1,
                "mrr_at_3": 0.21666666666666665,
                "mrr_at_5": 0.26166666666666666,
                "mrr_at_10": 0.31511904761904763,
                "mrr_at_20": 0.31511904761904763,
                "mrr_at_50": 0.31511904761904763,
                "mrr_at_100": 0.31511904761904763,
                "naucs_at_1_max": -0.31848671854038113,
                "naucs_at_1_std": -0.41507915213308305,
                "naucs_at_1_diff1": -0.31848671854038113,
                "naucs_at_3_max": -0.011457260556127724,
                "naucs_at_3_std": -0.2362255406797114,
                "naucs_at_3_diff1": -0.011457260556127724,
                "naucs_at_5_max": 0.14896735509660217,
                "naucs_at_5_std": -0.3467021985343106,
                "naucs_at_5_diff1": 0.14896735509660217,
                "naucs_at_10_max": NaN,
                "naucs_at_10_std": NaN,
                "naucs_at_10_diff1": NaN,
                "naucs_at_20_max": NaN,
                "naucs_at_20_std": NaN,
                "naucs_at_20_diff1": NaN,
                "naucs_at_50_max": NaN,
                "naucs_at_50_std": NaN,
                "naucs_at_50_diff1": NaN,
                "naucs_at_100_max": NaN,
                "naucs_at_100_std": NaN,
                "naucs_at_100_diff1": NaN
            }
        },
        {
            "batch_start": 30,
            "batch_end": 40,
            "metrics": {
                "ndcg_at_1": 0.0,
                "ndcg_at_3": 0.15,
                "ndcg_at_5": 0.23175,
                "ndcg_at_10": 0.38575,
                "ndcg_at_20": 0.38575,
                "ndcg_at_50": 0.38575,