{
    "dataset_name": "vidore/shiftproject_test",
    "split": "test",
    "samples_evaluated": 50,
    "elapsed_time": 34.170857191085815,
    "batch_results": [
        {
            "batch_start": 0,
            "batch_end": 10,
            "metrics": {
                "ndcg_at_1": 0.1,
                "ndcg_at_3": 0.21309,
                "ndcg_at_5": 0.29485,
                "ndcg_at_10": 0.45172,
                "ndcg_at_20": 0.45172,
                "ndcg_at_50": 0.45172,
                "ndcg_at_100": 0.45172,
                "map_at_1": 0.1,
                "map_at_3": 0.18333,
                "map_at_5": 0.22833,
                "map_at_10": 0.2904,
                "map_at_20": 0.2904,
                "map_at_50": 0.2904,
                "map_at_100": 0.2904,
                "recall_at_1": 0.1,
                "recall_at_3": 0.3,
                "recall_at_5": 0.5,
                "recall_at_10": 1.0,
                "recall_at_20": 1.0,
                "recall_at_50": 1.0,
                "recall_at_100": 1.0,
                "precision_at_1": 0.1,
                "precision_at_3": 0.1,
                "precision_at_5": 0.1,
                "precision_at_10": 0.1,
                "precision_at_20": 0.05,
                "precision_at_50": 0.02,
                "precision_at_100": 0.01,
                "mrr_at_1": 0.0,
                "mrr_at_3": 0.08333333333333333,
                "mrr_at_5": 0.12833333333333333,
                "mrr_at_10": 0.20468253968253966,
                "mrr_at_20": 0.20468253968253966,
                "mrr_at_50": 0.20468253968253966,
                "mrr_at_100": 0.20468253968253966,
                "naucs_at_1_max": -0.31848671854038113,
                "naucs_at_1_std": 0.6619264824255432,
                "naucs_at_1_diff1": -0.31848671854038113,
                "naucs_at_3_max": -0.658829887852993,
                "naucs_at_3_std": 0.1941629509525738,
                "naucs_at_3_diff1": -0.658829887852993,
                "naucs_at_5_max": -0.3560293137908063,
                "naucs_at_5_std": -0.17281812125249846,
                "naucs_at_5_diff1": -0.18814123917388434,
                "naucs_at_10_max": NaN,
                "naucs_at_10_std": NaN,
                "naucs_at_10_diff1": NaN,
                "naucs_at_20_max": NaN,
                "naucs_at_20_std": NaN,
                "naucs_at_20_diff1": NaN,
                "naucs_at_50_max": NaN,
                "naucs_at_50_std": NaN,
                "naucs_at_50_diff1": NaN,
                "naucs_at_100_max": NaN,
                "naucs_at_100_std": NaN,
                "naucs_at_100_diff1": NaN
            }
        },
        {
            "batch_start": 10,
            "batch_end": 20,
            "metrics": {
                "ndcg_at_1": 0.2,
                "ndcg_at_3": 0.31309,
                "ndcg_at_5": 0.35178,
                "ndcg_at_10": 0.51358,
                "ndcg_at_20": 0.51358,
                "ndcg_at_50": 0.51358,
                "ndcg_at_100": 0.51358,
                "map_at_1": 0.2,
                "map_at_3": 0.28333,
                "map_at_5": 0.30333,
                "map_at_10": 0.37028,
                "map_at_20": 0.37028,
                "map_at_50": 0.37028,
                "map_at_100": 0.37028,
                "recall_at_1": 0.2,
                "recall_at_3": 0.4,
                "recall_at_5": 0.5,
                "recall_at_10": 1.0,
                "recall_at_20": 1.0,
                "recall_at_50": 1.0,
                "recall_at_100": 1.0,
                "precision_at_1": 0.2,
                "precision_at_3": 0.13333,
                "precision_at_5": 0.1,
                "precision_at_10": 0.1,
                "precision_at_20": 0.05,
                "precision_at_50": 0.02,
                "precision_at_100": 0.01,
                "mrr_at_1": 0.1,
                "mrr_at_3": 0.18333333333333332,
                "mrr_at_5": 0.22833333333333333,
                "mrr_at_10": 0.2970634920634921,
                "mrr_at_20": 0.2970634920634921,
                "mrr_at_50": 0.2970634920634921,
                "mrr_at_100": 0.2970634920634921,
                "naucs_at_1_max": 0.5931546658056183,
                "naucs_at_1_std": -0.24136260897642894,
                "naucs_at_1_diff1": 0.7965773329028094,
                "naucs_at_3_max": 0.03411431513903198,
                "naucs_at_3_std": -0.027677651905252173,
                "naucs_at_3_diff1": 0.19631822863027806,
                "naucs_at_5_max": -0.12285143237841445,
                "naucs_at_5_std": -0.23477681545636253,
                "naucs_at_5_diff1": 0.04503664223850755,
                "naucs_at_10_max": NaN,
                "naucs_at_10_std": NaN,
                "naucs_at_10_diff1": NaN,
                "naucs_at_20_max": NaN,
                "naucs_at_20_std": NaN,
                "naucs_at_20_diff1": NaN,
                "naucs_at_50_max": NaN,
                "naucs_at_50_std": NaN,
                "naucs_at_50_diff1": NaN,
                "naucs_at_100_max": NaN,
                "naucs_at_100_std": NaN,
                "naucs_at_100_diff1": NaN
            }
        },
        {
            "batch_start": 20,
            "batch_end": 30,
            "metrics": {
                "ndcg_at_1": 0.1,
                "ndcg_at_3": 0.21309,
                "ndcg_at_5": 0.29485,
                "ndcg_at_10": 0.45436,
                "ndcg_at_20": 0.45436,
                "ndcg_at_50": 0.45436,
                "ndcg_at_100": 0.45436,
                "map_at_1": 0.1,
                "map_at_3": 0.18333,
                "map_at_5": 0.22833,
                "map_at_10": 0.2929,
                "map_at_20": 0.2929,
                "map_at_50": 0.2929,
                "map_at_100": 0.2929,
                "recall_at_1": 0.1,
                "recall_at_3": 0.3,
                "recall_at_5": 0.5,
                "recall_at_10": 1.0,
                "recall_at_20": 1.0,
                "recall_at_50": 1.0,
                "recall_at_100": 1.0,
                "precision_at_1": 0.1,
                "precision_at_3": 0.1,
                "precision_at_5": 0.1,
                "precision_at_10": 0.1,
                "precision_at_20": 0.05,
                "precision_at_50": 0.02,
                "precision_at_100": 0.01,
                "mrr_at_1": 0.1,
                "mrr_at_3": 0.18333333333333332,
                "mrr_at_5": 0.22833333333333333,
                "mrr_at_10": 0.29289682539682543,
                "mrr_at_20": 0.29289682539682543,
                "mrr_at_50": 0.29289682539682543,
                "mrr_at_100": 0.29289682539682543,
                "naucs_at_1_max": -0.41507915213308305,
                "naucs_at_1_std": -0.20579554601556224,
                "naucs_at_1_diff1": -0.41507915213308305,
                "naucs_at_3_max": 0.45764085934333176,
                "naucs_at_3_std": 0.11052560464802033,
                "naucs_at_3_diff1": 0.45764085934333176,
                "naucs_at_5_max": 0.25209860093271147,
                "naucs_at_5_std": -0.1321785476349102,
                "naucs_at_5_diff1": 0.25209860093271147,
                "naucs_at_10_max": NaN,
                "naucs_at_10_std": NaN,
                "naucs_at_10_diff1": NaN,
                "naucs_at_20_max": NaN,
                "naucs_at_20_std": NaN,
                "naucs_at_20_diff1": NaN,
                "naucs_at_50_max": NaN,
                "naucs_at_50_std": NaN,
                "naucs_at_50_diff1": NaN,
                "naucs_at_100_max": NaN,
                "naucs_at_100_std": NaN,
                "naucs_at_100_diff1": NaN
            }
        },
        {
            "batch_start": 30,
            "batch_end": 40,
            "metrics": {
                "ndcg_at_1": 0.1,
                "ndcg_at_3": 0.21309,
                "ndcg_at_5": 0.29485,
                "ndcg_at_10": 0.45436,
                "ndcg_at_20": 0.45436,