{
    "metadata": {
        "description": "Merged metrics for siglip_google_siglip-so400m-patch14-384_seg_2x2 on selected datasets",
        "datasets_included": [
            "arxivqa_test_subsampled",
            "docvqa_test_subsampled",
            "tabfquad_test_subsampled",
            "tatdqa_test"
        ],
        "timestamp": "2025-04-01T11:28:48.626275",
        "vidore_benchmark_version": "5.0.0"
    },
    "metrics": {
        "vidore/arxivqa_test_subsampled": {
            "ndcg_at_1": 0.286,
            "ndcg_at_3": 0.35512,
            "ndcg_at_5": 0.3836,
            "ndcg_at_10": 0.41618,
            "ndcg_at_20": 0.44112,
            "ndcg_at_50": 0.46544,
            "ndcg_at_100": 0.47814,
            "map_at_1": 0.286,
            "map_at_3": 0.337,
            "map_at_5": 0.3526,
            "map_at_10": 0.36581,
            "map_at_20": 0.37276,
            "map_at_50": 0.37672,
            "map_at_100": 0.37785,
            "recall_at_1": 0.286,
            "recall_at_3": 0.408,
            "recall_at_5": 0.478,
            "recall_at_10": 0.58,
            "recall_at_20": 0.678,
            "recall_at_50": 0.8,
            "recall_at_100": 0.878,
            "precision_at_1": 0.286,
            "precision_at_3": 0.136,
            "precision_at_5": 0.0956,
            "precision_at_10": 0.058,
            "precision_at_20": 0.0339,
            "precision_at_50": 0.016,
            "precision_at_100": 0.00878,
            "mrr_at_1": 0.286,
            "mrr_at_3": 0.33700000000000013,
            "mrr_at_5": 0.3526000000000001,
            "mrr_at_10": 0.3658142857142856,
            "mrr_at_20": 0.3727552654345998,
            "mrr_at_50": 0.376717961068664,
            "mrr_at_100": 0.3778487067569206,
            "naucs_at_1_max": 0.3402396564168796,
            "naucs_at_1_std": -0.09179454702835417,
            "naucs_at_1_diff1": 0.6042184617852272,
            "naucs_at_3_max": 0.3025909518056114,
            "naucs_at_3_std": -0.06373855034749104,
            "naucs_at_3_diff1": 0.49897250018071587,
            "naucs_at_5_max": 0.2698053381921656,
            "naucs_at_5_std": -0.03931052538325429,
            "naucs_at_5_diff1": 0.44559597824103564,
            "naucs_at_10_max": 0.21540760948428433,
            "naucs_at_10_std": -0.028751777577850798,
            "naucs_at_10_diff1": 0.36892648808660067,
            "naucs_at_20_max": 0.22057968321478777,
            "naucs_at_20_std": 0.07128871637641203,
            "naucs_at_20_diff1": 0.3516536077933431,
            "naucs_at_50_max": 0.30362637362637324,
            "naucs_at_50_std": 0.21103396603396596,
            "naucs_at_50_diff1": 0.3150049950049946,
            "naucs_at_100_max": 0.3225611763414902,
            "naucs_at_100_std": 0.2917104293709133,
            "naucs_at_100_diff1": 0.4124171121318037
        },
        "vidore/docvqa_test_subsampled": {
            "ndcg_at_1": 0.1796,
            "ndcg_at_3": 0.23767,
            "ndcg_at_5": 0.26381,
            "ndcg_at_10": 0.28514,
            "ndcg_at_20": 0.30635,
            "ndcg_at_50": 0.33187,
            "ndcg_at_100": 0.34753,
            "map_at_1": 0.1796,
            "map_at_3": 0.22395,
            "map_at_5": 0.23825,
            "map_at_10": 0.24695,
            "map_at_20": 0.25273,
            "map_at_50": 0.25683,
            "map_at_100": 0.25817,
            "recall_at_1": 0.1796,
            "recall_at_3": 0.27716,
            "recall_at_5": 0.34146,
            "recall_at_10": 0.40798,
            "recall_at_20": 0.49224,
            "recall_at_50": 0.62084,
            "recall_at_100": 0.7184,
            "precision_at_1": 0.1796,
            "precision_at_3": 0.09239,
            "precision_at_5": 0.06829,
            "precision_at_10": 0.0408,
            "precision_at_20": 0.02461,
            "precision_at_50": 0.01242,
            "precision_at_100": 0.00718,
            "mrr_at_1": 0.17960088691796008,
            "mrr_at_3": 0.22394678492239464,
            "mrr_at_5": 0.23824833702882486,
            "mrr_at_10": 0.24694945975433782,
            "mrr_at_20": 0.25272611514614157,
            "mrr_at_50": 0.25683261705026295,
            "mrr_at_100": 0.25816693358678966,
            "naucs_at_1_max": 0.033839584881601305,
            "naucs_at_1_std": 0.007608246532531091,
            "naucs_at_1_diff1": 0.4261244958514607,
            "naucs_at_3_max": 0.06341342146730172,
            "naucs_at_3_std": 0.07474089177675546,
            "naucs_at_3_diff1": 0.3787487006938381,
            "naucs_at_5_max": 0.05765597168683906,
            "naucs_at_5_std": 0.05828825027156228,
            "naucs_at_5_diff1": 0.34646212848518537,
            "naucs_at_10_max": -0.0006494581225955938,
            "naucs_at_10_std": 0.0483364337773662,
            "naucs_at_10_diff1": 0.3073316041993235,
            "naucs_at_20_max": -0.05884026809158214,
            "naucs_at_20_std": 0.028902455870168854,
            "naucs_at_20_diff1": 0.26346725328153614,
            "naucs_at_50_max": -0.10866684882193482,
            "naucs_at_50_std": 0.030014048675058247,
            "naucs_at_50_diff1": 0.20058281263723485,
            "naucs_at_100_max": -0.123714420893468,
            "naucs_at_100_std": 0.022328983647525048,
            "naucs_at_100_diff1": 0.16064069884615284
        },
        "vidore/tabfquad_test_subsampled": {
            "ndcg_at_1": 0.26429,
            "ndcg_at_3": 0.39222,
            "ndcg_at_5": 0.43479,
            "ndcg_at_10": 0.47094,
            "ndcg_at_20": 0.50028,
            "ndcg_at_50": 0.52559,
            "ndcg_at_100": 0.53454,
            "map_at_1": 0.26429,
            "map_at_3": 0.35893,
            "map_at_5": 0.3825,
            "map_at_10": 0.39762,
            "map_at_20": 0.40592,
            "map_at_50": 0.4099,
            "map_at_100": 0.41076,
            "recall_at_1": 0.26429,
            "recall_at_3": 0.48929,
            "recall_at_5": 0.59286,
            "recall_at_10": 0.70357,
            "recall_at_20": 0.81786,
            "recall_at_50": 0.94643,
            "recall_at_100": 1.0,
            "precision_at_1": 0.26429,
            "precision_at_3": 0.1631,
            "precision_at_5": 0.11857,
            "precision_at_10": 0.07036,
            "precision_at_20": 0.04089,
            "precision_at_50": 0.01893,
            "precision_at_100": 0.01,
            "mrr_at_1": 0.2642857142857143,
            "mrr_at_3": 0.3589285714285712,
            "mrr_at_5": 0.3824999999999999,
            "mrr_at_10": 0.39762046485260766,
            "mrr_at_20": 0.40591509920125574,
            "mrr_at_50": 0.40990082727167065,
            "mrr_at_100": 0.41075744049086865,
            "naucs_at_1_max": 0.280500927453653,
            "naucs_at_1_std": 0.20168273911394868,
            "naucs_at_1_diff1": 0.36476086043103534,
            "naucs_at_3_max": 0.21492066050661546,
            "naucs_at_3_std": 0.25740889114346505,
            "naucs_at_3_diff1": 0.20113877181421227,
            "naucs_at_5_max": 0.1497860124712144,
            "naucs_at_5_std": 0.23237888936792214,
            "naucs_at_5_diff1": 0.16416050641962632,
            "naucs_at_10_max": 0.09348782500763564,
            "naucs_at_10_std": 0.13290139783339028,
            "naucs_at_10_diff1": 0.07977593075168461,
            "naucs_at_20_max": 0.09633081068461546,
            "naucs_at_20_std": 0.13312970564774992,
            "naucs_at_20_diff1": 0.03173090017703894,
            "naucs_at_50_max": 0.028042328042326984,
            "naucs_at_50_std": 0.32440087145969687,
            "naucs_at_50_diff1": 0.043479614067847804,
            "naucs_at_100_max": 1.0,
            "naucs_at_100_std": 1.0,
            "naucs_at_100_diff1": 1.0
        },
        "vidore/tatdqa_test": {
            "ndcg_at_1": 0.14945,
            "ndcg_at_3": 0.19499,
            "ndcg_at_5": 0.21742,
            "ndcg_at_10": 0.24733,
            "ndcg_at_20": 0.27408,