{
    "metadata": {
        "timestamp": "2025-04-02T03:08:47.252578",
        "vidore_benchmark_version": "5.0.0"
    },
    "metrics": {
        "vidore/shiftproject_test": {
            "ndcg_at_1": 0.11,
            "ndcg_at_3": 0.16417,
            "ndcg_at_5": 0.17665,
            "ndcg_at_10": 0.21945,
            "ndcg_at_20": 0.23916,
            "ndcg_at_50": 0.27637,
            "ndcg_at_100": 0.29587,
            "map_at_1": 0.11,
            "map_at_3": 0.15167,
            "map_at_5": 0.15867,
            "map_at_10": 0.17677,
            "map_at_20": 0.18191,
            "map_at_50": 0.18769,
            "map_at_100": 0.18942,
            "recall_at_1": 0.11,
            "recall_at_3": 0.2,
            "recall_at_5": 0.23,
            "recall_at_10": 0.36,
            "recall_at_20": 0.44,
            "recall_at_50": 0.63,
            "recall_at_100": 0.75,
            "precision_at_1": 0.11,
            "precision_at_3": 0.06667,
            "precision_at_5": 0.046,
            "precision_at_10": 0.036,
            "precision_at_20": 0.022,
            "precision_at_50": 0.0126,
            "precision_at_100": 0.0075,
            "mrr_at_1": 0.11,
            "mrr_at_3": 0.15166666666666667,
            "mrr_at_5": 0.15866666666666665,
            "mrr_at_10": 0.1767698412698412,
            "mrr_at_20": 0.18190852508344763,
            "mrr_at_50": 0.1876924552481544,
            "mrr_at_100": 0.18942208764717705,
            "naucs_at_1_max": 0.0808566323577523,
            "naucs_at_1_std": 0.3228728892467977,
            "naucs_at_1_diff1": 0.005989380174648298,
            "naucs_at_3_max": -0.055925088795608514,
            "naucs_at_3_std": 0.10889570552147242,
            "naucs_at_3_diff1": 0.023393606716177084,
            "naucs_at_5_max": -0.09214319488720434,
            "naucs_at_5_std": 0.08508106953829242,
            "naucs_at_5_diff1": -0.06737237076920738,
            "naucs_at_10_max": -0.03929827323781036,
            "naucs_at_10_std": 0.16510523277174188,
            "naucs_at_10_diff1": -0.05924263895449536,
            "naucs_at_20_max": 0.0174218301404192,
            "naucs_at_20_std": 0.20615179829827252,
            "naucs_at_20_diff1": -0.03470010962050364,
            "naucs_at_50_max": 0.015167896707876858,
            "naucs_at_50_std": 0.019461288957833563,
            "naucs_at_50_diff1": 0.08785784797630782,
            "naucs_at_100_max": 0.23254840397697638,
            "naucs_at_100_std": 0.32119309262166423,
            "naucs_at_100_diff1": 0.36713762428048163
        }
    }
}