{
    "metadata": {
        "timestamp": "2025-04-02T07:20:30.310897",
        "vidore_benchmark_version": "5.0.0"
    },
    "metrics": {
        "vidore/syntheticDocQA_artificial_intelligence_test": {
            "ndcg_at_1": 0.38,
            "ndcg_at_3": 0.53964,
            "ndcg_at_5": 0.56803,
            "ndcg_at_10": 0.59322,
            "ndcg_at_20": 0.60569,
            "ndcg_at_50": 0.61779,
            "ndcg_at_100": 0.6275,
            "map_at_1": 0.38,
            "map_at_3": 0.49833,
            "map_at_5": 0.51383,
            "map_at_10": 0.52383,
            "map_at_20": 0.52717,
            "map_at_50": 0.52919,
            "map_at_100": 0.53004,
            "recall_at_1": 0.38,
            "recall_at_3": 0.66,
            "recall_at_5": 0.73,
            "recall_at_10": 0.81,
            "recall_at_20": 0.86,
            "recall_at_50": 0.92,
            "recall_at_100": 0.98,
            "precision_at_1": 0.38,
            "precision_at_3": 0.22,
            "precision_at_5": 0.146,
            "precision_at_10": 0.081,
            "precision_at_20": 0.043,
            "precision_at_50": 0.0184,
            "precision_at_100": 0.0098,
            "mrr_at_1": 0.38,
            "mrr_at_3": 0.4983333333333334,
            "mrr_at_5": 0.5138333333333335,
            "mrr_at_10": 0.5238293650793652,
            "mrr_at_20": 0.5271659769968595,
            "mrr_at_50": 0.5291910324670763,
            "mrr_at_100": 0.5300446188722391,
            "naucs_at_1_max": 0.4074805707899045,
            "naucs_at_1_std": -0.021755516855977017,
            "naucs_at_1_diff1": 0.49516544069867174,
            "naucs_at_3_max": 0.409572172989479,
            "naucs_at_3_std": 0.14014736632480423,
            "naucs_at_3_diff1": 0.2143781738524352,
            "naucs_at_5_max": 0.30273840649511524,
            "naucs_at_5_std": -0.009927460732468314,
            "naucs_at_5_diff1": 0.2715799406318199,
            "naucs_at_10_max": 0.27662528157577754,
            "naucs_at_10_std": 0.009246162711510525,
            "naucs_at_10_diff1": 0.23052543349573063,
            "naucs_at_20_max": 0.416828322017458,
            "naucs_at_20_std": 0.0429541360676189,
            "naucs_at_20_diff1": 0.18321324650131654,
            "naucs_at_50_max": 0.5568977591036399,
            "naucs_at_50_std": -0.13299486461251192,
            "naucs_at_50_diff1": 0.5186741363211943,
            "naucs_at_100_max": 0.41433239962652313,
            "naucs_at_100_std": 0.1528944911297927,
            "naucs_at_100_diff1": 0.638188608776847
        }
    }
}