{
    "metadata": {
        "timestamp": "2025-04-01T16:22:27.605920",
        "vidore_benchmark_version": "5.0.0"
    },
    "metrics": {
        "vidore/tabfquad_test_subsampled": {
            "ndcg_at_1": 0.26429,
            "ndcg_at_3": 0.39222,
            "ndcg_at_5": 0.43479,
            "ndcg_at_10": 0.47094,
            "ndcg_at_20": 0.50028,
            "ndcg_at_50": 0.52559,
            "ndcg_at_100": 0.53454,
            "map_at_1": 0.26429,
            "map_at_3": 0.35893,
            "map_at_5": 0.3825,
            "map_at_10": 0.39762,
            "map_at_20": 0.40592,
            "map_at_50": 0.4099,
            "map_at_100": 0.41076,
            "recall_at_1": 0.26429,
            "recall_at_3": 0.48929,
            "recall_at_5": 0.59286,
            "recall_at_10": 0.70357,
            "recall_at_20": 0.81786,
            "recall_at_50": 0.94643,
            "recall_at_100": 1.0,
            "precision_at_1": 0.26429,
            "precision_at_3": 0.1631,
            "precision_at_5": 0.11857,
            "precision_at_10": 0.07036,
            "precision_at_20": 0.04089,
            "precision_at_50": 0.01893,
            "precision_at_100": 0.01,
            "mrr_at_1": 0.2642857142857143,
            "mrr_at_3": 0.3589285714285712,
            "mrr_at_5": 0.3824999999999999,
            "mrr_at_10": 0.39762046485260766,
            "mrr_at_20": 0.40591509920125574,
            "mrr_at_50": 0.40990082727167065,
            "mrr_at_100": 0.41075744049086865,
            "naucs_at_1_max": 0.280500927453653,
            "naucs_at_1_std": 0.20168273911394868,
            "naucs_at_1_diff1": 0.36476086043103534,
            "naucs_at_3_max": 0.21492066050661546,
            "naucs_at_3_std": 0.25740889114346505,
            "naucs_at_3_diff1": 0.20113877181421227,
            "naucs_at_5_max": 0.1497860124712144,
            "naucs_at_5_std": 0.23237888936792214,
            "naucs_at_5_diff1": 0.16416050641962632,
            "naucs_at_10_max": 0.09348782500763564,
            "naucs_at_10_std": 0.13290139783339028,
            "naucs_at_10_diff1": 0.07977593075168461,
            "naucs_at_20_max": 0.09633081068461546,
            "naucs_at_20_std": 0.13312970564774992,
            "naucs_at_20_diff1": 0.03173090017703894,
            "naucs_at_50_max": 0.028042328042326984,
            "naucs_at_50_std": 0.32440087145969687,
            "naucs_at_50_diff1": 0.043479614067847804,
            "naucs_at_100_max": 1.0,
            "naucs_at_100_std": 1.0,
            "naucs_at_100_diff1": 1.0
        }
    }
}