{
    "metadata": {
        "timestamp": "2025-04-01T13:22:46.148497",
        "vidore_benchmark_version": "5.0.0"
    },
    "metrics": {
        "vidore/docvqa_test_subsampled": {
            "ndcg_at_1": 0.1796,
            "ndcg_at_3": 0.23767,
            "ndcg_at_5": 0.26381,
            "ndcg_at_10": 0.28514,
            "ndcg_at_20": 0.30635,
            "ndcg_at_50": 0.33187,
            "ndcg_at_100": 0.34753,
            "map_at_1": 0.1796,
            "map_at_3": 0.22395,
            "map_at_5": 0.23825,
            "map_at_10": 0.24695,
            "map_at_20": 0.25273,
            "map_at_50": 0.25683,
            "map_at_100": 0.25817,
            "recall_at_1": 0.1796,
            "recall_at_3": 0.27716,
            "recall_at_5": 0.34146,
            "recall_at_10": 0.40798,
            "recall_at_20": 0.49224,
            "recall_at_50": 0.62084,
            "recall_at_100": 0.7184,
            "precision_at_1": 0.1796,
            "precision_at_3": 0.09239,
            "precision_at_5": 0.06829,
            "precision_at_10": 0.0408,
            "precision_at_20": 0.02461,
            "precision_at_50": 0.01242,
            "precision_at_100": 0.00718,
            "mrr_at_1": 0.17960088691796008,
            "mrr_at_3": 0.22394678492239464,
            "mrr_at_5": 0.23824833702882486,
            "mrr_at_10": 0.24694945975433782,
            "mrr_at_20": 0.25272611514614157,
            "mrr_at_50": 0.25683261705026295,
            "mrr_at_100": 0.25816693358678966,
            "naucs_at_1_max": 0.033839584881601305,
            "naucs_at_1_std": 0.007608246532531091,
            "naucs_at_1_diff1": 0.4261244958514607,
            "naucs_at_3_max": 0.06341342146730172,
            "naucs_at_3_std": 0.07474089177675546,
            "naucs_at_3_diff1": 0.3787487006938381,
            "naucs_at_5_max": 0.05765597168683906,
            "naucs_at_5_std": 0.05828825027156228,
            "naucs_at_5_diff1": 0.34646212848518537,
            "naucs_at_10_max": -0.0006494581225955938,
            "naucs_at_10_std": 0.0483364337773662,
            "naucs_at_10_diff1": 0.3073316041993235,
            "naucs_at_20_max": -0.05884026809158214,
            "naucs_at_20_std": 0.028902455870168854,
            "naucs_at_20_diff1": 0.26346725328153614,
            "naucs_at_50_max": -0.10866684882193482,
            "naucs_at_50_std": 0.030014048675058247,
            "naucs_at_50_diff1": 0.20058281263723485,
            "naucs_at_100_max": -0.123714420893468,
            "naucs_at_100_std": 0.022328983647525048,
            "naucs_at_100_diff1": 0.16064069884615284
        }
    }
}