{
    "metadata": {
        "timestamp": "2025-04-01T15:19:29.706734",
        "vidore_benchmark_version": "5.0.0"
    },
    "metrics": {
        "vidore/infovqa_test_subsampled": {
            "ndcg_at_1": 0.48178,
            "ndcg_at_3": 0.59213,
            "ndcg_at_5": 0.62741,
            "ndcg_at_10": 0.65784,
            "ndcg_at_20": 0.66891,
            "ndcg_at_50": 0.67969,
            "ndcg_at_100": 0.68368,
            "map_at_1": 0.48178,
            "map_at_3": 0.56579,
            "map_at_5": 0.58553,
            "map_at_10": 0.59825,
            "map_at_20": 0.60146,
            "map_at_50": 0.60317,
            "map_at_100": 0.60353,
            "recall_at_1": 0.48178,
            "recall_at_3": 0.66802,
            "recall_at_5": 0.75304,
            "recall_at_10": 0.84615,
            "recall_at_20": 0.88866,
            "recall_at_50": 0.94332,
            "recall_at_100": 0.96761,
            "precision_at_1": 0.48178,
            "precision_at_3": 0.22267,
            "precision_at_5": 0.15061,
            "precision_at_10": 0.08462,
            "precision_at_20": 0.04443,
            "precision_at_50": 0.01887,
            "precision_at_100": 0.00968,
            "mrr_at_1": 0.4817813765182186,
            "mrr_at_3": 0.5657894736842106,
            "mrr_at_5": 0.5855263157894735,
            "mrr_at_10": 0.5982520403573034,
            "mrr_at_20": 0.6014634008751494,
            "mrr_at_50": 0.6031662004903597,
            "mrr_at_100": 0.603532631673968,
            "naucs_at_1_max": 0.2503431864605254,
            "naucs_at_1_std": -0.1517270772436423,
            "naucs_at_1_diff1": 0.6300024792643916,
            "naucs_at_3_max": 0.16763933328175787,
            "naucs_at_3_std": -0.15624522847867675,
            "naucs_at_3_diff1": 0.48787294217063265,
            "naucs_at_5_max": 0.17619522145407532,
            "naucs_at_5_std": -0.10815320100373345,
            "naucs_at_5_diff1": 0.41696201262163857,
            "naucs_at_10_max": 0.1255687741001949,
            "naucs_at_10_std": -0.024428528631849394,
            "naucs_at_10_diff1": 0.4167080552842661,
            "naucs_at_20_max": 0.2488864719339075,
            "naucs_at_20_std": 0.1537914234125259,
            "naucs_at_20_diff1": 0.4196597161424959,
            "naucs_at_50_max": 0.385264816455625,
            "naucs_at_50_std": 0.47531041343964964,
            "naucs_at_50_diff1": 0.39834457163410547,
            "naucs_at_100_max": 0.38629967134938015,
            "naucs_at_100_std": 0.726560184539103,
            "naucs_at_100_diff1": 0.5571066574812669
        }
    }
}