{
    "metadata": {
        "timestamp": "2025-04-01T11:28:48.626275",
        "vidore_benchmark_version": "5.0.0"
    },
    "metrics": {
        "vidore/arxivqa_test_subsampled": {
            "ndcg_at_1": 0.286,
            "ndcg_at_3": 0.35512,
            "ndcg_at_5": 0.3836,
            "ndcg_at_10": 0.41618,
            "ndcg_at_20": 0.44112,
            "ndcg_at_50": 0.46544,
            "ndcg_at_100": 0.47814,
            "map_at_1": 0.286,
            "map_at_3": 0.337,
            "map_at_5": 0.3526,
            "map_at_10": 0.36581,
            "map_at_20": 0.37276,
            "map_at_50": 0.37672,
            "map_at_100": 0.37785,
            "recall_at_1": 0.286,
            "recall_at_3": 0.408,
            "recall_at_5": 0.478,
            "recall_at_10": 0.58,
            "recall_at_20": 0.678,
            "recall_at_50": 0.8,
            "recall_at_100": 0.878,
            "precision_at_1": 0.286,
            "precision_at_3": 0.136,
            "precision_at_5": 0.0956,
            "precision_at_10": 0.058,
            "precision_at_20": 0.0339,
            "precision_at_50": 0.016,
            "precision_at_100": 0.00878,
            "mrr_at_1": 0.286,
            "mrr_at_3": 0.33700000000000013,
            "mrr_at_5": 0.3526000000000001,
            "mrr_at_10": 0.3658142857142856,
            "mrr_at_20": 0.3727552654345998,
            "mrr_at_50": 0.376717961068664,
            "mrr_at_100": 0.3778487067569206,
            "naucs_at_1_max": 0.3402396564168796,
            "naucs_at_1_std": -0.09179454702835417,
            "naucs_at_1_diff1": 0.6042184617852272,
            "naucs_at_3_max": 0.3025909518056114,
            "naucs_at_3_std": -0.06373855034749104,
            "naucs_at_3_diff1": 0.49897250018071587,
            "naucs_at_5_max": 0.2698053381921656,
            "naucs_at_5_std": -0.03931052538325429,
            "naucs_at_5_diff1": 0.44559597824103564,
            "naucs_at_10_max": 0.21540760948428433,
            "naucs_at_10_std": -0.028751777577850798,
            "naucs_at_10_diff1": 0.36892648808660067,
            "naucs_at_20_max": 0.22057968321478777,
            "naucs_at_20_std": 0.07128871637641203,
            "naucs_at_20_diff1": 0.3516536077933431,
            "naucs_at_50_max": 0.30362637362637324,
            "naucs_at_50_std": 0.21103396603396596,
            "naucs_at_50_diff1": 0.3150049950049946,
            "naucs_at_100_max": 0.3225611763414902,
            "naucs_at_100_std": 0.2917104293709133,
            "naucs_at_100_diff1": 0.4124171121318037
        }
    }
}