{
    "metadata": {
        "timestamp": "2025-04-02T11:45:11.164423",
        "vidore_benchmark_version": "5.0.0"
    },
    "metrics": {
        "vidore/syntheticDocQA_energy_test": {
            "ndcg_at_1": 0.41,
            "ndcg_at_3": 0.5194,
            "ndcg_at_5": 0.57962,
            "ndcg_at_10": 0.60264,
            "ndcg_at_20": 0.61281,
            "ndcg_at_50": 0.63414,
            "ndcg_at_100": 0.63746,
            "map_at_1": 0.41,
            "map_at_3": 0.49167,
            "map_at_5": 0.52417,
            "map_at_10": 0.53389,
            "map_at_20": 0.53672,
            "map_at_50": 0.53993,
            "map_at_100": 0.54024,
            "recall_at_1": 0.41,
            "recall_at_3": 0.6,
            "recall_at_5": 0.75,
            "recall_at_10": 0.82,
            "recall_at_20": 0.86,
            "recall_at_50": 0.97,
            "recall_at_100": 0.99,
            "precision_at_1": 0.41,
            "precision_at_3": 0.2,
            "precision_at_5": 0.15,
            "precision_at_10": 0.082,
            "precision_at_20": 0.043,
            "precision_at_50": 0.0194,
            "precision_at_100": 0.0099,
            "mrr_at_1": 0.41,
            "mrr_at_3": 0.4916666666666667,
            "mrr_at_5": 0.5241666666666668,
            "mrr_at_10": 0.533888888888889,
            "mrr_at_20": 0.5367185263566844,
            "mrr_at_50": 0.5399339496881791,
            "mrr_at_100": 0.5402440458420252,
            "naucs_at_1_max": 0.051177389978945095,
            "naucs_at_1_std": -0.32405027319580954,
            "naucs_at_1_diff1": 0.4881873490318664,
            "naucs_at_3_max": 0.1650786583555956,
            "naucs_at_3_std": -0.3342980112793106,
            "naucs_at_3_diff1": 0.40135054912436957,
            "naucs_at_5_max": 0.1384196755625326,
            "naucs_at_5_std": -0.36544217687074776,
            "naucs_at_5_diff1": 0.2584824699110425,
            "naucs_at_10_max": 0.14318757572420004,
            "naucs_at_10_std": -0.5842053089547276,
            "naucs_at_10_diff1": 0.3479733450820579,
            "naucs_at_20_max": 0.3037273105168348,
            "naucs_at_20_std": -0.37855064431203966,
            "naucs_at_20_diff1": 0.48486213107939696,
            "naucs_at_50_max": 0.6661998132586376,
            "naucs_at_50_std": -0.02380952380952235,
            "naucs_at_50_diff1": 0.6661998132586376,
            "naucs_at_100_max": 0.7222222222222041,
            "naucs_at_100_std": 0.35807656395892007,
            "naucs_at_100_diff1": 0.7222222222222041
        }
    }
}