{
    "metadata": {
        "timestamp": "2025-04-01T22:41:27.972108",
        "vidore_benchmark_version": "5.0.0"
    },
    "metrics": {
        "vidore/tatdqa_test": {
            "ndcg_at_1": 0.14945,
            "ndcg_at_3": 0.19499,
            "ndcg_at_5": 0.21742,
            "ndcg_at_10": 0.24733,
            "ndcg_at_20": 0.27408,
            "ndcg_at_50": 0.31212,
            "ndcg_at_100": 0.33644,
            "map_at_1": 0.14945,
            "map_at_3": 0.18348,
            "map_at_5": 0.19587,
            "map_at_10": 0.20813,
            "map_at_20": 0.21548,
            "map_at_50": 0.22162,
            "map_at_100": 0.22379,
            "recall_at_1": 0.14945,
            "recall_at_3": 0.22843,
            "recall_at_5": 0.28311,
            "recall_at_10": 0.37606,
            "recall_at_20": 0.48177,
            "recall_at_50": 0.67315,
            "recall_at_100": 0.8226,
            "precision_at_1": 0.14945,
            "precision_at_3": 0.07614,
            "precision_at_5": 0.05662,
            "precision_at_10": 0.03761,
            "precision_at_20": 0.02409,
            "precision_at_50": 0.01346,
            "precision_at_100": 0.00823,
            "mrr_at_1": 0.1500607533414338,
            "mrr_at_3": 0.18398136897529369,
            "mrr_at_5": 0.1963446739570675,
            "mrr_at_10": 0.20844881289899495,
            "mrr_at_20": 0.21580776309657446,
            "mrr_at_50": 0.2219530439699297,
            "mrr_at_100": 0.22411734897392424,
            "naucs_at_1_max": -0.008384764930925104,
            "naucs_at_1_std": -0.10820216229330078,
            "naucs_at_1_diff1": 0.4121335849461983,
            "naucs_at_3_max": -0.050350009882667746,
            "naucs_at_3_std": -0.12307106259899776,
            "naucs_at_3_diff1": 0.29959112985606523,
            "naucs_at_5_max": -0.08566248571206453,
            "naucs_at_5_std": -0.14843636992980247,
            "naucs_at_5_diff1": 0.2651285524942356,
            "naucs_at_10_max": -0.08474141520669402,
            "naucs_at_10_std": -0.12686774623028743,
            "naucs_at_10_diff1": 0.27856590652024205,
            "naucs_at_20_max": -0.08440220590400362,
            "naucs_at_20_std": -0.10052658894754685,
            "naucs_at_20_diff1": 0.2710705274111312,
            "naucs_at_50_max": -0.10282696984862764,
            "naucs_at_50_std": -0.08766173822833427,
            "naucs_at_50_diff1": 0.2502863424878478,
            "naucs_at_100_max": -0.10377172544077629,
            "naucs_at_100_std": -0.09587894238186466,
            "naucs_at_100_diff1": 0.2433328691314282
        }
    }
}