{
  "dataset_name": "vidore/tabfquad_test_subsampled",
  "split": "test",
  "samples_evaluated": 50,
  "elapsed_time": 32.71022963523865,
  "batch_results": [
    {
      "batch_start": 0,
      "batch_end": 10,
      "metrics": {
        "ndcg_at_1": 0.1,
        "ndcg_at_3": 0.32619,
        "ndcg_at_5": 0.36925,
        "ndcg_at_10": 0.50095,
        "ndcg_at_20": 0.50095,
        "ndcg_at_50": 0.50095,
        "ndcg_at_100": 0.50095,
        "map_at_1": 0.1,
        "map_at_3": 0.26667,
        "map_at_5": 0.29167,
        "map_at_10": 0.3475,
        "map_at_20": 0.3475,
        "map_at_50": 0.3475,
        "map_at_100": 0.3475,
        "recall_at_1": 0.1,
        "recall_at_3": 0.5,
        "recall_at_5": 0.6,
        "recall_at_10": 1.0,
        "recall_at_20": 1.0,
        "recall_at_50": 1.0,
        "recall_at_100": 1.0,
        "precision_at_1": 0.1,
        "precision_at_3": 0.16667,
        "precision_at_5": 0.12,
        "precision_at_10": 0.1,
        "precision_at_20": 0.05,
        "precision_at_50": 0.02,
        "precision_at_100": 0.01,
        "mrr_at_1": 0.1,
        "mrr_at_3": 0.2333333333333333,
        "mrr_at_5": 0.2333333333333333,
        "mrr_at_10": 0.31456349206349205,
        "mrr_at_20": 0.31456349206349205,
        "mrr_at_50": 0.31456349206349205,
        "mrr_at_100": 0.31456349206349205,
        "naucs_at_1_max": 0.09847061980144896,
        "naucs_at_1_std": -0.4995975315266972,
        "naucs_at_1_diff1": 0.3238529648510867,
        "naucs_at_3_max": 0.2972684876748835,
        "naucs_at_3_std": 0.33604263824117236,
        "naucs_at_3_diff1": 0.39800133244503655,
        "naucs_at_5_max": 0.013208667260314973,
        "naucs_at_5_std": 0.5534283170080145,
        "naucs_at_5_diff1": 0.12540813297714476,
        "naucs_at_10_max": NaN,
        "naucs_at_10_std": NaN,
        "naucs_at_10_diff1": NaN,
        "naucs_at_20_max": NaN,
        "naucs_at_20_std": NaN,
        "naucs_at_20_diff1": NaN,
        "naucs_at_50_max": NaN,
        "naucs_at_50_std": NaN,
        "naucs_at_50_diff1": NaN,
        "naucs_at_100_max": NaN,
        "naucs_at_100_std": NaN,
        "naucs_at_100_diff1": NaN
      }
    },
    {
      "batch_start": 10,
      "batch_end": 20,
      "metrics": {
        "ndcg_at_1": 0.0,
        "ndcg_at_3": 0.12619,
        "ndcg_at_5": 0.20356,
        "ndcg_at_10": 0.39088,
        "ndcg_at_20": 0.39088,
        "ndcg_at_50": 0.39088,
        "ndcg_at_100": 0.39088,
        "map_at_1": 0.0,
        "map_at_3": 0.1,
        "map_at_5": 0.14,
        "map_at_10": 0.21329,
        "map_at_20": 0.21329,
        "map_at_50": 0.21329,
        "map_at_100": 0.21329,
        "recall_at_1": 0.0,
        "recall_at_3": 0.2,
        "recall_at_5": 0.4,
        "recall_at_10": 1.0,
        "recall_at_20": 1.0,
        "recall_at_50": 1.0,
        "recall_at_100": 1.0,
        "precision_at_1": 0.0,
        "precision_at_3": 0.06667,
        "precision_at_5": 0.08,
        "precision_at_10": 0.1,
        "precision_at_20": 0.05,
        "precision_at_50": 0.02,
        "precision_at_100": 0.01,
        "mrr_at_1": 0.0,
        "mrr_at_3": 0.03333333333333333,
        "mrr_at_5": 0.07833333333333334,
        "mrr_at_10": 0.1659126984126984,
        "mrr_at_20": 0.1659126984126984,
        "mrr_at_50": 0.1659126984126984,
        "mrr_at_100": 0.1659126984126984,
        "naucs_at_1_max": NaN,
        "naucs_at_1_std": NaN,
        "naucs_at_1_diff1": NaN,
        "naucs_at_3_max": -0.10574749757830162,
        "naucs_at_3_std": -0.05489183080400392,
        "naucs_at_3_diff1": 0.30109783661608003,
        "naucs_at_5_max": -0.23622554067971163,
        "naucs_at_5_std": 0.19631822863027804,
        "naucs_at_5_diff1": 0.08818228630278059,
        "naucs_at_10_max": NaN,
        "naucs_at_10_std": NaN,
        "naucs_at_10_diff1": NaN,
        "naucs_at_20_max": NaN,
        "naucs_at_20_std": NaN,
        "naucs_at_20_diff1": NaN,
        "naucs_at_50_max": NaN,
        "naucs_at_50_std": NaN,
        "naucs_at_50_diff1": NaN,
        "naucs_at_100_max": NaN,
        "naucs_at_100_std": NaN,
        "naucs_at_100_diff1": NaN
      }
    },
    {
      "batch_start": 20,
      "batch_end": 30,
      "metrics": {
        "ndcg_at_1": 0.0,
        "ndcg_at_3": 0.11309,
        "ndcg_at_5": 0.2766,
        "ndcg_at_10": 0.40576,
        "ndcg_at_20": 0.40576,
        "ndcg_at_50": 0.40576,
        "ndcg_at_100": 0.40576,
        "map_at_1": 0.0,
        "map_at_3": 0.08333,
        "map_at_5": 0.17333,
        "map_at_10": 0.22651,
        "map_at_20": 0.22651,
        "map_at_50": 0.22651,
        "map_at_100": 0.22651,
        "recall_at_1": 0.0,
        "recall_at_3": 0.2,
        "recall_at_5": 0.6,
        "recall_at_10": 1.0,
        "recall_at_20": 1.0,
        "recall_at_50": 1.0,
        "recall_at_100": 1.0,
        "precision_at_1": 0.0,
        "precision_at_3": 0.06667,
        "precision_at_5": 0.12,
        "precision_at_10": 0.1,
        "precision_at_20": 0.05,
        "precision_at_50": 0.02,
        "precision_at_100": 0.01,
        "mrr_at_1": 0.0,
        "mrr_at_3": 0.13333333333333333,
        "mrr_at_5": 0.2033333333333333,
        "mrr_at_10": 0.2553968253968254,
        "mrr_at_20": 0.2553968253968254,
        "mrr_at_50": 0.2553968253968254,
        "mrr_at_100": 0.2553968253968254,
        "naucs_at_1_max": NaN,
        "naucs_at_1_std": NaN,
        "naucs_at_1_diff1": NaN,
        "naucs_at_3_max": 0.4575395544074912,
        "naucs_at_3_std": -0.10574749757830162,
        "naucs_at_3_diff1": 0.5592508879560867,
        "naucs_at_5_max": 0.013208667260314973,
        "naucs_at_5_std": 0.5534283170080145,
        "naucs_at_5_diff1": 0.2189076877411695,
        "naucs_at_10_max": NaN,
        "naucs_at_10_std": NaN,
        "naucs_at_10_diff1": NaN,
        "naucs_at_20_max": NaN,
        "naucs_at_20_std": NaN,
        "naucs_at_20_diff1": NaN,
        "naucs_at_50_max": NaN,
        "naucs_at_50_std": NaN,
        "naucs_at_50_diff1": NaN,
        "naucs_at_100_max": NaN,
        "naucs_at_100_std": NaN,
        "naucs_at_100_diff1": NaN
      }
    },
    {
      "batch_start": 30,
      "batch_end": 40,
      "metrics": {
        "ndcg_at_1": 0.1,
        "ndcg_at_3": 0.16309,
        "ndcg_at_5": 0.20178,
        "ndcg_at_10": 0.44655,
        "ndcg_at_20": 0.44655,
        "ndcg_at_50": 0.44655,
        "ndcg_at_100": 0.44655,
        "map_at_1": 0.1,
        "map_at_3": 0.15,
        "map_at_5": 0.17,
        "map_at_10": 0.2819,
        "map_at_20": 0.2819,
        "map_at_50": 0.2819,
        "map_at_100": 0.2819,
        "recall_at_1": 0.1,
        "recall_at_3": 0.2,
        "recall_at_5": 0.3,
        "recall_at_10": 1.0,
        "recall_at_20": 1.0,
        "recall_at_50": 1.0,
        "recall_at_100": 1.0,
        "precision_at_1": 0.1,
        "precision_at_3": 0.06667,
        "precision_at_5": 0.06,
        "precision_at_10": 0.1,
        "precision_at_20": 0.05,
        "precision_at_50": 0.02,
        "precision_at_100": 0.01,
        "mrr_at_1": 0.1,
        "mrr_at_3": 0.15,
        "mrr_at_5": 0.215,
        "mrr_at_10": 0.29178571428571426,
        "mrr_at_20": 0.29178571428571426,
        "mrr_at_50": 0.29178571428571426,
        "mrr_at_100": 0.29178571428571426,
        "naucs_at_1_max": 1.0,
        "naucs_at_1_std": 0.09847061980144896,
        "naucs_at_1_diff1": -0.31848671854038113,
        "naucs_at_3_max": 0.5592508879560867,
        "naucs_at_3_std": -0.06457862447529869,
        "naucs_at_3_diff1": -0.3154665805618342,
        "naucs_at_5_max": 0.801378192136198,
        "naucs_at_5_std": 0.27928658289420366,
        "naucs_at_5_diff1": 0.2395622213214429,
        "naucs_at_10_max": NaN,
        "naucs_at_10_std": NaN,
        "naucs_at_10_diff1": NaN,
        "naucs_at_20_max": NaN,
        "naucs_at_20_std": NaN,
        "naucs_at_20_diff1": NaN,
        "naucs_at_50_max": NaN,
        "naucs_at_50_std": NaN,
        "naucs_at_50_diff1": NaN,