{
  "dataset_name": "vidore/arxivqa_test_subsampled",
  "split": "test",
  "samples_evaluated": 50,
  "elapsed_time": 29.422529935836792,
  "batch_results": [
    {
      "batch_start": 0,
      "batch_end": 10,
      "metrics": {
        "ndcg_at_1": 0.1,
        "ndcg_at_3": 0.16309,
        "ndcg_at_5": 0.24485,
        "ndcg_at_10": 0.43098,
        "ndcg_at_20": 0.43098,
        "ndcg_at_50": 0.43098,
        "ndcg_at_100": 0.43098,
        "map_at_1": 0.1,
        "map_at_3": 0.15,
        "map_at_5": 0.195,
        "map_at_10": 0.26718,
        "map_at_20": 0.26718,
        "map_at_50": 0.26718,
        "map_at_100": 0.26718,
        "recall_at_1": 0.1,
        "recall_at_3": 0.2,
        "recall_at_5": 0.4,
        "recall_at_10": 1.0,
        "recall_at_20": 1.0,
        "recall_at_50": 1.0,
        "recall_at_100": 1.0,
        "precision_at_1": 0.1,
        "precision_at_3": 0.06667,
        "precision_at_5": 0.08,
        "precision_at_10": 0.1,
        "precision_at_20": 0.05,
        "precision_at_50": 0.02,
        "precision_at_100": 0.01,
        "mrr_at_1": 0.2,
        "mrr_at_3": 0.2333333333333333,
        "mrr_at_5": 0.2333333333333333,
        "mrr_at_10": 0.32396825396825396,
        "mrr_at_20": 0.32396825396825396,
        "mrr_at_50": 0.32396825396825396,
        "mrr_at_100": 0.32396825396825396,
        "naucs_at_1_max": 0.3238529648510867,
        "naucs_at_1_std": -0.31848671854038113,
        "naucs_at_1_diff1": 0.6619264824255432,
        "naucs_at_3_max": 0.07103648692282842,
        "naucs_at_3_std": -0.23409751372295784,
        "naucs_at_3_diff1": 0.27445915402001925,
        "naucs_at_5_max": -0.21691555097837276,
        "naucs_at_5_std": 0.6107106076210094,
        "naucs_at_5_diff1": 0.02639031925849666,
        "naucs_at_10_max": NaN,
        "naucs_at_10_std": NaN,
        "naucs_at_10_diff1": NaN,
        "naucs_at_20_max": NaN,
        "naucs_at_20_std": NaN,
        "naucs_at_20_diff1": NaN,
        "naucs_at_50_max": NaN,
        "naucs_at_50_std": NaN,
        "naucs_at_50_diff1": NaN,
        "naucs_at_100_max": NaN,
        "naucs_at_100_std": NaN,
        "naucs_at_100_diff1": NaN
      }
    },
    {
      "batch_start": 10,
      "batch_end": 20,
      "metrics": {
        "ndcg_at_1": 0.1,
        "ndcg_at_3": 0.2,
        "ndcg_at_5": 0.3292,
        "ndcg_at_10": 0.45861,
        "ndcg_at_20": 0.45861,
        "ndcg_at_50": 0.45861,
        "ndcg_at_100": 0.45861,
        "map_at_1": 0.1,
        "map_at_3": 0.16667,
        "map_at_5": 0.24167,
        "map_at_10": 0.29512,
        "map_at_20": 0.29512,
        "map_at_50": 0.29512,
        "map_at_100": 0.29512,
        "recall_at_1": 0.1,
        "recall_at_3": 0.3,
        "recall_at_5": 0.6,
        "recall_at_10": 1.0,
        "recall_at_20": 1.0,
        "recall_at_50": 1.0,
        "recall_at_100": 1.0,
        "precision_at_1": 0.1,
        "precision_at_3": 0.1,
        "precision_at_5": 0.12,
        "precision_at_10": 0.1,
        "precision_at_20": 0.05,
        "precision_at_50": 0.02,
        "precision_at_100": 0.01,
        "mrr_at_1": 0.1,
        "mrr_at_3": 0.21666666666666665,
        "mrr_at_5": 0.29166666666666663,
        "mrr_at_10": 0.33083333333333337,
        "mrr_at_20": 0.33083333333333337,
        "mrr_at_50": 0.33083333333333337,
        "mrr_at_100": 0.33083333333333337,
        "naucs_at_1_max": 0.6619264824255432,
        "naucs_at_1_std": -0.20579554601556224,
        "naucs_at_1_diff1": 1.0,
        "naucs_at_3_max": 0.244831779489258,
        "naucs_at_3_std": -0.34819618970409416,
        "naucs_at_3_diff1": 0.3015808674503444,
        "naucs_at_5_max": 0.5586227367171268,
        "naucs_at_5_std": -0.7804986642920747,
        "naucs_at_5_diff1": 0.5586227367171268,
        "naucs_at_10_max": NaN,
        "naucs_at_10_std": NaN,
        "naucs_at_10_diff1": NaN,
        "naucs_at_20_max": NaN,
        "naucs_at_20_std": NaN,
        "naucs_at_20_diff1": NaN,
        "naucs_at_50_max": NaN,
        "naucs_at_50_std": NaN,
        "naucs_at_50_diff1": NaN,
        "naucs_at_100_max": NaN,
        "naucs_at_100_std": NaN,
        "naucs_at_100_diff1": NaN
      }
    },
    {
      "batch_start": 20,
      "batch_end": 30,
      "metrics": {
        "ndcg_at_1": 0.1,
        "ndcg_at_3": 0.2,
        "ndcg_at_5": 0.24307,
        "ndcg_at_10": 0.4382,
        "ndcg_at_20": 0.4382,
        "ndcg_at_50": 0.4382,
        "ndcg_at_100": 0.4382,
        "map_at_1": 0.1,
        "map_at_3": 0.16667,
        "map_at_5": 0.19167,
        "map_at_10": 0.2729,
        "map_at_20": 0.2729,
        "map_at_50": 0.2729,
        "map_at_100": 0.2729,
        "recall_at_1": 0.1,
        "recall_at_3": 0.3,
        "recall_at_5": 0.4,
        "recall_at_10": 1.0,
        "recall_at_20": 1.0,
        "recall_at_50": 1.0,
        "recall_at_100": 1.0,
        "precision_at_1": 0.1,
        "precision_at_3": 0.1,
        "precision_at_5": 0.08,
        "precision_at_10": 0.1,
        "precision_at_20": 0.05,
        "precision_at_50": 0.02,
        "precision_at_100": 0.01,
        "mrr_at_1": 0.2,
        "mrr_at_3": 0.25,
        "mrr_at_5": 0.25,
        "mrr_at_10": 0.3423412698412699,
        "mrr_at_20": 0.3423412698412699,
        "mrr_at_50": 0.3423412698412699,
        "mrr_at_100": 0.3423412698412699,
        "naucs_at_1_max": 0.6619264824255432,
        "naucs_at_1_std": -0.5747249798765766,
        "naucs_at_1_diff1": 1.0,
        "naucs_at_3_max": 0.46088366436967965,
        "naucs_at_3_std": -0.286718011079584,
        "naucs_at_3_diff1": 1.0,
        "naucs_at_5_max": 0.1994078269824924,
        "naucs_at_5_std": 0.2066168898043253,
        "naucs_at_5_diff1": 0.7130535530381054,
        "naucs_at_10_max": NaN,
        "naucs_at_10_std": NaN,
        "naucs_at_10_diff1": NaN,
        "naucs_at_20_max": NaN,
        "naucs_at_20_std": NaN,
        "naucs_at_20_diff1": NaN,
        "naucs_at_50_max": NaN,
        "naucs_at_50_std": NaN,
        "naucs_at_50_diff1": NaN,
        "naucs_at_100_max": NaN,
        "naucs_at_100_std": NaN,
        "naucs_at_100_diff1": NaN
      }
    },
    {
      "batch_start": 30,
      "batch_end": 40,
      "metrics": {
        "ndcg_at_1": 0.1,
        "ndcg_at_3": 0.15,
        "ndcg_at_5": 0.35657,
        "ndcg_at_10": 0.45443,
        "ndcg_at_20": 0.45443,
        "ndcg_at_50": 0.45443,
        "ndcg_at_100": 0.45443,
        "map_at_1": 0.1,
        "map_at_3": 0.13333,
        "map_at_5": 0.24833,
        "map_at_10": 0.28929,
        "map_at_20": 0.28929,
        "map_at_50": 0.28929,
        "map_at_100": 0.28929,
        "recall_at_1": 0.1,
        "recall_at_3": 0.2,
        "recall_at_5": 0.7,
        "recall_at_10": 1.0,
        "recall_at_20": 1.0,
        "recall_at_50": 1.0,
        "recall_at_100": 1.0,
        "precision_at_1": 0.1,
        "precision_at_3": 0.06667,
        "precision_at_5": 0.14,
        "precision_at_10": 0.1,
        "precision_at_20": 0.05,
        "precision_at_50": 0.02,
        "precision_at_100": 0.01,
        "mrr_at_1": 0.1,
        "mrr_at_3": 0.18333333333333332,
        "mrr_at_5": 0.2733333333333333,
        "mrr_at_10": 0.31428571428571433,
        "mrr_at_20": 0.31428571428571433,
        "mrr_at_50": 0.31428571428571433,
        "mrr_at_100": 0.31428571428571433,
        "naucs_at_1_max": -0.4995975315266972,
        "naucs_at_1_std": 1.0,
        "naucs_at_1_diff1": -0.4995975315266972,
        "naucs_at_3_max": -0.42444300936390067,
        "naucs_at_3_std": 0.25589279948337107,
        "naucs_at_3_diff1": -0.4922505650629643,
        "naucs_at_5_max": -0.2381552873356146,
        "naucs_at_5_std": -0.23185011709601874,
        "naucs_at_5_diff1": -0.729958566024139,
        "naucs_at_10_max": NaN,
        "naucs_at_10_std": NaN,
        "naucs_at_10_diff1": NaN,
        "naucs_at_20_max": NaN,
        "naucs_at_20_std": NaN,
        "naucs_at_20_diff1": NaN,
        "naucs_at_50_max": NaN,
        "naucs_at_50_std": NaN,