{
  "dataset_name": "vidore/docvqa_test_subsampled",
  "split": "test",
  "samples_evaluated": 50,
  "elapsed_time": 44.955217599868774,
  "batch_results": [
    {
      "batch_start": 0,
      "batch_end": 10,
      "metrics": {
        "ndcg_at_1": 0.0,
        "ndcg_at_3": 0.12619,
        "ndcg_at_5": 0.20794,
        "ndcg_at_10": 0.39849,
        "ndcg_at_20": 0.39849,
        "ndcg_at_50": 0.39849,
        "ndcg_at_100": 0.39849,
        "map_at_1": 0.0,
        "map_at_3": 0.1,
        "map_at_5": 0.145,
        "map_at_10": 0.22147,
        "map_at_20": 0.22147,
        "map_at_50": 0.22147,
        "map_at_100": 0.22147,
        "recall_at_1": 0.0,
        "recall_at_3": 0.2,
        "recall_at_5": 0.4,
        "recall_at_10": 1.0,
        "recall_at_20": 1.0,
        "recall_at_50": 1.0,
        "recall_at_100": 1.0,
        "precision_at_1": 0.0,
        "precision_at_3": 0.06667,
        "precision_at_5": 0.08,
        "precision_at_10": 0.1,
        "precision_at_20": 0.05,
        "precision_at_50": 0.02,
        "precision_at_100": 0.01,
        "mrr_at_1": 0.0,
        "mrr_at_3": 0.1,
        "mrr_at_5": 0.145,
        "mrr_at_10": 0.2224603174603174,
        "mrr_at_20": 0.2224603174603174,
        "mrr_at_50": 0.2224603174603174,
        "mrr_at_100": 0.2224603174603174,
        "naucs_at_1_max": NaN,
        "naucs_at_1_std": NaN,
        "naucs_at_1_diff1": NaN,
        "naucs_at_3_max": -0.24136260897642883,
        "naucs_at_3_std": -0.05489183080400392,
        "naucs_at_3_diff1": -0.24136260897642883,
        "naucs_at_5_max": 0.09127188465499518,
        "naucs_at_5_std": -0.17636457260556118,
        "naucs_at_5_diff1": 0.2534757981462412,
        "naucs_at_10_max": NaN,
        "naucs_at_10_std": NaN,
        "naucs_at_10_diff1": NaN,
        "naucs_at_20_max": NaN,
        "naucs_at_20_std": NaN,
        "naucs_at_20_diff1": NaN,
        "naucs_at_50_max": NaN,
        "naucs_at_50_std": NaN,
        "naucs_at_50_diff1": NaN,
        "naucs_at_100_max": NaN,
        "naucs_at_100_std": NaN,
        "naucs_at_100_diff1": NaN
      }
    },
    {
      "batch_start": 10,
      "batch_end": 20,
      "metrics": {
        "ndcg_at_1": 0.2,
        "ndcg_at_3": 0.37619,
        "ndcg_at_5": 0.41925,
        "ndcg_at_10": 0.54866,
        "ndcg_at_20": 0.54866,
        "ndcg_at_50": 0.54866,
        "ndcg_at_100": 0.54866,
        "map_at_1": 0.2,
        "map_at_3": 0.33333,
        "map_at_5": 0.35833,
        "map_at_10": 0.41179,
        "map_at_20": 0.41179,
        "map_at_50": 0.41179,
        "map_at_100": 0.41179,
        "recall_at_1": 0.2,
        "recall_at_3": 0.5,
        "recall_at_5": 0.6,
        "recall_at_10": 1.0,
        "recall_at_20": 1.0,
        "recall_at_50": 1.0,
        "recall_at_100": 1.0,
        "precision_at_1": 0.2,
        "precision_at_3": 0.16667,
        "precision_at_5": 0.12,
        "precision_at_10": 0.1,
        "precision_at_20": 0.05,
        "precision_at_50": 0.02,
        "precision_at_100": 0.01,
        "mrr_at_1": 0.1,
        "mrr_at_3": 0.2333333333333333,
        "mrr_at_5": 0.30333333333333334,
        "mrr_at_10": 0.3369444444444445,
        "mrr_at_20": 0.3369444444444445,
        "mrr_at_50": 0.3369444444444445,
        "mrr_at_100": 0.3369444444444445,
        "naucs_at_1_max": -0.1057474975783017,
        "naucs_at_1_std": 0.2744591540200193,
        "naucs_at_1_diff1": -0.24136260897642894,
        "naucs_at_3_max": 0.021718854097268543,
        "naucs_at_3_std": 0.6778147901399068,
        "naucs_at_3_diff1": 0.004930046635576228,
        "naucs_at_5_max": -0.20540219649747704,
        "naucs_at_5_std": 0.4370733155238948,
        "naucs_at_5_diff1": -0.10834075393291756,
        "naucs_at_10_max": NaN,
        "naucs_at_10_std": NaN,
        "naucs_at_10_diff1": NaN,
        "naucs_at_20_max": NaN,
        "naucs_at_20_std": NaN,
        "naucs_at_20_diff1": NaN,
        "naucs_at_50_max": NaN,
        "naucs_at_50_std": NaN,
        "naucs_at_50_diff1": NaN,
        "naucs_at_100_max": NaN,
        "naucs_at_100_std": NaN,
        "naucs_at_100_diff1": NaN
      }
    },
    {
      "batch_start": 20,
      "batch_end": 30,
      "metrics": {
        "ndcg_at_1": 0.0,
        "ndcg_at_3": 0.16309,
        "ndcg_at_5": 0.3266,
        "ndcg_at_10": 0.41894,
        "ndcg_at_20": 0.41894,
        "ndcg_at_50": 0.41894,
        "ndcg_at_100": 0.41894,
        "map_at_1": 0.0,
        "map_at_3": 0.11667,
        "map_at_5": 0.20667,
        "map_at_10": 0.24206,
        "map_at_20": 0.24206,
        "map_at_50": 0.24206,
        "map_at_100": 0.24206,
        "recall_at_1": 0.0,
        "recall_at_3": 0.3,
        "recall_at_5": 0.7,
        "recall_at_10": 1.0,
        "recall_at_20": 1.0,
        "recall_at_50": 1.0,
        "recall_at_100": 1.0,
        "precision_at_1": 0.0,
        "precision_at_3": 0.1,
        "precision_at_5": 0.14,
        "precision_at_10": 0.1,
        "precision_at_20": 0.05,
        "precision_at_50": 0.02,
        "precision_at_100": 0.01,
        "mrr_at_1": 0.0,
        "mrr_at_3": 0.11666666666666665,
        "mrr_at_5": 0.20666666666666664,
        "mrr_at_10": 0.24523809523809526,
        "mrr_at_20": 0.24523809523809526,
        "mrr_at_50": 0.24523809523809526,
        "mrr_at_100": 0.24523809523809526,
        "naucs_at_1_max": NaN,
        "naucs_at_1_std": NaN,
        "naucs_at_1_diff1": NaN,
        "naucs_at_3_max": -0.1495743818402921,
        "naucs_at_3_std": -0.2144304823672477,
        "naucs_at_3_diff1": -0.3434670990406703,
        "naucs_at_5_max": -0.9019996397045571,
        "naucs_at_5_std": -0.837146460097279,
        "naucs_at_5_diff1": -0.12214015492703968,
        "naucs_at_10_max": NaN,
        "naucs_at_10_std": NaN,
        "naucs_at_10_diff1": NaN,
        "naucs_at_20_max": NaN,
        "naucs_at_20_std": NaN,
        "naucs_at_20_diff1": NaN,
        "naucs_at_50_max": NaN,
        "naucs_at_50_std": NaN,
        "naucs_at_50_diff1": NaN,
        "naucs_at_100_max": NaN,
        "naucs_at_100_std": NaN,
        "naucs_at_100_diff1": NaN
      }
    },
    {
      "batch_start": 30,
      "batch_end": 40,
      "metrics": {
        "ndcg_at_1": 0.1,
        "ndcg_at_3": 0.26309,
        "ndcg_at_5": 0.34485,
        "ndcg_at_10": 0.47545,
        "ndcg_at_20": 0.47545,
        "ndcg_at_50": 0.47545,
        "ndcg_at_100": 0.47545,
        "map_at_1": 0.1,
        "map_at_3": 0.21667,
        "map_at_5": 0.26167,
        "map_at_10": 0.31623,
        "map_at_20": 0.31623,
        "map_at_50": 0.31623,
        "map_at_100": 0.31623,
        "recall_at_1": 0.1,
        "recall_at_3": 0.4,
        "recall_at_5": 0.6,
        "recall_at_10": 1.0,
        "recall_at_20": 1.0,
        "recall_at_50": 1.0,
        "recall_at_100": 1.0,
        "precision_at_1": 0.1,
        "precision_at_3": 0.13333,
        "precision_at_5": 0.12,
        "precision_at_10": 0.1,
        "precision_at_20": 0.05,
        "precision_at_50": 0.02,
        "precision_at_100": 0.01,
        "mrr_at_1": 0.1,
        "mrr_at_3": 0.21666666666666665,
        "mrr_at_5": 0.26166666666666666,
        "mrr_at_10": 0.3162301587301587,
        "mrr_at_20": 0.3162301587301587,
        "mrr_at_50": 0.3162301587301587,
        "mrr_at_100": 0.3162301587301587,
        "naucs_at_1_max": -0.41507915213308305,
        "naucs_at_1_std": -0.4995975315266972,
        "naucs_at_1_diff1": -0.41507915213308305,
        "naucs_at_3_max": -0.0019309989701338755,
        "naucs_at_3_std": 0.2805097837281154,
        "naucs_at_3_diff1": 0.3224768280123583,
        "naucs_at_5_max": -0.15509053131493009,
        "naucs_at_5_std": 0.03339269813000931,
        "naucs_at_5_diff1": 0.2189076877411695,
        "naucs_at_10_max": NaN,
        "naucs_at_10_std": NaN,
        "naucs_at_10_diff1": NaN,
        "naucs_at_20_max": NaN,
        "naucs_at_20_std": NaN,
        "naucs_at_20_diff1": NaN,
        "naucs_at_50_max": NaN,
        "naucs_at_50_std": NaN,