{
  "dataset_name": "vidore/syntheticDocQA_energy_test",
  "split": "test",
  "samples_evaluated": 50,
  "elapsed_time": 32.55904793739319,
  "batch_results": [
    {
      "batch_start": 0,
      "batch_end": 10,
      "metrics": {
        "ndcg_at_1": 0.1,
        "ndcg_at_3": 0.21309,
        "ndcg_at_5": 0.33353,
        "ndcg_at_10": 0.46413,
        "ndcg_at_20": 0.46413,
        "ndcg_at_50": 0.46413,
        "ndcg_at_100": 0.46413,
        "map_at_1": 0.1,
        "map_at_3": 0.18333,
        "map_at_5": 0.24833,
        "map_at_10": 0.3029,
        "map_at_20": 0.3029,
        "map_at_50": 0.3029,
        "map_at_100": 0.3029,
        "recall_at_1": 0.1,
        "recall_at_3": 0.3,
        "recall_at_5": 0.6,
        "recall_at_10": 1.0,
        "recall_at_20": 1.0,
        "recall_at_50": 1.0,
        "recall_at_100": 1.0,
        "precision_at_1": 0.1,
        "precision_at_3": 0.1,
        "precision_at_5": 0.12,
        "precision_at_10": 0.1,
        "precision_at_20": 0.05,
        "precision_at_50": 0.02,
        "precision_at_100": 0.01,
        "mrr_at_1": 0.1,
        "mrr_at_3": 0.18333333333333332,
        "mrr_at_5": 0.24833333333333335,
        "mrr_at_10": 0.2997222222222223,
        "mrr_at_20": 0.2997222222222223,
        "mrr_at_50": 0.2997222222222223,
        "mrr_at_100": 0.2997222222222223,
        "naucs_at_1_max": -0.20579554601556224,
        "naucs_at_1_std": 0.09847061980144896,
        "naucs_at_1_diff1": -0.20579554601556224,
        "naucs_at_3_max": -0.4285907309822999,
        "naucs_at_3_std": 0.34414268342115917,
        "naucs_at_3_diff1": -0.4285907309822999,
        "naucs_at_5_max": -0.4235678242802018,
        "naucs_at_5_std": 0.2500742059958447,
        "naucs_at_5_diff1": -0.4235678242802018,
        "naucs_at_10_max": NaN,
        "naucs_at_10_std": NaN,
        "naucs_at_10_diff1": NaN,
        "naucs_at_20_max": NaN,
        "naucs_at_20_std": NaN,
        "naucs_at_20_diff1": NaN,
        "naucs_at_50_max": NaN,
        "naucs_at_50_std": NaN,
        "naucs_at_50_diff1": NaN,
        "naucs_at_100_max": NaN,
        "naucs_at_100_std": NaN,
        "naucs_at_100_diff1": NaN
      }
    },
    {
      "batch_start": 10,
      "batch_end": 20,
      "metrics": {
        "ndcg_at_1": 0.1,
        "ndcg_at_3": 0.27619,
        "ndcg_at_5": 0.31487,
        "ndcg_at_10": 0.47318,
        "ndcg_at_20": 0.47318,
        "ndcg_at_50": 0.47318,
        "ndcg_at_100": 0.47318,
        "map_at_1": 0.1,
        "map_at_3": 0.23333,
        "map_at_5": 0.25333,
        "map_at_10": 0.31679,
        "map_at_20": 0.31679,
        "map_at_50": 0.31679,
        "map_at_100": 0.31679,
        "recall_at_1": 0.1,
        "recall_at_3": 0.4,
        "recall_at_5": 0.5,
        "recall_at_10": 1.0,
        "recall_at_20": 1.0,
        "recall_at_50": 1.0,
        "recall_at_100": 1.0,
        "precision_at_1": 0.1,
        "precision_at_3": 0.13333,
        "precision_at_5": 0.1,
        "precision_at_10": 0.1,
        "precision_at_20": 0.05,
        "precision_at_50": 0.02,
        "precision_at_100": 0.01,
        "mrr_at_1": 0.2,
        "mrr_at_3": 0.3333333333333333,
        "mrr_at_5": 0.3333333333333333,
        "mrr_at_10": 0.39123015873015876,
        "mrr_at_20": 0.39123015873015876,
        "mrr_at_50": 0.39123015873015876,
        "mrr_at_100": 0.39123015873015876,
        "naucs_at_1_max": 1.0,
        "naucs_at_1_std": -0.41507915213308305,
        "naucs_at_1_diff1": 1.0,
        "naucs_at_3_max": 0.36161174047373845,
        "naucs_at_3_std": -0.27227085478887725,
        "naucs_at_3_diff1": 0.5238156539649845,
        "naucs_at_5_max": 0.272085276482345,
        "naucs_at_5_std": -0.43997335109926744,
        "naucs_at_5_diff1": 0.439973351099267,
        "naucs_at_10_max": NaN,
        "naucs_at_10_std": NaN,
        "naucs_at_10_diff1": NaN,
        "naucs_at_20_max": NaN,
        "naucs_at_20_std": NaN,
        "naucs_at_20_diff1": NaN,
        "naucs_at_50_max": NaN,
        "naucs_at_50_std": NaN,
        "naucs_at_50_diff1": NaN,
        "naucs_at_100_max": NaN,
        "naucs_at_100_std": NaN,
        "naucs_at_100_diff1": NaN
      }
    },
    {
      "batch_start": 20,
      "batch_end": 30,
      "metrics": {
        "ndcg_at_1": 0.0,
        "ndcg_at_3": 0.1,
        "ndcg_at_5": 0.18175,
        "ndcg_at_10": 0.3734,
        "ndcg_at_20": 0.3734,
        "ndcg_at_50": 0.3734,
        "ndcg_at_100": 0.3734,
        "map_at_1": 0.0,
        "map_at_3": 0.06667,
        "map_at_5": 0.11167,
        "map_at_10": 0.1894,
        "map_at_20": 0.1894,
        "map_at_50": 0.1894,
        "map_at_100": 0.1894,
        "recall_at_1": 0.0,
        "recall_at_3": 0.2,
        "recall_at_5": 0.4,
        "recall_at_10": 1.0,
        "recall_at_20": 1.0,
        "recall_at_50": 1.0,
        "recall_at_100": 1.0,
        "precision_at_1": 0.0,
        "precision_at_3": 0.06667,
        "precision_at_5": 0.08,
        "precision_at_10": 0.1,
        "precision_at_20": 0.05,
        "precision_at_50": 0.02,
        "precision_at_100": 0.01,
        "mrr_at_1": 0.0,
        "mrr_at_3": 0.03333333333333333,
        "mrr_at_5": 0.07333333333333333,
        "mrr_at_10": 0.16218253968253965,
        "mrr_at_20": 0.16218253968253965,
        "mrr_at_50": 0.16218253968253965,
        "mrr_at_100": 0.16218253968253965,
        "naucs_at_1_max": NaN,
        "naucs_at_1_std": NaN,
        "naucs_at_1_diff1": NaN,
        "naucs_at_3_max": 0.003228931223764867,
        "naucs_at_3_std": 0.2066515983209557,
        "naucs_at_3_diff1": 0.2066515983209557,
        "naucs_at_5_max": -0.2709835221421216,
        "naucs_at_5_std": 0.3688208032955713,
        "naucs_at_5_diff1": -0.10877960865087531,
        "naucs_at_10_max": NaN,
        "naucs_at_10_std": NaN,
        "naucs_at_10_diff1": NaN,
        "naucs_at_20_max": NaN,
        "naucs_at_20_std": NaN,
        "naucs_at_20_diff1": NaN,
        "naucs_at_50_max": NaN,
        "naucs_at_50_std": NaN,
        "naucs_at_50_diff1": NaN,
        "naucs_at_100_max": NaN,
        "naucs_at_100_std": NaN,
        "naucs_at_100_diff1": NaN
      }
    },
    {
      "batch_start": 30,
      "batch_end": 40,
      "metrics": {
        "ndcg_at_1": 0.1,
        "ndcg_at_3": 0.21309,
        "ndcg_at_5": 0.29485,
        "ndcg_at_10": 0.45436,
        "ndcg_at_20": 0.45436,
        "ndcg_at_50": 0.45436,
        "ndcg_at_100": 0.45436,
        "map_at_1": 0.1,
        "map_at_3": 0.18333,
        "map_at_5": 0.22833,
        "map_at_10": 0.2929,
        "map_at_20": 0.2929,
        "map_at_50": 0.2929,
        "map_at_100": 0.2929,
        "recall_at_1": 0.1,
        "recall_at_3": 0.3,
        "recall_at_5": 0.5,
        "recall_at_10": 1.0,
        "recall_at_20": 1.0,
        "recall_at_50": 1.0,
        "recall_at_100": 1.0,
        "precision_at_1": 0.1,
        "precision_at_3": 0.1,
        "precision_at_5": 0.1,
        "precision_at_10": 0.1,
        "precision_at_20": 0.05,
        "precision_at_50": 0.02,
        "precision_at_100": 0.01,
        "mrr_at_1": 0.1,
        "mrr_at_3": 0.18333333333333332,
        "mrr_at_5": 0.22833333333333333,
        "mrr_at_10": 0.29289682539682543,
        "mrr_at_20": 0.29289682539682543,
        "mrr_at_50": 0.29289682539682543,
        "mrr_at_100": 0.29289682539682543,
        "naucs_at_1_max": 1.0,
        "naucs_at_1_std": -0.20579554601556224,
        "naucs_at_1_diff1": 1.0,
        "naucs_at_3_max": 0.04296716659910802,
        "naucs_at_3_std": 0.1909201459262259,
        "naucs_at_3_diff1": 0.04296716659910802,
        "naucs_at_5_max": 0.33604263824117236,
        "naucs_at_5_std": 0.19093937375083272,
        "naucs_at_5_diff1": 0.33604263824117236,
        "naucs_at_10_max": NaN,
        "naucs_at_10_std": NaN,
        "naucs_at_10_diff1": NaN,
        "naucs_at_20_max": NaN,
        "naucs_at_20_std": NaN,
        "naucs_at_20_diff1": NaN,
        "naucs_at_50_max": NaN,
        "naucs_at_50_std": NaN,