{
  "dataset_name": "vidore/infovqa_test_subsampled",
  "split": "test",
  "samples_evaluated": 50,
  "elapsed_time": 32.121848821640015,
  "batch_results": [
    {
      "batch_start": 0,
      "batch_end": 10,
      "metrics": {
        "ndcg_at_1": 0.1,
        "ndcg_at_3": 0.21309,
        "ndcg_at_5": 0.29485,
        "ndcg_at_10": 0.45436,
        "ndcg_at_20": 0.45436,
        "ndcg_at_50": 0.45436,
        "ndcg_at_100": 0.45436,
        "map_at_1": 0.1,
        "map_at_3": 0.18333,
        "map_at_5": 0.22833,
        "map_at_10": 0.2929,
        "map_at_20": 0.2929,
        "map_at_50": 0.2929,
        "map_at_100": 0.2929,
        "recall_at_1": 0.1,
        "recall_at_3": 0.3,
        "recall_at_5": 0.5,
        "recall_at_10": 1.0,
        "recall_at_20": 1.0,
        "recall_at_50": 1.0,
        "recall_at_100": 1.0,
        "precision_at_1": 0.1,
        "precision_at_3": 0.1,
        "precision_at_5": 0.1,
        "precision_at_10": 0.1,
        "precision_at_20": 0.05,
        "precision_at_50": 0.02,
        "precision_at_100": 0.01,
        "mrr_at_1": 0.1,
        "mrr_at_3": 0.18333333333333332,
        "mrr_at_5": 0.22833333333333333,
        "mrr_at_10": 0.2928968253968254,
        "mrr_at_20": 0.2928968253968254,
        "mrr_at_50": 0.2928968253968254,
        "mrr_at_100": 0.2928968253968254,
        "naucs_at_1_max": 0.3238529648510867,
        "naucs_at_1_std": -0.4995975315266972,
        "naucs_at_1_diff1": 0.3238529648510867,
        "naucs_at_3_max": -0.22996892311849768,
        "naucs_at_3_std": -0.3056343737332795,
        "naucs_at_3_diff1": -0.22996892311849768,
        "naucs_at_5_max": -0.21292471685542977,
        "naucs_at_5_std": -0.09020652898067939,
        "naucs_at_5_diff1": -0.21292471685542977,
        "naucs_at_10_max": NaN,
        "naucs_at_10_std": NaN,
        "naucs_at_10_diff1": NaN,
        "naucs_at_20_max": NaN,
        "naucs_at_20_std": NaN,
        "naucs_at_20_diff1": NaN,
        "naucs_at_50_max": NaN,
        "naucs_at_50_std": NaN,
        "naucs_at_50_diff1": NaN,
        "naucs_at_100_max": NaN,
        "naucs_at_100_std": NaN,
        "naucs_at_100_diff1": NaN
      }
    },
    {
      "batch_start": 10,
      "batch_end": 20,
      "metrics": {
        "ndcg_at_1": 0.0,
        "ndcg_at_3": 0.11309,
        "ndcg_at_5": 0.19485,
        "ndcg_at_10": 0.38326,
        "ndcg_at_20": 0.38326,
        "ndcg_at_50": 0.38326,
        "ndcg_at_100": 0.38326,
        "map_at_1": 0.0,
        "map_at_3": 0.08333,
        "map_at_5": 0.12833,
        "map_at_10": 0.2029,
        "map_at_20": 0.2029,
        "map_at_50": 0.2029,
        "map_at_100": 0.2029,
        "recall_at_1": 0.0,
        "recall_at_3": 0.2,
        "recall_at_5": 0.4,
        "recall_at_10": 1.0,
        "recall_at_20": 1.0,
        "recall_at_50": 1.0,
        "recall_at_100": 1.0,
        "precision_at_1": 0.0,
        "precision_at_3": 0.06667,
        "precision_at_5": 0.08,
        "precision_at_10": 0.1,
        "precision_at_20": 0.05,
        "precision_at_50": 0.02,
        "precision_at_100": 0.01,
        "mrr_at_1": 0.1,
        "mrr_at_3": 0.15,
        "mrr_at_5": 0.195,
        "mrr_at_10": 0.2727380952380952,
        "mrr_at_20": 0.2727380952380952,
        "mrr_at_50": 0.2727380952380952,
        "mrr_at_100": 0.2727380952380952,
        "naucs_at_1_max": NaN,
        "naucs_at_1_std": NaN,
        "naucs_at_1_diff1": NaN,
        "naucs_at_3_max": -0.06457862447529869,
        "naucs_at_3_std": -0.550371327090733,
        "naucs_at_3_diff1": -0.06457862447529869,
        "naucs_at_5_max": -0.4034500514933059,
        "naucs_at_5_std": 0.19631822863027804,
        "naucs_at_5_diff1": -0.4034500514933059,
        "naucs_at_10_max": NaN,
        "naucs_at_10_std": NaN,
        "naucs_at_10_diff1": NaN,
        "naucs_at_20_max": NaN,
        "naucs_at_20_std": NaN,
        "naucs_at_20_diff1": NaN,
        "naucs_at_50_max": NaN,
        "naucs_at_50_std": NaN,
        "naucs_at_50_diff1": NaN,
        "naucs_at_100_max": NaN,
        "naucs_at_100_std": NaN,
        "naucs_at_100_diff1": NaN
      }
    },
    {
      "batch_start": 20,
      "batch_end": 30,
      "metrics": {
        "ndcg_at_1": 0.1,
        "ndcg_at_3": 0.2,
        "ndcg_at_5": 0.28175,
        "ndcg_at_10": 0.44449,
        "ndcg_at_20": 0.44449,
        "ndcg_at_50": 0.44449,
        "ndcg_at_100": 0.44449,
        "map_at_1": 0.1,
        "map_at_3": 0.16667,
        "map_at_5": 0.21167,
        "map_at_10": 0.2794,
        "map_at_20": 0.2794,
        "map_at_50": 0.2794,
        "map_at_100": 0.2794,
        "recall_at_1": 0.1,
        "recall_at_3": 0.3,
        "recall_at_5": 0.5,
        "recall_at_10": 1.0,
        "recall_at_20": 1.0,
        "recall_at_50": 1.0,
        "recall_at_100": 1.0,
        "precision_at_1": 0.1,
        "precision_at_3": 0.1,
        "precision_at_5": 0.1,
        "precision_at_10": 0.1,
        "precision_at_20": 0.05,
        "precision_at_50": 0.02,
        "precision_at_100": 0.01,
        "mrr_at_1": 0.1,
        "mrr_at_3": 0.21666666666666665,
        "mrr_at_5": 0.23666666666666666,
        "mrr_at_10": 0.3001190476190476,
        "mrr_at_20": 0.3001190476190476,
        "mrr_at_50": 0.3001190476190476,
        "mrr_at_100": 0.3001190476190476,
        "naucs_at_1_max": -0.41507915213308305,
        "naucs_at_1_std": 1.0,
        "naucs_at_1_diff1": -0.41507915213308305,
        "naucs_at_3_max": 0.13417105796513976,
        "naucs_at_3_std": 0.44953384677746255,
        "naucs_at_3_diff1": -0.03607620591811925,
        "naucs_at_5_max": -0.21798800799467052,
        "naucs_at_5_std": 0.5658894070619587,
        "naucs_at_5_diff1": -0.3858760826115925,
        "naucs_at_10_max": NaN,
        "naucs_at_10_std": NaN,
        "naucs_at_10_diff1": NaN,
        "naucs_at_20_max": NaN,
        "naucs_at_20_std": NaN,
        "naucs_at_20_diff1": NaN,
        "naucs_at_50_max": NaN,
        "naucs_at_50_std": NaN,
        "naucs_at_50_diff1": NaN,
        "naucs_at_100_max": NaN,
        "naucs_at_100_std": NaN,
        "naucs_at_100_diff1": NaN
      }
    },
    {
      "batch_start": 30,
      "batch_end": 40,
      "metrics": {
        "ndcg_at_1": 0.1,
        "ndcg_at_3": 0.21309,
        "ndcg_at_5": 0.29485,
        "ndcg_at_10": 0.45113,
        "ndcg_at_20": 0.45113,
        "ndcg_at_50": 0.45113,
        "ndcg_at_100": 0.45113,
        "map_at_1": 0.1,
        "map_at_3": 0.18333,
        "map_at_5": 0.22833,
        "map_at_10": 0.28972,
        "map_at_20": 0.28972,
        "map_at_50": 0.28972,
        "map_at_100": 0.28972,
        "recall_at_1": 0.1,
        "recall_at_3": 0.3,
        "recall_at_5": 0.5,
        "recall_at_10": 1.0,
        "recall_at_20": 1.0,
        "recall_at_50": 1.0,
        "recall_at_100": 1.0,
        "precision_at_1": 0.1,
        "precision_at_3": 0.1,
        "precision_at_5": 0.1,
        "precision_at_10": 0.1,
        "precision_at_20": 0.05,
        "precision_at_50": 0.02,
        "precision_at_100": 0.01,
        "mrr_at_1": 0.1,
        "mrr_at_3": 0.15,
        "mrr_at_5": 0.22000000000000003,
        "mrr_at_10": 0.2827777777777778,
        "mrr_at_20": 0.2827777777777778,
        "mrr_at_50": 0.2827777777777778,
        "mrr_at_100": 0.2827777777777778,
        "naucs_at_1_max": -0.20579554601556224,
        "naucs_at_1_std": -0.07056613898577947,
        "naucs_at_1_diff1": -0.20579554601556224,
        "naucs_at_3_max": -0.08958248885285779,
        "naucs_at_3_std": -0.29955411430887735,
        "naucs_at_3_diff1": -0.08958248885285779,
        "naucs_at_5_max": -0.4526315789473685,
        "naucs_at_5_std": -0.4199866755496337,
        "naucs_at_5_diff1": -0.4526315789473685,
        "naucs_at_10_max": NaN,
        "naucs_at_10_std": NaN,
        "naucs_at_10_diff1": NaN,
        "naucs_at_20_max": NaN,
        "naucs_at_20_std": NaN,
        "naucs_at_20_diff1": NaN,
        "naucs_at_50_max": NaN,
        "naucs_at_50_std": NaN,