{
    "metadata": {
        "description": "Merged metrics for blip_Salesforce_blip-vqa-base_seg_2x2 on selected datasets",
        "datasets_included": [
            "arxivqa_test_subsampled",
            "docvqa_test_subsampled",
            "tabfquad_test_subsampled",
            "tatdqa_test"
        ],
        "timestamp": "2025-04-01T02:38:59.149065",
        "vidore_benchmark_version": "5.0.0"
    },
    "metrics": {
        "vidore/arxivqa_test_subsampled": {
            "ndcg_at_1": 0.002,
            "ndcg_at_3": 0.004,
            "ndcg_at_5": 0.00564,
            "ndcg_at_10": 0.00894,
            "ndcg_at_20": 0.01531,
            "ndcg_at_50": 0.02424,
            "ndcg_at_100": 0.04328,
            "map_at_1": 0.002,
            "map_at_3": 0.00333,
            "map_at_5": 0.00423,
            "map_at_10": 0.00564,
            "map_at_20": 0.00729,
            "map_at_50": 0.00864,
            "map_at_100": 0.01029,
            "recall_at_1": 0.002,
            "recall_at_3": 0.006,
            "recall_at_5": 0.01,
            "recall_at_10": 0.02,
            "recall_at_20": 0.046,
            "recall_at_50": 0.092,
            "recall_at_100": 0.21,
            "precision_at_1": 0.002,
            "precision_at_3": 0.002,
            "precision_at_5": 0.002,
            "precision_at_10": 0.002,
            "precision_at_20": 0.0023,
            "precision_at_50": 0.00184,
            "precision_at_100": 0.0021,
            "mrr_at_1": 0.002,
            "mrr_at_3": 0.003333333333333333,
            "mrr_at_5": 0.004233333333333334,
            "mrr_at_10": 0.005635714285714287,
            "mrr_at_20": 0.007286853583293212,
            "mrr_at_50": 0.00864200494998996,
            "mrr_at_100": 0.010289401016200348,
            "naucs_at_1_max": -0.3184867185403811,
            "naucs_at_1_std": -0.0705661389857795,
            "naucs_at_1_diff1": 0.6619264824255435,
            "naucs_at_3_max": -0.02173329755835798,
            "naucs_at_3_std": -0.11564260799570708,
            "naucs_at_3_diff1": 0.41776227528843574,
            "naucs_at_5_max": 0.036329487523477366,
            "naucs_at_5_std": -0.1496109471424739,
            "naucs_at_5_diff1": 0.12159914140059035,
            "naucs_at_10_max": 0.09364099812181384,
            "naucs_at_10_std": -0.018808693319023354,
            "naucs_at_10_diff1": 0.09425811644754511,
            "naucs_at_20_max": 0.2126666744438352,
            "naucs_at_20_std": -0.06489658310099049,
            "naucs_at_20_diff1": 0.13891578493018042,
            "naucs_at_50_max": 0.04960861399190378,
            "naucs_at_50_std": -0.00914011735747384,
            "naucs_at_50_diff1": 0.03751122828711744,
            "naucs_at_100_max": 0.021096805865678435,
            "naucs_at_100_std": 0.0027174687633616493,
            "naucs_at_100_diff1": 0.056094509636245383
        },
        "vidore/docvqa_test_subsampled": {
            "ndcg_at_1": 0.00222,
            "ndcg_at_3": 0.00362,
            "ndcg_at_5": 0.00553,
            "ndcg_at_10": 0.00757,
            "ndcg_at_20": 0.01326,
            "ndcg_at_50": 0.02697,
            "ndcg_at_100": 0.04572,
            "map_at_1": 0.00222,
            "map_at_3": 0.00333,
            "map_at_5": 0.00443,
            "map_at_10": 0.00521,
            "map_at_20": 0.00681,
            "map_at_50": 0.00905,
            "map_at_100": 0.01061,
            "recall_at_1": 0.00222,
            "recall_at_3": 0.00443,
            "recall_at_5": 0.00887,
            "recall_at_10": 0.01552,
            "recall_at_20": 0.03769,
            "recall_at_50": 0.10643,
            "recall_at_100": 0.22395,
            "precision_at_1": 0.00222,
            "precision_at_3": 0.00148,
            "precision_at_5": 0.00177,
            "precision_at_10": 0.00155,
            "precision_at_20": 0.00188,
            "precision_at_50": 0.00213,
            "precision_at_100": 0.00224,
            "mrr_at_1": 0.0022172949002217295,
            "mrr_at_3": 0.0033259423503325942,
            "mrr_at_5": 0.004434589800443459,
            "mrr_at_10": 0.0052106430155210645,
            "mrr_at_20": 0.0068142469750008565,
            "mrr_at_50": 0.009047205948434198,
            "mrr_at_100": 0.010605533214545498,
            "naucs_at_1_max": 1.0,
            "naucs_at_1_std": -0.41416862466495796,
            "naucs_at_1_diff1": 0.6619716639733553,
            "naucs_at_3_max": 0.3410526342535938,
            "naucs_at_3_std": -0.15778876036800552,
            "naucs_at_3_diff1": 0.4929574959600327,
            "naucs_at_5_max": 0.14376549348527534,
            "naucs_at_5_std": -0.307046940606785,
            "naucs_at_5_diff1": 0.7464787479800165,
            "naucs_at_10_max": 0.33366067740620065,
            "naucs_at_10_std": 0.003618928776456416,
            "naucs_at_10_diff1": 0.3728175989988841,
            "naucs_at_20_max": 0.060342633722705416,
            "naucs_at_20_std": -0.09369415859410576,
            "naucs_at_20_diff1": 0.11177237006014581,
            "naucs_at_50_max": -0.056720029160144896,
            "naucs_at_50_std": -0.011709006922793308,
            "naucs_at_50_diff1": -0.0003727925106730076,
            "naucs_at_100_max": -0.05418198063815619,
            "naucs_at_100_std": -0.0817681871697394,
            "naucs_at_100_diff1": 0.024548113700368093
        },
        "vidore/tabfquad_test_subsampled": {
            "ndcg_at_1": 0.01786,
            "ndcg_at_3": 0.03665,
            "ndcg_at_5": 0.04849,
            "ndcg_at_10": 0.06863,
            "ndcg_at_20": 0.10568,
            "ndcg_at_50": 0.18644,
            "ndcg_at_100": 0.23521,
            "map_at_1": 0.01786,
            "map_at_3": 0.03095,
            "map_at_5": 0.03756,
            "map_at_10": 0.04549,
            "map_at_20": 0.05521,
            "map_at_50": 0.06759,
            "map_at_100": 0.07242,
            "recall_at_1": 0.01786,
            "recall_at_3": 0.05357,
            "recall_at_5": 0.08214,
            "recall_at_10": 0.14643,
            "recall_at_20": 0.29643,
            "recall_at_50": 0.71071,
            "recall_at_100": 1.0,
            "precision_at_1": 0.01786,
            "precision_at_3": 0.01786,
            "precision_at_5": 0.01643,
            "precision_at_10": 0.01464,
            "precision_at_20": 0.01482,
            "precision_at_50": 0.01421,
            "precision_at_100": 0.01,
            "mrr_at_1": 0.017857142857142856,
            "mrr_at_3": 0.030952380952380943,
            "mrr_at_5": 0.03755952380952381,
            "mrr_at_10": 0.045494614512471644,
            "mrr_at_20": 0.055211688404965716,
            "mrr_at_50": 0.06758670529903975,
            "mrr_at_100": 0.07241998738869905,
            "naucs_at_1_max": 0.23488060101958685,
            "naucs_at_1_std": 0.37569090421250345,
            "naucs_at_1_diff1": -0.1565334048832841,
            "naucs_at_3_max": -0.03795724890439141,
            "naucs_at_3_std": 0.20998121813791268,
            "naucs_at_3_diff1": -0.07408997406314285,
            "naucs_at_5_max": -0.09361766661611517,
            "naucs_at_5_std": 0.15766264975910216,
            "naucs_at_5_diff1": 0.007944377690414173,
            "naucs_at_10_max": -0.18395185703709674,
            "naucs_at_10_std": 0.05130949152293909,
            "naucs_at_10_diff1": -0.0022649475543696494,
            "naucs_at_20_max": -0.1246232180214636,
            "naucs_at_20_std": 0.012498725858043774,
            "naucs_at_20_diff1": 0.002135704612636694,
            "naucs_at_50_max": -0.07775869272550004,
            "naucs_at_50_std": -0.002871600336898881,
            "naucs_at_50_diff1": 0.03840516755423206,
            "naucs_at_100_max": 1.0,
            "naucs_at_100_std": 1.0,
            "naucs_at_100_diff1": 1.0
        },
        "vidore/tatdqa_test": {
            "ndcg_at_1": 0.00425,
            "ndcg_at_3": 0.00662,
            "ndcg_at_5": 0.0096,
            "ndcg_at_10": 0.01621,