{
    "metadata": {
        "timestamp": "2025-04-01T08:38:22.650657",
        "vidore_benchmark_version": "5.0.0"
    },
    "metrics": {
        "vidore/syntheticDocQA_government_reports_test": {
            "ndcg_at_1": 0.0,
            "ndcg_at_3": 0.0,
            "ndcg_at_5": 0.0,
            "ndcg_at_10": 0.0,
            "ndcg_at_20": 0.0,
            "ndcg_at_50": 0.00801,
            "ndcg_at_100": 0.00954,
            "map_at_1": 0.0,
            "map_at_3": 0.0,
            "map_at_5": 0.0,
            "map_at_10": 0.0,
            "map_at_20": 0.0,
            "map_at_50": 0.0013,
            "map_at_100": 0.00141,
            "recall_at_1": 0.0,
            "recall_at_3": 0.0,
            "recall_at_5": 0.0,
            "recall_at_10": 0.0,
            "recall_at_20": 0.0,
            "recall_at_50": 0.04,
            "recall_at_100": 0.05,
            "precision_at_1": 0.0,
            "precision_at_3": 0.0,
            "precision_at_5": 0.0,
            "precision_at_10": 0.0,
            "precision_at_20": 0.0,
            "precision_at_50": 0.0008,
            "precision_at_100": 0.0005,
            "mrr_at_1": 0.0,
            "mrr_at_3": 0.0,
            "mrr_at_5": 0.0,
            "mrr_at_10": 0.0,
            "mrr_at_20": 0.0,
            "mrr_at_50": 0.0013024125779343995,
            "mrr_at_100": 0.0014123026878245096,
            "naucs_at_1_max": null,
            "naucs_at_1_std": null,
            "naucs_at_1_diff1": null,
            "naucs_at_3_max": null,
            "naucs_at_3_std": null,
            "naucs_at_3_diff1": null,
            "naucs_at_5_max": null,
            "naucs_at_5_std": null,
            "naucs_at_5_diff1": null,
            "naucs_at_10_max": null,
            "naucs_at_10_std": null,
            "naucs_at_10_diff1": null,
            "naucs_at_20_max": null,
            "naucs_at_20_std": null,
            "naucs_at_20_diff1": null,
            "naucs_at_50_max": -0.1019586799034076,
            "naucs_at_50_std": -0.2501341561577678,
            "naucs_at_50_diff1": -0.1100080493694661,
            "naucs_at_100_max": -0.12272605312583852,
            "naucs_at_100_std": -0.00010732492621416705,
            "naucs_at_100_diff1": -0.12916554869868532
        }
    }
}