{
    "metadata": {
        "timestamp": "2025-04-01T03:05:47.102838",
        "vidore_benchmark_version": "5.0.0"
    },
    "metrics": {
        "vidore/docvqa_test_subsampled": {
            "ndcg_at_1": 0.00222,
            "ndcg_at_3": 0.00362,
            "ndcg_at_5": 0.00553,
            "ndcg_at_10": 0.00757,
            "ndcg_at_20": 0.01326,
            "ndcg_at_50": 0.02697,
            "ndcg_at_100": 0.04572,
            "map_at_1": 0.00222,
            "map_at_3": 0.00333,
            "map_at_5": 0.00443,
            "map_at_10": 0.00521,
            "map_at_20": 0.00681,
            "map_at_50": 0.00905,
            "map_at_100": 0.01061,
            "recall_at_1": 0.00222,
            "recall_at_3": 0.00443,
            "recall_at_5": 0.00887,
            "recall_at_10": 0.01552,
            "recall_at_20": 0.03769,
            "recall_at_50": 0.10643,
            "recall_at_100": 0.22395,
            "precision_at_1": 0.00222,
            "precision_at_3": 0.00148,
            "precision_at_5": 0.00177,
            "precision_at_10": 0.00155,
            "precision_at_20": 0.00188,
            "precision_at_50": 0.00213,
            "precision_at_100": 0.00224,
            "mrr_at_1": 0.0022172949002217295,
            "mrr_at_3": 0.0033259423503325942,
            "mrr_at_5": 0.004434589800443459,
            "mrr_at_10": 0.0052106430155210645,
            "mrr_at_20": 0.0068142469750008565,
            "mrr_at_50": 0.009047205948434198,
            "mrr_at_100": 0.010605533214545498,
            "naucs_at_1_max": 1.0,
            "naucs_at_1_std": -0.41416862466495796,
            "naucs_at_1_diff1": 0.6619716639733553,
            "naucs_at_3_max": 0.3410526342535938,
            "naucs_at_3_std": -0.15778876036800552,
            "naucs_at_3_diff1": 0.4929574959600327,
            "naucs_at_5_max": 0.14376549348527534,
            "naucs_at_5_std": -0.307046940606785,
            "naucs_at_5_diff1": 0.7464787479800165,
            "naucs_at_10_max": 0.33366067740620065,
            "naucs_at_10_std": 0.003618928776456416,
            "naucs_at_10_diff1": 0.3728175989988841,
            "naucs_at_20_max": 0.060342633722705416,
            "naucs_at_20_std": -0.09369415859410576,
            "naucs_at_20_diff1": 0.11177237006014581,
            "naucs_at_50_max": -0.056720029160144896,
            "naucs_at_50_std": -0.011709006922793308,
            "naucs_at_50_diff1": -0.0003727925106730076,
            "naucs_at_100_max": -0.05418198063815619,
            "naucs_at_100_std": -0.0817681871697394,
            "naucs_at_100_diff1": 0.024548113700368093
        }
    }
}