{
    "metadata": {
        "timestamp": "2025-04-01T02:38:59.149065",
        "vidore_benchmark_version": "5.0.0"
    },
    "metrics": {
        "vidore/arxivqa_test_subsampled": {
            "ndcg_at_1": 0.002,
            "ndcg_at_3": 0.004,
            "ndcg_at_5": 0.00564,
            "ndcg_at_10": 0.00894,
            "ndcg_at_20": 0.01531,
            "ndcg_at_50": 0.02424,
            "ndcg_at_100": 0.04328,
            "map_at_1": 0.002,
            "map_at_3": 0.00333,
            "map_at_5": 0.00423,
            "map_at_10": 0.00564,
            "map_at_20": 0.00729,
            "map_at_50": 0.00864,
            "map_at_100": 0.01029,
            "recall_at_1": 0.002,
            "recall_at_3": 0.006,
            "recall_at_5": 0.01,
            "recall_at_10": 0.02,
            "recall_at_20": 0.046,
            "recall_at_50": 0.092,
            "recall_at_100": 0.21,
            "precision_at_1": 0.002,
            "precision_at_3": 0.002,
            "precision_at_5": 0.002,
            "precision_at_10": 0.002,
            "precision_at_20": 0.0023,
            "precision_at_50": 0.00184,
            "precision_at_100": 0.0021,
            "mrr_at_1": 0.002,
            "mrr_at_3": 0.003333333333333333,
            "mrr_at_5": 0.004233333333333334,
            "mrr_at_10": 0.005635714285714287,
            "mrr_at_20": 0.007286853583293212,
            "mrr_at_50": 0.00864200494998996,
            "mrr_at_100": 0.010289401016200348,
            "naucs_at_1_max": -0.3184867185403811,
            "naucs_at_1_std": -0.0705661389857795,
            "naucs_at_1_diff1": 0.6619264824255435,
            "naucs_at_3_max": -0.02173329755835798,
            "naucs_at_3_std": -0.11564260799570708,
            "naucs_at_3_diff1": 0.41776227528843574,
            "naucs_at_5_max": 0.036329487523477366,
            "naucs_at_5_std": -0.1496109471424739,
            "naucs_at_5_diff1": 0.12159914140059035,
            "naucs_at_10_max": 0.09364099812181384,
            "naucs_at_10_std": -0.018808693319023354,
            "naucs_at_10_diff1": 0.09425811644754511,
            "naucs_at_20_max": 0.2126666744438352,
            "naucs_at_20_std": -0.06489658310099049,
            "naucs_at_20_diff1": 0.13891578493018042,
            "naucs_at_50_max": 0.04960861399190378,
            "naucs_at_50_std": -0.00914011735747384,
            "naucs_at_50_diff1": 0.03751122828711744,
            "naucs_at_100_max": 0.021096805865678435,
            "naucs_at_100_std": 0.0027174687633616493,
            "naucs_at_100_diff1": 0.056094509636245383
        }
    }
}