{
    "metadata": {
        "timestamp": "2025-04-01T05:15:17.232962",
        "vidore_benchmark_version": "5.0.0"
    },
    "metrics": {
        "vidore/tatdqa_test": {
            "ndcg_at_1": 0.00425,
            "ndcg_at_3": 0.00662,
            "ndcg_at_5": 0.0096,
            "ndcg_at_10": 0.01621,
            "ndcg_at_20": 0.02489,
            "ndcg_at_50": 0.04603,
            "ndcg_at_100": 0.07406,
            "map_at_1": 0.00425,
            "map_at_3": 0.00597,
            "map_at_5": 0.00761,
            "map_at_10": 0.0103,
            "map_at_20": 0.01264,
            "map_at_50": 0.0159,
            "map_at_100": 0.01827,
            "recall_at_1": 0.00425,
            "recall_at_3": 0.00851,
            "recall_at_5": 0.0158,
            "recall_at_10": 0.03645,
            "recall_at_20": 0.07108,
            "recall_at_50": 0.17922,
            "recall_at_100": 0.35419,
            "precision_at_1": 0.00425,
            "precision_at_3": 0.00284,
            "precision_at_5": 0.00316,
            "precision_at_10": 0.00365,
            "precision_at_20": 0.00355,
            "precision_at_50": 0.00358,
            "precision_at_100": 0.00354,
            "mrr_at_1": 0.00425273390036452,
            "mrr_at_3": 0.005974078574321587,
            "mrr_at_5": 0.007614418793033616,
            "mrr_at_10": 0.010303718490231246,
            "mrr_at_20": 0.012642401437312836,
            "mrr_at_50": 0.015901923530455334,
            "mrr_at_100": 0.01826243262424528,
            "naucs_at_1_max": -0.17301867294611675,
            "naucs_at_1_std": -0.24169793677911042,
            "naucs_at_1_diff1": 0.22756378484938936,
            "naucs_at_3_max": -0.15365598197550442,
            "naucs_at_3_std": -0.11863693293477268,
            "naucs_at_3_diff1": -0.0051343484420260455,
            "naucs_at_5_max": -0.008323796052549468,
            "naucs_at_5_std": -0.07254079769664568,
            "naucs_at_5_diff1": -0.07413593864486251,
            "naucs_at_10_max": -0.02985396811382284,
            "naucs_at_10_std": -0.04603718783145744,
            "naucs_at_10_diff1": -0.07276921947682614,
            "naucs_at_20_max": -0.008101298542871496,
            "naucs_at_20_std": -0.03989269328935848,
            "naucs_at_20_diff1": -0.08166703953493029,
            "naucs_at_50_max": 0.03915449809969288,
            "naucs_at_50_std": 0.04168936380946101,
            "naucs_at_50_diff1": -0.03344397426627047,
            "naucs_at_100_max": 0.009499523699373983,
            "naucs_at_100_std": 0.01597950553200972,
            "naucs_at_100_diff1": 0.007759206074803778
        }
    }
}