{
    "metadata": {
        "timestamp": "2025-04-01T06:08:42.084189",
        "vidore_benchmark_version": "5.0.0"
    },
    "metrics": {
        "vidore/shiftproject_test": {
            "ndcg_at_1": 0.0,
            "ndcg_at_3": 0.0,
            "ndcg_at_5": 0.00387,
            "ndcg_at_10": 0.00387,
            "ndcg_at_20": 0.00637,
            "ndcg_at_50": 0.01576,
            "ndcg_at_100": 0.02555,
            "map_at_1": 0.0,
            "map_at_3": 0.0,
            "map_at_5": 0.002,
            "map_at_10": 0.002,
            "map_at_20": 0.00267,
            "map_at_50": 0.00396,
            "map_at_100": 0.00484,
            "recall_at_1": 0.0,
            "recall_at_3": 0.0,
            "recall_at_5": 0.01,
            "recall_at_10": 0.01,
            "recall_at_20": 0.02,
            "recall_at_50": 0.07,
            "recall_at_100": 0.13,
            "precision_at_1": 0.0,
            "precision_at_3": 0.0,
            "precision_at_5": 0.002,
            "precision_at_10": 0.001,
            "precision_at_20": 0.001,
            "precision_at_50": 0.0014,
            "precision_at_100": 0.0013,
            "mrr_at_1": 0.0,
            "mrr_at_3": 0.0,
            "mrr_at_5": 0.002,
            "mrr_at_10": 0.002,
            "mrr_at_20": 0.0026666666666666666,
            "mrr_at_50": 0.003963653587346967,
            "mrr_at_100": 0.004836918480453017,
            "naucs_at_1_max": null,
            "naucs_at_1_std": null,
            "naucs_at_1_diff1": null,
            "naucs_at_3_max": null,
            "naucs_at_3_std": null,
            "naucs_at_3_diff1": null,
            "naucs_at_5_max": -0.20579554601556224,
            "naucs_at_5_std": -0.415079152133083,
            "naucs_at_5_diff1": -0.415079152133083,
            "naucs_at_10_max": -0.20579554601556224,
            "naucs_at_10_std": -0.415079152133083,
            "naucs_at_10_diff1": -0.415079152133083,
            "naucs_at_20_max": -0.05366246310705662,
            "naucs_at_20_std": -0.4949020660048298,
            "naucs_at_20_diff1": 0.12342366514623017,
            "naucs_at_50_max": -0.2537851201655872,
            "naucs_at_50_std": -0.28540764306795985,
            "naucs_at_50_diff1": 0.028211123461995488,
            "naucs_at_100_max": -0.2716527501063329,
            "naucs_at_100_std": -0.16722258288374997,
            "naucs_at_100_diff1": 0.002954937207584353
        }
    }
}