{
    "metadata": {
        "timestamp": "2025-04-01T06:59:10.939347",
        "vidore_benchmark_version": "5.0.0"
    },
    "metrics": {
        "vidore/syntheticDocQA_artificial_intelligence_test": {
            "ndcg_at_1": 0.0,
            "ndcg_at_3": 0.0,
            "ndcg_at_5": 0.00387,
            "ndcg_at_10": 0.00387,
            "ndcg_at_20": 0.00666,
            "ndcg_at_50": 0.0126,
            "ndcg_at_100": 0.01907,
            "map_at_1": 0.0,
            "map_at_3": 0.0,
            "map_at_5": 0.002,
            "map_at_10": 0.002,
            "map_at_20": 0.00291,
            "map_at_50": 0.00386,
            "map_at_100": 0.00443,
            "recall_at_1": 0.0,
            "recall_at_3": 0.0,
            "recall_at_5": 0.01,
            "recall_at_10": 0.01,
            "recall_at_20": 0.02,
            "recall_at_50": 0.05,
            "recall_at_100": 0.09,
            "precision_at_1": 0.0,
            "precision_at_3": 0.0,
            "precision_at_5": 0.002,
            "precision_at_10": 0.001,
            "precision_at_20": 0.001,
            "precision_at_50": 0.001,
            "precision_at_100": 0.0009,
            "mrr_at_1": 0.0,
            "mrr_at_3": 0.0,
            "mrr_at_5": 0.002,
            "mrr_at_10": 0.002,
            "mrr_at_20": 0.002909090909090909,
            "mrr_at_50": 0.0038631725417439698,
            "mrr_at_100": 0.004429547031614825,
            "naucs_at_1_max": null,
            "naucs_at_1_std": null,
            "naucs_at_1_diff1": null,
            "naucs_at_3_max": null,
            "naucs_at_3_std": null,
            "naucs_at_3_diff1": null,
            "naucs_at_5_max": 1.0,
            "naucs_at_5_std": 0.098470619801449,
            "naucs_at_5_diff1": 0.6619264824255435,
            "naucs_at_10_max": 1.0,
            "naucs_at_10_std": 0.098470619801449,
            "naucs_at_10_diff1": 0.6619264824255435,
            "naucs_at_20_max": 1.0,
            "naucs_at_20_std": -0.11000804936946602,
            "naucs_at_20_diff1": 0.8309632412127718,
            "naucs_at_50_max": 0.3086664877917897,
            "naucs_at_50_std": -0.058867722028441156,
            "naucs_at_50_diff1": 0.0857526160450763,
            "naucs_at_100_max": 0.25689413588528176,
            "naucs_at_100_std": -0.10139224279283314,
            "naucs_at_100_diff1": 0.011716304445040746
        }
    }
}