{
    "metadata": {
        "timestamp": "2025-04-01T07:48:42.196232",
        "vidore_benchmark_version": "5.0.0"
    },
    "metrics": {
        "vidore/syntheticDocQA_energy_test": {
            "ndcg_at_1": 0.0,
            "ndcg_at_3": 0.0,
            "ndcg_at_5": 0.0,
            "ndcg_at_10": 0.00356,
            "ndcg_at_20": 0.00356,
            "ndcg_at_50": 0.00548,
            "ndcg_at_100": 0.00864,
            "map_at_1": 0.0,
            "map_at_3": 0.0,
            "map_at_5": 0.0,
            "map_at_10": 0.00167,
            "map_at_20": 0.00167,
            "map_at_50": 0.00194,
            "map_at_100": 0.0022,
            "recall_at_1": 0.0,
            "recall_at_3": 0.0,
            "recall_at_5": 0.0,
            "recall_at_10": 0.01,
            "recall_at_20": 0.01,
            "recall_at_50": 0.02,
            "recall_at_100": 0.04,
            "precision_at_1": 0.0,
            "precision_at_3": 0.0,
            "precision_at_5": 0.0,
            "precision_at_10": 0.001,
            "precision_at_20": 0.0005,
            "precision_at_50": 0.0004,
            "precision_at_100": 0.0004,
            "mrr_at_1": 0.0,
            "mrr_at_3": 0.0,
            "mrr_at_5": 0.0,
            "mrr_at_10": 0.0016666666666666666,
            "mrr_at_20": 0.0016666666666666666,
            "mrr_at_50": 0.0019444444444444442,
            "mrr_at_100": 0.0021990523794647504,
            "naucs_at_1_max": null,
            "naucs_at_1_std": null,
            "naucs_at_1_diff1": null,
            "naucs_at_3_max": null,
            "naucs_at_3_std": null,
            "naucs_at_3_diff1": null,
            "naucs_at_5_max": null,
            "naucs_at_5_std": null,
            "naucs_at_5_diff1": null,
            "naucs_at_10_max": 0.098470619801449,
            "naucs_at_10_std": -0.3184867185403811,
            "naucs_at_10_diff1": 0.3238529648510868,
            "naucs_at_20_max": 0.098470619801449,
            "naucs_at_20_std": -0.3184867185403811,
            "naucs_at_20_diff1": 0.3238529648510868,
            "naucs_at_50_max": -0.2381271800375638,
            "naucs_at_50_std": -0.4466058492084789,
            "naucs_at_50_diff1": -0.04561309364099819,
            "naucs_at_100_max": -0.174067614703515,
            "naucs_at_100_std": -0.34236651462302137,
            "naucs_at_100_diff1": -0.12006976120203922
        }
    }
}