{
    "metadata": {
        "timestamp": "2025-04-01T03:48:31.578450",
        "vidore_benchmark_version": "5.0.0"
    },
    "metrics": {
        "vidore/tabfquad_test_subsampled": {
            "ndcg_at_1": 0.01786,
            "ndcg_at_3": 0.03665,
            "ndcg_at_5": 0.04849,
            "ndcg_at_10": 0.06863,
            "ndcg_at_20": 0.10568,
            "ndcg_at_50": 0.18644,
            "ndcg_at_100": 0.23521,
            "map_at_1": 0.01786,
            "map_at_3": 0.03095,
            "map_at_5": 0.03756,
            "map_at_10": 0.04549,
            "map_at_20": 0.05521,
            "map_at_50": 0.06759,
            "map_at_100": 0.07242,
            "recall_at_1": 0.01786,
            "recall_at_3": 0.05357,
            "recall_at_5": 0.08214,
            "recall_at_10": 0.14643,
            "recall_at_20": 0.29643,
            "recall_at_50": 0.71071,
            "recall_at_100": 1.0,
            "precision_at_1": 0.01786,
            "precision_at_3": 0.01786,
            "precision_at_5": 0.01643,
            "precision_at_10": 0.01464,
            "precision_at_20": 0.01482,
            "precision_at_50": 0.01421,
            "precision_at_100": 0.01,
            "mrr_at_1": 0.017857142857142856,
            "mrr_at_3": 0.030952380952380943,
            "mrr_at_5": 0.03755952380952381,
            "mrr_at_10": 0.045494614512471644,
            "mrr_at_20": 0.055211688404965716,
            "mrr_at_50": 0.06758670529903975,
            "mrr_at_100": 0.07241998738869905,
            "naucs_at_1_max": 0.23488060101958685,
            "naucs_at_1_std": 0.37569090421250345,
            "naucs_at_1_diff1": -0.1565334048832841,
            "naucs_at_3_max": -0.03795724890439141,
            "naucs_at_3_std": 0.20998121813791268,
            "naucs_at_3_diff1": -0.07408997406314285,
            "naucs_at_5_max": -0.09361766661611517,
            "naucs_at_5_std": 0.15766264975910216,
            "naucs_at_5_diff1": 0.007944377690414173,
            "naucs_at_10_max": -0.18395185703709674,
            "naucs_at_10_std": 0.05130949152293909,
            "naucs_at_10_diff1": -0.0022649475543696494,
            "naucs_at_20_max": -0.1246232180214636,
            "naucs_at_20_std": 0.012498725858043774,
            "naucs_at_20_diff1": 0.002135704612636694,
            "naucs_at_50_max": -0.07775869272550004,
            "naucs_at_50_std": -0.002871600336898881,
            "naucs_at_50_diff1": 0.03840516755423206,
            "naucs_at_100_max": 1.0,
            "naucs_at_100_std": 1.0,
            "naucs_at_100_diff1": 1.0
        }
    }
}