{
    "metadata": {
        "timestamp": "2025-04-01T03:34:22.359168",
        "vidore_benchmark_version": "5.0.0"
    },
    "metrics": {
        "vidore/infovqa_test_subsampled": {
            "ndcg_at_1": 0.0,
            "ndcg_at_3": 0.00255,
            "ndcg_at_5": 0.00499,
            "ndcg_at_10": 0.00866,
            "ndcg_at_20": 0.01302,
            "ndcg_at_50": 0.02711,
            "ndcg_at_100": 0.04228,
            "map_at_1": 0.0,
            "map_at_3": 0.00202,
            "map_at_5": 0.00334,
            "map_at_10": 0.0047,
            "map_at_20": 0.00577,
            "map_at_50": 0.00805,
            "map_at_100": 0.00931,
            "recall_at_1": 0.0,
            "recall_at_3": 0.00405,
            "recall_at_5": 0.01012,
            "recall_at_10": 0.02227,
            "recall_at_20": 0.04049,
            "recall_at_50": 0.11134,
            "recall_at_100": 0.20648,
            "precision_at_1": 0.0,
            "precision_at_3": 0.00135,
            "precision_at_5": 0.00202,
            "precision_at_10": 0.00223,
            "precision_at_20": 0.00202,
            "precision_at_50": 0.00223,
            "precision_at_100": 0.00206,
            "mrr_at_1": 0.0,
            "mrr_at_3": 0.0020242914979757085,
            "mrr_at_5": 0.003340080971659919,
            "mrr_at_10": 0.004700854700854701,
            "mrr_at_20": 0.0057739659540213565,
            "mrr_at_50": 0.008046718070286176,
            "mrr_at_100": 0.00930560604073696,
            "naucs_at_1_max": null,
            "naucs_at_1_std": null,
            "naucs_at_1_diff1": null,
            "naucs_at_3_max": -0.1251543321524584,
            "naucs_at_3_std": -0.3894021418190078,
            "naucs_at_3_diff1": 0.002654631523250596,
            "naucs_at_5_max": -0.1592349135779258,
            "naucs_at_5_std": -0.10143225899065002,
            "naucs_at_5_diff1": -0.27694257794730015,
            "naucs_at_10_max": -0.2571268914969764,
            "naucs_at_10_std": -0.2689243279790815,
            "naucs_at_10_diff1": 0.005254384227274219,
            "naucs_at_20_max": 0.023921993732843077,
            "naucs_at_20_std": 0.02165255316698304,
            "naucs_at_20_diff1": 0.050344611024058135,
            "naucs_at_50_max": 0.05518444398729592,
            "naucs_at_50_std": 0.020711336616331635,
            "naucs_at_50_diff1": 0.06477056652487456,
            "naucs_at_100_max": -0.040961333233962754,
            "naucs_at_100_std": -0.017299665604151013,
            "naucs_at_100_diff1": -0.01860111298343478
        }
    }
}