{
    "metadata": {
        "timestamp": "2025-04-01T09:27:45.391823",
        "vidore_benchmark_version": "5.0.0"
    },
    "metrics": {
        "vidore/syntheticDocQA_healthcare_industry_test": {
            "ndcg_at_1": 0.0,
            "ndcg_at_3": 0.0,
            "ndcg_at_5": 0.00387,
            "ndcg_at_10": 0.00688,
            "ndcg_at_20": 0.01178,
            "ndcg_at_50": 0.02326,
            "ndcg_at_100": 0.0265,
            "map_at_1": 0.0,
            "map_at_3": 0.0,
            "map_at_5": 0.002,
            "map_at_10": 0.00311,
            "map_at_20": 0.00438,
            "map_at_50": 0.00604,
            "map_at_100": 0.00633,
            "recall_at_1": 0.0,
            "recall_at_3": 0.0,
            "recall_at_5": 0.01,
            "recall_at_10": 0.02,
            "recall_at_20": 0.04,
            "recall_at_50": 0.1,
            "recall_at_100": 0.12,
            "precision_at_1": 0.0,
            "precision_at_3": 0.0,
            "precision_at_5": 0.002,
            "precision_at_10": 0.002,
            "precision_at_20": 0.002,
            "precision_at_50": 0.002,
            "precision_at_100": 0.0012,
            "mrr_at_1": 0.0,
            "mrr_at_3": 0.0,
            "mrr_at_5": 0.002,
            "mrr_at_10": 0.0031111111111111114,
            "mrr_at_20": 0.00438034188034188,
            "mrr_at_50": 0.006040884840884841,
            "mrr_at_100": 0.006327080127080128,
            "naucs_at_1_max": null,
            "naucs_at_1_std": null,
            "naucs_at_1_diff1": null,
            "naucs_at_3_max": null,
            "naucs_at_3_std": null,
            "naucs_at_3_diff1": null,
            "naucs_at_5_max": -0.0705661389857795,
            "naucs_at_5_std": 0.3238529648510868,
            "naucs_at_5_diff1": -0.415079152133083,
            "naucs_at_10_max": -0.1945264287630803,
            "naucs_at_10_std": 0.3238529648510868,
            "naucs_at_10_diff1": -0.36678293533673206,
            "naucs_at_20_max": 0.016769519720955136,
            "naucs_at_20_std": 0.19144083713442464,
            "naucs_at_20_diff1": 0.1475717735444056,
            "naucs_at_50_max": -0.21821840622484567,
            "naucs_at_50_std": 0.3903407566407299,
            "naucs_at_50_diff1": 0.1252750201234237,
            "naucs_at_100_max": -0.294213818595394,
            "naucs_at_100_std": 0.24983413894417594,
            "naucs_at_100_diff1": 0.09119988626670454
        }
    }
}