{
    "metadata": {
        "timestamp": "2025-03-30T04:21:19.804047",
        "vidore_benchmark_version": "5.0.0"
    },
    "metrics": {
        "vidore/arxivqa_test_subsampled": {
            "ndcg_at_1": 0.002,
            "ndcg_at_3": 0.00526,
            "ndcg_at_5": 0.00853,
            "ndcg_at_10": 0.01177,
            "ndcg_at_20": 0.01417,
            "ndcg_at_50": 0.02762,
            "ndcg_at_100": 0.04535,
            "map_at_1": 0.002,
            "map_at_3": 0.00433,
            "map_at_5": 0.00613,
            "map_at_10": 0.00747,
            "map_at_20": 0.00806,
            "map_at_50": 0.0102,
            "map_at_100": 0.01173,
            "recall_at_1": 0.002,
            "recall_at_3": 0.008,
            "recall_at_5": 0.016,
            "recall_at_10": 0.026,
            "recall_at_20": 0.036,
            "recall_at_50": 0.104,
            "recall_at_100": 0.214,
            "precision_at_1": 0.002,
            "precision_at_3": 0.00267,
            "precision_at_5": 0.0032,
            "precision_at_10": 0.0026,
            "precision_at_20": 0.0018,
            "precision_at_50": 0.00208,
            "precision_at_100": 0.00214,
            "mrr_at_1": 0.002,
            "mrr_at_3": 0.004333333333333333,
            "mrr_at_5": 0.006133333333333333,
            "mrr_at_10": 0.007474603174603175,
            "mrr_at_20": 0.008064180057988106,
            "mrr_at_50": 0.010199943191010063,
            "mrr_at_100": 0.011731134040728747,
            "naucs_at_1_max": -0.20579554601556224,
            "naucs_at_1_std": 0.6619264824255435,
            "naucs_at_1_diff1": -0.20579554601556224,
            "naucs_at_3_max": -0.1693721491816474,
            "naucs_at_3_std": -0.0010061711832573214,
            "naucs_at_3_diff1": 0.015159645827743545,
            "naucs_at_5_max": 0.10108666487791802,
            "naucs_at_5_std": -0.008418298899919376,
            "naucs_at_5_diff1": 0.1546149718272071,
            "naucs_at_10_max": 0.1783244927865263,
            "naucs_at_10_std": 0.05285752616045066,
            "naucs_at_10_diff1": 0.06868795277703214,
            "naucs_at_20_max": 0.07345794949765964,
            "naucs_at_20_std": -0.0626807381569926,
            "naucs_at_20_diff1": 0.10200339862266333,
            "naucs_at_50_max": 0.04439472198406558,
            "naucs_at_50_std": 0.021439325819200748,
            "naucs_at_50_diff1": -0.014993412935739536,
            "naucs_at_100_max": 0.00706272846999367,
            "naucs_at_100_std": 0.026082118755677387,
            "naucs_at_100_diff1": 0.0016595997472883138
        }
    }
}