{
    "metadata": {
        "timestamp": "2025-03-30T04:25:33.302560",
        "vidore_benchmark_version": "5.0.0"
    },
    "metrics": {
        "vidore/tabfquad_test_subsampled": {
            "ndcg_at_1": 0.00714,
            "ndcg_at_3": 0.0219,
            "ndcg_at_5": 0.0305,
            "ndcg_at_10": 0.04592,
            "ndcg_at_20": 0.09353,
            "ndcg_at_50": 0.17515,
            "ndcg_at_100": 0.22341,
            "map_at_1": 0.00714,
            "map_at_3": 0.01726,
            "map_at_5": 0.0219,
            "map_at_10": 0.0285,
            "map_at_20": 0.04096,
            "map_at_50": 0.05352,
            "map_at_100": 0.05833,
            "recall_at_1": 0.00714,
            "recall_at_3": 0.03571,
            "recall_at_5": 0.05714,
            "recall_at_10": 0.10357,
            "recall_at_20": 0.29643,
            "recall_at_50": 0.71429,
            "recall_at_100": 1.0,
            "precision_at_1": 0.00714,
            "precision_at_3": 0.0119,
            "precision_at_5": 0.01143,
            "precision_at_10": 0.01036,
            "precision_at_20": 0.01482,
            "precision_at_50": 0.01429,
            "precision_at_100": 0.01,
            "mrr_at_1": 0.007142857142857143,
            "mrr_at_3": 0.01726190476190476,
            "mrr_at_5": 0.021904761904761903,
            "mrr_at_10": 0.02850481859410431,
            "mrr_at_20": 0.04095609709041266,
            "mrr_at_50": 0.05352228335063072,
            "mrr_at_100": 0.05831724675128901,
            "naucs_at_1_max": 0.22806546820499063,
            "naucs_at_1_std": -0.31043734907432263,
            "naucs_at_1_diff1": 0.8309632412127719,
            "naucs_at_3_max": 0.014757177354440496,
            "naucs_at_3_std": -0.02951435470888119,
            "naucs_at_3_diff1": 0.04467400053662464,
            "naucs_at_5_max": -0.04509323852964843,
            "naucs_at_5_std": -0.03261671585725771,
            "naucs_at_5_diff1": 0.050543332438959025,
            "naucs_at_10_max": -0.08383026127332138,
            "naucs_at_10_std": -0.11562116772605152,
            "naucs_at_10_diff1": -0.025350345899291468,
            "naucs_at_20_max": -0.026788531266229827,
            "naucs_at_20_std": -0.054309997524523854,
            "naucs_at_20_diff1": -0.10770746671455798,
            "naucs_at_50_max": -0.02426963280621831,
            "naucs_at_50_std": -0.10286116322701638,
            "naucs_at_50_diff1": -0.041007772715089645,
            "naucs_at_100_max": 1.0,
            "naucs_at_100_std": 1.0,
            "naucs_at_100_diff1": 1.0
        }
    }
}