{
    "metadata": {
        "timestamp": "2025-03-30T04:34:35.800023",
        "vidore_benchmark_version": "5.0.0"
    },
    "metrics": {
        "vidore/shiftproject_test": {
            "ndcg_at_1": 0.0,
            "ndcg_at_3": 0.0,
            "ndcg_at_5": 0.0,
            "ndcg_at_10": 0.0,
            "ndcg_at_20": 0.00256,
            "ndcg_at_50": 0.01005,
            "ndcg_at_100": 0.01948,
            "map_at_1": 0.0,
            "map_at_3": 0.0,
            "map_at_5": 0.0,
            "map_at_10": 0.0,
            "map_at_20": 0.00071,
            "map_at_50": 0.00173,
            "map_at_100": 0.00247,
            "recall_at_1": 0.0,
            "recall_at_3": 0.0,
            "recall_at_5": 0.0,
            "recall_at_10": 0.0,
            "recall_at_20": 0.01,
            "recall_at_50": 0.05,
            "recall_at_100": 0.11,
            "precision_at_1": 0.0,
            "precision_at_3": 0.0,
            "precision_at_5": 0.0,
            "precision_at_10": 0.0,
            "precision_at_20": 0.0005,
            "precision_at_50": 0.001,
            "precision_at_100": 0.0011,
            "mrr_at_1": 0.0,
            "mrr_at_3": 0.0,
            "mrr_at_5": 0.0,
            "mrr_at_10": 0.0,
            "mrr_at_20": 0.0007142857142857143,
            "mrr_at_50": 0.001727901484480432,
            "mrr_at_100": 0.002471335992104528,
            "naucs_at_1_max": null,
            "naucs_at_1_std": null,
            "naucs_at_1_diff1": null,
            "naucs_at_3_max": null,
            "naucs_at_3_std": null,
            "naucs_at_3_diff1": null,
            "naucs_at_5_max": null,
            "naucs_at_5_std": null,
            "naucs_at_5_diff1": null,
            "naucs_at_10_max": null,
            "naucs_at_10_std": null,
            "naucs_at_10_diff1": null,
            "naucs_at_20_max": -0.4995975315266972,
            "naucs_at_20_std": -0.4995975315266972,
            "naucs_at_20_diff1": -0.3184867185403811,
            "naucs_at_50_max": -0.44384223235846537,
            "naucs_at_50_std": -0.17773007781057157,
            "naucs_at_50_diff1": -0.3437617386638048,
            "naucs_at_100_max": -0.23154742431487033,
            "naucs_at_100_std": -0.024762815511991318,
            "naucs_at_100_diff1": -0.3202305156403353
        }
    }
}