{
    "metadata": {
        "timestamp": "2025-03-30T04:46:54.765409",
        "vidore_benchmark_version": "5.0.0"
    },
    "metrics": {
        "vidore/syntheticDocQA_healthcare_industry_test": {
            "ndcg_at_1": 0.0,
            "ndcg_at_3": 0.00631,
            "ndcg_at_5": 0.00631,
            "ndcg_at_10": 0.01343,
            "ndcg_at_20": 0.01343,
            "ndcg_at_50": 0.01525,
            "ndcg_at_100": 0.0215,
            "map_at_1": 0.0,
            "map_at_3": 0.005,
            "map_at_5": 0.005,
            "map_at_10": 0.00833,
            "map_at_20": 0.00833,
            "map_at_50": 0.00856,
            "map_at_100": 0.00904,
            "recall_at_1": 0.0,
            "recall_at_3": 0.01,
            "recall_at_5": 0.01,
            "recall_at_10": 0.03,
            "recall_at_20": 0.03,
            "recall_at_50": 0.04,
            "recall_at_100": 0.08,
            "precision_at_1": 0.0,
            "precision_at_3": 0.00333,
            "precision_at_5": 0.002,
            "precision_at_10": 0.003,
            "precision_at_20": 0.0015,
            "precision_at_50": 0.0008,
            "precision_at_100": 0.0008,
            "mrr_at_1": 0.0,
            "mrr_at_3": 0.005,
            "mrr_at_5": 0.005,
            "mrr_at_10": 0.008333333333333333,
            "mrr_at_20": 0.008333333333333333,
            "mrr_at_50": 0.00856060606060606,
            "mrr_at_100": 0.009043896876932592,
            "naucs_at_1_max": null,
            "naucs_at_1_std": null,
            "naucs_at_1_diff1": null,
            "naucs_at_3_max": -0.4995975315266971,
            "naucs_at_3_std": -0.318486718540381,
            "naucs_at_3_diff1": -0.4995975315266971,
            "naucs_at_5_max": -0.4995975315266972,
            "naucs_at_5_std": -0.3184867185403811,
            "naucs_at_5_diff1": -0.4995975315266972,
            "naucs_at_10_max": -0.47142473839549226,
            "naucs_at_10_std": -0.48931222609784447,
            "naucs_at_10_diff1": 0.04936946605849209,
            "naucs_at_20_max": -0.47142473839549226,
            "naucs_at_20_std": -0.48931222609784447,
            "naucs_at_20_diff1": 0.04936946605849209,
            "naucs_at_50_max": -0.10356855379661938,
            "naucs_at_50_std": -0.28602092836061194,
            "naucs_at_50_diff1": 0.28702709954386907,
            "naucs_at_100_max": -0.04420445398443789,
            "naucs_at_100_std": -0.15538636973437095,
            "naucs_at_100_diff1": 0.04661926482425546
        }
    }
}