{
    "metadata": {
        "description": "Merged metrics for llava-interleave_llava-hf_llava-interleave-qwen-0.5b-hf on selected datasets",
        "datasets_included": [
            "arxivqa_test_subsampled",
            "docvqa_test_subsampled",
            "tabfquad_test_subsampled",
            "tatdqa_test"
        ],
        "timestamp": "2025-04-01T22:43:42.546221",
        "vidore_benchmark_version": "5.0.0"
    },
    "metrics": {
        "vidore/arxivqa_test_subsampled": {
            "ndcg_at_1": 0.002,
            "ndcg_at_3": 0.00552,
            "ndcg_at_5": 0.00725,
            "ndcg_at_10": 0.01168,
            "ndcg_at_20": 0.02227,
            "ndcg_at_50": 0.03927,
            "ndcg_at_100": 0.05941,
            "map_at_1": 0.002,
            "map_at_3": 0.00467,
            "map_at_5": 0.00567,
            "map_at_10": 0.00744,
            "map_at_20": 0.01033,
            "map_at_50": 0.01287,
            "map_at_100": 0.01456,
            "recall_at_1": 0.002,
            "recall_at_3": 0.008,
            "recall_at_5": 0.012,
            "recall_at_10": 0.026,
            "recall_at_20": 0.068,
            "recall_at_50": 0.156,
            "recall_at_100": 0.282,
            "precision_at_1": 0.002,
            "precision_at_3": 0.00267,
            "precision_at_5": 0.0024,
            "precision_at_10": 0.0026,
            "precision_at_20": 0.0034,
            "precision_at_50": 0.00312,
            "precision_at_100": 0.00282,
            "mrr_at_1": 0.002,
            "mrr_at_3": 0.004666666666666666,
            "mrr_at_5": 0.005666666666666666,
            "mrr_at_10": 0.007554761904761905,
            "mrr_at_20": 0.01019439220909809,
            "mrr_at_50": 0.012796898856681366,
            "mrr_at_100": 0.014520601321746512,
            "naucs_at_1_max": 0.3238529648510868,
            "naucs_at_1_std": 0.6619264824255435,
            "naucs_at_1_diff1": 1.0,
            "naucs_at_3_max": 0.03649047491279858,
            "naucs_at_3_std": 0.12100885430641269,
            "naucs_at_3_diff1": 0.4208478669170916,
            "naucs_at_5_max": 0.04400321974778662,
            "naucs_at_5_std": -0.03689294338610141,
            "naucs_at_5_diff1": 0.10151149271084883,
            "naucs_at_10_max": -0.03702709954386918,
            "naucs_at_10_std": -0.04338403748116668,
            "naucs_at_10_diff1": 0.05064910940950623,
            "naucs_at_20_max": -0.002225413911204423,
            "naucs_at_20_std": -0.005926545557852813,
            "naucs_at_20_diff1": 0.03480168563266462,
            "naucs_at_50_max": 0.05563255111069355,
            "naucs_at_50_std": 0.022714993775105077,
            "naucs_at_50_diff1": 0.011557163327147566,
            "naucs_at_100_max": -0.004248483380523261,
            "naucs_at_100_std": -0.005994092213805155,
            "naucs_at_100_diff1": -0.03595063295720604
        },
        "vidore/docvqa_test_subsampled": {
            "ndcg_at_1": 0.00443,
            "ndcg_at_3": 0.01196,
            "ndcg_at_5": 0.01482,
            "ndcg_at_10": 0.02271,
            "ndcg_at_20": 0.03216,
            "ndcg_at_50": 0.04954,
            "ndcg_at_100": 0.06483,
            "map_at_1": 0.00443,
            "map_at_3": 0.00998,
            "map_at_5": 0.01164,
            "map_at_10": 0.0149,
            "map_at_20": 0.01744,
            "map_at_50": 0.02015,
            "map_at_100": 0.02146,
            "recall_at_1": 0.00443,
            "recall_at_3": 0.01774,
            "recall_at_5": 0.02439,
            "recall_at_10": 0.04878,
            "recall_at_20": 0.08647,
            "recall_at_50": 0.17517,
            "recall_at_100": 0.27051,
            "precision_at_1": 0.00443,
            "precision_at_3": 0.00591,
            "precision_at_5": 0.00488,
            "precision_at_10": 0.00488,
            "precision_at_20": 0.00432,
            "precision_at_50": 0.0035,
            "precision_at_100": 0.00271,
            "mrr_at_1": 0.004434589800443459,
            "mrr_at_3": 0.011456023651145604,
            "mrr_at_5": 0.012010347376201035,
            "mrr_at_10": 0.015464752050117901,
            "mrr_at_20": 0.01779824304082402,
            "mrr_at_50": 0.02040931566000481,
            "mrr_at_100": 0.021698706212732934,
            "naucs_at_1_max": 0.29291568766752096,
            "naucs_at_1_std": -0.40816817425949176,
            "naucs_at_1_diff1": 1.0,
            "naucs_at_3_max": 0.15351868788139766,
            "naucs_at_3_std": -0.08723484033633128,
            "naucs_at_3_diff1": 0.17264715390485882,
            "naucs_at_5_max": 0.024223427335292858,
            "naucs_at_5_std": 0.011602089839080777,
            "naucs_at_5_diff1": 0.1606446756938926,
            "naucs_at_10_max": -0.058260747894073046,
            "naucs_at_10_std": 0.0034990035133139015,
            "naucs_at_10_diff1": 0.04874099607775881,
            "naucs_at_20_max": 0.027118210724011334,
            "naucs_at_20_std": -0.018344930991412725,
            "naucs_at_20_diff1": 0.009348114470257494,
            "naucs_at_50_max": 0.12153802286561748,
            "naucs_at_50_std": 0.03513118351081231,
            "naucs_at_50_diff1": -0.00587177946684227,
            "naucs_at_100_max": 0.09936650180324987,
            "naucs_at_100_std": 0.08670508611413173,
            "naucs_at_100_diff1": 0.0531532201450751
        },
        "vidore/tabfquad_test_subsampled": {
            "ndcg_at_1": 0.025,
            "ndcg_at_3": 0.0344,
            "ndcg_at_5": 0.04008,
            "ndcg_at_10": 0.05934,
            "ndcg_at_20": 0.09461,
            "ndcg_at_50": 0.18221,
            "ndcg_at_100": 0.23225,
            "map_at_1": 0.025,
            "map_at_3": 0.03155,
            "map_at_5": 0.03458,
            "map_at_10": 0.04231,
            "map_at_20": 0.05202,
            "map_at_50": 0.06569,
            "map_at_100": 0.07066,
            "recall_at_1": 0.025,
            "recall_at_3": 0.04286,
            "recall_at_5": 0.05714,
            "recall_at_10": 0.11786,
            "recall_at_20": 0.25714,
            "recall_at_50": 0.70357,
            "recall_at_100": 1.0,
            "precision_at_1": 0.025,
            "precision_at_3": 0.01429,
            "precision_at_5": 0.01143,
            "precision_at_10": 0.01179,
            "precision_at_20": 0.01286,
            "precision_at_50": 0.01407,
            "precision_at_100": 0.01,
            "mrr_at_1": 0.025,
            "mrr_at_3": 0.033928571428571426,
            "mrr_at_5": 0.037142857142857144,
            "mrr_at_10": 0.04356009070294784,
            "mrr_at_20": 0.05400629867638381,
            "mrr_at_50": 0.0675718222533392,
            "mrr_at_100": 0.07256087397264267,
            "naucs_at_1_max": 0.21817624286097584,
            "naucs_at_1_std": 0.22565065736517292,
            "naucs_at_1_diff1": 0.08750814519529292,
            "naucs_at_3_max": 0.09623468383865479,
            "naucs_at_3_std": 0.07141579465164109,
            "naucs_at_3_diff1": -0.031951524908326666,
            "naucs_at_5_max": 0.11047759592165295,
            "naucs_at_5_std": 0.021783606117520792,
            "naucs_at_5_diff1": -0.08156694392272593,
            "naucs_at_10_max": 0.05773367269112442,
            "naucs_at_10_std": 0.004721872295206897,
            "naucs_at_10_diff1": -0.05951615805846214,
            "naucs_at_20_max": -0.062263935582949355,
            "naucs_at_20_std": -0.10382164944174625,
            "naucs_at_20_diff1": 0.04811563524675238,
            "naucs_at_50_max": 0.04130464449802122,
            "naucs_at_50_std": -0.12224381177663277,
            "naucs_at_50_diff1": 0.15846010878536043,
            "naucs_at_100_max": 1.0,
            "naucs_at_100_std": 1.0,
            "naucs_at_100_diff1": 1.0
        },
        "vidore/tatdqa_test": {
            "ndcg_at_1": 0.00243,
            "ndcg_at_3": 0.00694,
            "ndcg_at_5": 0.01143,
            "ndcg_at_10": 0.01673,