{
    "metadata": {
        "timestamp": "2025-04-02T00:04:57.870242",
        "vidore_benchmark_version": "5.0.0"
    },
    "metrics": {
        "vidore/shiftproject_test": {
            "ndcg_at_1": 0.0,
            "ndcg_at_3": 0.0,
            "ndcg_at_5": 0.00431,
            "ndcg_at_10": 0.0072,
            "ndcg_at_20": 0.0072,
            "ndcg_at_50": 0.01634,
            "ndcg_at_100": 0.0214,
            "map_at_1": 0.0,
            "map_at_3": 0.0,
            "map_at_5": 0.0025,
            "map_at_10": 0.0035,
            "map_at_20": 0.0035,
            "map_at_50": 0.00466,
            "map_at_100": 0.00517,
            "recall_at_1": 0.0,
            "recall_at_3": 0.0,
            "recall_at_5": 0.01,
            "recall_at_10": 0.02,
            "recall_at_20": 0.02,
            "recall_at_50": 0.07,
            "recall_at_100": 0.1,
            "precision_at_1": 0.0,
            "precision_at_3": 0.0,
            "precision_at_5": 0.002,
            "precision_at_10": 0.002,
            "precision_at_20": 0.001,
            "precision_at_50": 0.0014,
            "precision_at_100": 0.001,
            "mrr_at_1": 0.0,
            "mrr_at_3": 0.003333333333333333,
            "mrr_at_5": 0.003333333333333333,
            "mrr_at_10": 0.0044444444444444444,
            "mrr_at_20": 0.0044444444444444444,
            "mrr_at_50": 0.006030934891687172,
            "mrr_at_100": 0.006471457767504165,
            "naucs_at_1_max": null,
            "naucs_at_1_std": null,
            "naucs_at_1_diff1": null,
            "naucs_at_3_max": null,
            "naucs_at_3_std": null,
            "naucs_at_3_diff1": null,
            "naucs_at_5_max": 0.6619264824255435,
            "naucs_at_5_std": 0.6619264824255435,
            "naucs_at_5_diff1": 1.0,
            "naucs_at_10_max": 0.6619264824255435,
            "naucs_at_10_std": 0.2956801717198819,
            "naucs_at_10_diff1": 0.6619264824255433,
            "naucs_at_20_max": 0.6619264824255435,
            "naucs_at_20_std": 0.2956801717198819,
            "naucs_at_20_diff1": 0.6619264824255433,
            "naucs_at_50_max": 0.16447544942312856,
            "naucs_at_50_std": -0.051477634251983706,
            "naucs_at_50_diff1": 0.2867108743148454,
            "naucs_at_100_max": 0.09989267507378602,
            "naucs_at_100_std": -0.05221357660316603,
            "naucs_at_100_diff1": 0.09830963241212798
        }
    }
}