{
    "metadata": {
        "timestamp": "2025-04-02T00:58:01.816289",
        "vidore_benchmark_version": "5.0.0"
    },
    "metrics": {
        "vidore/syntheticDocQA_healthcare_industry_test": {
            "ndcg_at_1": 0.0,
            "ndcg_at_3": 0.00631,
            "ndcg_at_5": 0.00631,
            "ndcg_at_10": 0.00631,
            "ndcg_at_20": 0.00866,
            "ndcg_at_50": 0.01842,
            "ndcg_at_100": 0.02826,
            "map_at_1": 0.0,
            "map_at_3": 0.005,
            "map_at_5": 0.005,
            "map_at_10": 0.005,
            "map_at_20": 0.00556,
            "map_at_50": 0.00707,
            "map_at_100": 0.00796,
            "recall_at_1": 0.0,
            "recall_at_3": 0.01,
            "recall_at_5": 0.01,
            "recall_at_10": 0.01,
            "recall_at_20": 0.02,
            "recall_at_50": 0.07,
            "recall_at_100": 0.13,
            "precision_at_1": 0.0,
            "precision_at_3": 0.00333,
            "precision_at_5": 0.002,
            "precision_at_10": 0.001,
            "precision_at_20": 0.001,
            "precision_at_50": 0.0014,
            "precision_at_100": 0.0013,
            "mrr_at_1": 0.0,
            "mrr_at_3": 0.005,
            "mrr_at_5": 0.005,
            "mrr_at_10": 0.005,
            "mrr_at_20": 0.005625,
            "mrr_at_50": 0.007450378706593692,
            "mrr_at_100": 0.008350486486074019,
            "naucs_at_1_max": null,
            "naucs_at_1_std": null,
            "naucs_at_1_diff1": null,
            "naucs_at_3_max": 1.0,
            "naucs_at_3_std": -0.20579554601556213,
            "naucs_at_3_diff1": 0.09847061980144893,
            "naucs_at_5_max": 1.0,
            "naucs_at_5_std": -0.20579554601556224,
            "naucs_at_5_diff1": 0.098470619801449,
            "naucs_at_10_max": 1.0,
            "naucs_at_10_std": -0.20579554601556224,
            "naucs_at_10_diff1": 0.098470619801449,
            "naucs_at_20_max": 0.3971022269922189,
            "naucs_at_20_std": -0.05366246310705662,
            "naucs_at_20_diff1": -0.05366246310705662,
            "naucs_at_50_max": 0.382230058645406,
            "naucs_at_50_std": 0.02269155582812666,
            "naucs_at_50_diff1": 0.03610717160489084,
            "naucs_at_100_max": 0.2355666987531062,
            "naucs_at_100_std": -0.046719348122943205,
            "naucs_at_100_diff1": 0.007320185355152327
        }
    }
}