{
    "metadata": {
        "timestamp": "2025-04-01T23:51:07.219756",
        "vidore_benchmark_version": "5.0.0"
    },
    "metrics": {
        "vidore/tatdqa_test": {
            "ndcg_at_1": 0.00243,
            "ndcg_at_3": 0.00694,
            "ndcg_at_5": 0.01143,
            "ndcg_at_10": 0.01673,
            "ndcg_at_20": 0.02732,
            "ndcg_at_50": 0.05092,
            "ndcg_at_100": 0.07948,
            "map_at_1": 0.00243,
            "map_at_3": 0.00577,
            "map_at_5": 0.00826,
            "map_at_10": 0.01033,
            "map_at_20": 0.01315,
            "map_at_50": 0.01683,
            "map_at_100": 0.01928,
            "recall_at_1": 0.00243,
            "recall_at_3": 0.01033,
            "recall_at_5": 0.02126,
            "recall_at_10": 0.03827,
            "recall_at_20": 0.0808,
            "recall_at_50": 0.20109,
            "recall_at_100": 0.37849,
            "precision_at_1": 0.00243,
            "precision_at_3": 0.00344,
            "precision_at_5": 0.00425,
            "precision_at_10": 0.00383,
            "precision_at_20": 0.00404,
            "precision_at_50": 0.00402,
            "precision_at_100": 0.00378,
            "mrr_at_1": 0.003037667071688943,
            "mrr_at_3": 0.005771567436208992,
            "mrr_at_5": 0.007624544349939247,
            "mrr_at_10": 0.010191373025516398,
            "mrr_at_20": 0.013081367640619073,
            "mrr_at_50": 0.016691112037510107,
            "mrr_at_100": 0.01918266070957678,
            "naucs_at_1_max": -0.03552206798242193,
            "naucs_at_1_std": 0.1475132757735412,
            "naucs_at_1_diff1": 0.12114298835353515,
            "naucs_at_3_max": 0.1459661105524606,
            "naucs_at_3_std": 0.039735938828331964,
            "naucs_at_3_diff1": 0.005620153875518245,
            "naucs_at_5_max": 0.09675955542931217,
            "naucs_at_5_std": 0.09987365900145946,
            "naucs_at_5_diff1": 0.01679092524135705,
            "naucs_at_10_max": 0.055304102362057975,
            "naucs_at_10_std": 0.017161285297511705,
            "naucs_at_10_diff1": -0.050712217271686996,
            "naucs_at_20_max": 0.050600218441058636,
            "naucs_at_20_std": 0.02628119073726523,
            "naucs_at_20_diff1": 0.02553070706682354,
            "naucs_at_50_max": 0.0335998911812553,
            "naucs_at_50_std": 0.032305100964798335,
            "naucs_at_50_diff1": -0.02272017285126705,
            "naucs_at_100_max": 0.04077364257964729,
            "naucs_at_100_std": 0.011074982442073441,
            "naucs_at_100_diff1": -0.011912829226103795
        }
    }
}