{
    "metadata": {
        "timestamp": "2025-04-01T22:54:51.622187",
        "vidore_benchmark_version": "5.0.0"
    },
    "metrics": {
        "vidore/docvqa_test_subsampled": {
            "ndcg_at_1": 0.00443,
            "ndcg_at_3": 0.01196,
            "ndcg_at_5": 0.01482,
            "ndcg_at_10": 0.02271,
            "ndcg_at_20": 0.03216,
            "ndcg_at_50": 0.04954,
            "ndcg_at_100": 0.06483,
            "map_at_1": 0.00443,
            "map_at_3": 0.00998,
            "map_at_5": 0.01164,
            "map_at_10": 0.0149,
            "map_at_20": 0.01744,
            "map_at_50": 0.02015,
            "map_at_100": 0.02146,
            "recall_at_1": 0.00443,
            "recall_at_3": 0.01774,
            "recall_at_5": 0.02439,
            "recall_at_10": 0.04878,
            "recall_at_20": 0.08647,
            "recall_at_50": 0.17517,
            "recall_at_100": 0.27051,
            "precision_at_1": 0.00443,
            "precision_at_3": 0.00591,
            "precision_at_5": 0.00488,
            "precision_at_10": 0.00488,
            "precision_at_20": 0.00432,
            "precision_at_50": 0.0035,
            "precision_at_100": 0.00271,
            "mrr_at_1": 0.004434589800443459,
            "mrr_at_3": 0.011456023651145604,
            "mrr_at_5": 0.012010347376201035,
            "mrr_at_10": 0.015464752050117901,
            "mrr_at_20": 0.01779824304082402,
            "mrr_at_50": 0.02040931566000481,
            "mrr_at_100": 0.021698706212732934,
            "naucs_at_1_max": 0.29291568766752096,
            "naucs_at_1_std": -0.40816817425949176,
            "naucs_at_1_diff1": 1.0,
            "naucs_at_3_max": 0.15351868788139766,
            "naucs_at_3_std": -0.08723484033633128,
            "naucs_at_3_diff1": 0.17264715390485882,
            "naucs_at_5_max": 0.024223427335292858,
            "naucs_at_5_std": 0.011602089839080777,
            "naucs_at_5_diff1": 0.1606446756938926,
            "naucs_at_10_max": -0.058260747894073046,
            "naucs_at_10_std": 0.0034990035133139015,
            "naucs_at_10_diff1": 0.04874099607775881,
            "naucs_at_20_max": 0.027118210724011334,
            "naucs_at_20_std": -0.018344930991412725,
            "naucs_at_20_diff1": 0.009348114470257494,
            "naucs_at_50_max": 0.12153802286561748,
            "naucs_at_50_std": 0.03513118351081231,
            "naucs_at_50_diff1": -0.00587177946684227,
            "naucs_at_100_max": 0.09936650180324987,
            "naucs_at_100_std": 0.08670508611413173,
            "naucs_at_100_diff1": 0.0531532201450751
        }
    }
}