{
    "metadata": {
        "timestamp": "2025-03-31T01:42:29.589543",
        "vidore_benchmark_version": "5.0.0"
    },
    "metrics": {
        "vidore/arxivqa_test_subsampled": {
            "ndcg_at_1": 0.008,
            "ndcg_at_3": 0.01326,
            "ndcg_at_5": 0.01731,
            "ndcg_at_10": 0.02371,
            "ndcg_at_20": 0.03209,
            "ndcg_at_50": 0.05449,
            "ndcg_at_100": 0.07502,
            "map_at_1": 0.008,
            "map_at_3": 0.01167,
            "map_at_5": 0.01387,
            "map_at_10": 0.01647,
            "map_at_20": 0.01866,
            "map_at_50": 0.02217,
            "map_at_100": 0.0239,
            "recall_at_1": 0.008,
            "recall_at_3": 0.018,
            "recall_at_5": 0.028,
            "recall_at_10": 0.048,
            "recall_at_20": 0.082,
            "recall_at_50": 0.196,
            "recall_at_100": 0.324,
            "precision_at_1": 0.008,
            "precision_at_3": 0.006,
            "precision_at_5": 0.0056,
            "precision_at_10": 0.0048,
            "precision_at_20": 0.0041,
            "precision_at_50": 0.00392,
            "precision_at_100": 0.00324,
            "mrr_at_1": 0.006,
            "mrr_at_3": 0.010666666666666668,
            "mrr_at_5": 0.012466666666666668,
            "mrr_at_10": 0.015548412698412699,
            "mrr_at_20": 0.01758939732438184,
            "mrr_at_50": 0.02109108955820748,
            "mrr_at_100": 0.022825630725923987,
            "naucs_at_1_max": 0.14757177354440573,
            "naucs_at_1_std": -0.001006171183257358,
            "naucs_at_1_diff1": 0.2525489669975853,
            "naucs_at_3_max": -0.09975255642011754,
            "naucs_at_3_std": 0.0848463166681573,
            "naucs_at_3_diff1": 0.3923322302715915,
            "naucs_at_5_max": -0.10970140672314026,
            "naucs_at_5_std": 0.14042316685192982,
            "naucs_at_5_diff1": 0.2913488443405265,
            "naucs_at_10_max": -0.09298139701278962,
            "naucs_at_10_std": 0.052969322958590415,
            "naucs_at_10_diff1": 0.23451614345765118,
            "naucs_at_20_max": -0.026477844601359775,
            "naucs_at_20_std": 0.05231435732656242,
            "naucs_at_20_diff1": 0.12445764919146375,
            "naucs_at_50_max": 0.04535282807137278,
            "naucs_at_50_std": 0.056722206545349436,
            "naucs_at_50_diff1": 0.028628521554241476,
            "naucs_at_100_max": 0.04105177137912806,
            "naucs_at_100_std": 0.09922981193951726,
            "naucs_at_100_diff1": 0.014650664701138263
        }
    }
}