{
    "metadata": {
        "timestamp": "2025-04-02T00:18:18.453032",
        "vidore_benchmark_version": "5.0.0"
    },
    "metrics": {
        "vidore/syntheticDocQA_artificial_intelligence_test": {
            "ndcg_at_1": 0.0,
            "ndcg_at_3": 0.0,
            "ndcg_at_5": 0.0,
            "ndcg_at_10": 0.0,
            "ndcg_at_20": 0.0,
            "ndcg_at_50": 0.0039,
            "ndcg_at_100": 0.01047,
            "map_at_1": 0.0,
            "map_at_3": 0.0,
            "map_at_5": 0.0,
            "map_at_10": 0.0,
            "map_at_20": 0.0,
            "map_at_50": 0.00059,
            "map_at_100": 0.00118,
            "recall_at_1": 0.0,
            "recall_at_3": 0.0,
            "recall_at_5": 0.0,
            "recall_at_10": 0.0,
            "recall_at_20": 0.0,
            "recall_at_50": 0.02,
            "recall_at_100": 0.06,
            "precision_at_1": 0.0,
            "precision_at_3": 0.0,
            "precision_at_5": 0.0,
            "precision_at_10": 0.0,
            "precision_at_20": 0.0,
            "precision_at_50": 0.0004,
            "precision_at_100": 0.0006,
            "mrr_at_1": 0.0,
            "mrr_at_3": 0.0,
            "mrr_at_5": 0.0,
            "mrr_at_10": 0.0,
            "mrr_at_20": 0.0,
            "mrr_at_50": 0.0006666666666666666,
            "mrr_at_100": 0.0013143048498145179,
            "naucs_at_1_max": null,
            "naucs_at_1_std": null,
            "naucs_at_1_diff1": null,
            "naucs_at_3_max": null,
            "naucs_at_3_std": null,
            "naucs_at_3_diff1": null,
            "naucs_at_5_max": null,
            "naucs_at_5_std": null,
            "naucs_at_5_diff1": null,
            "naucs_at_10_max": null,
            "naucs_at_10_std": null,
            "naucs_at_10_diff1": null,
            "naucs_at_20_max": null,
            "naucs_at_20_std": null,
            "naucs_at_20_diff1": null,
            "naucs_at_50_max": -0.3526965387711298,
            "naucs_at_50_std": -0.3526965387711298,
            "naucs_at_50_diff1": -0.3667829353367321,
            "naucs_at_100_max": 0.20163670512476514,
            "naucs_at_100_std": -0.1365709686074592,
            "naucs_at_100_diff1": 0.05969949020660031
        }
    }
}