{
    "metadata": {
        "timestamp": "2025-04-01T22:43:42.546221",
        "vidore_benchmark_version": "5.0.0"
    },
    "metrics": {
        "vidore/arxivqa_test_subsampled": {
            "ndcg_at_1": 0.002,
            "ndcg_at_3": 0.00552,
            "ndcg_at_5": 0.00725,
            "ndcg_at_10": 0.01168,
            "ndcg_at_20": 0.02227,
            "ndcg_at_50": 0.03927,
            "ndcg_at_100": 0.05941,
            "map_at_1": 0.002,
            "map_at_3": 0.00467,
            "map_at_5": 0.00567,
            "map_at_10": 0.00744,
            "map_at_20": 0.01033,
            "map_at_50": 0.01287,
            "map_at_100": 0.01456,
            "recall_at_1": 0.002,
            "recall_at_3": 0.008,
            "recall_at_5": 0.012,
            "recall_at_10": 0.026,
            "recall_at_20": 0.068,
            "recall_at_50": 0.156,
            "recall_at_100": 0.282,
            "precision_at_1": 0.002,
            "precision_at_3": 0.00267,
            "precision_at_5": 0.0024,
            "precision_at_10": 0.0026,
            "precision_at_20": 0.0034,
            "precision_at_50": 0.00312,
            "precision_at_100": 0.00282,
            "mrr_at_1": 0.002,
            "mrr_at_3": 0.004666666666666666,
            "mrr_at_5": 0.005666666666666666,
            "mrr_at_10": 0.007554761904761905,
            "mrr_at_20": 0.01019439220909809,
            "mrr_at_50": 0.012796898856681366,
            "mrr_at_100": 0.014520601321746512,
            "naucs_at_1_max": 0.3238529648510868,
            "naucs_at_1_std": 0.6619264824255435,
            "naucs_at_1_diff1": 1.0,
            "naucs_at_3_max": 0.03649047491279858,
            "naucs_at_3_std": 0.12100885430641269,
            "naucs_at_3_diff1": 0.4208478669170916,
            "naucs_at_5_max": 0.04400321974778662,
            "naucs_at_5_std": -0.03689294338610141,
            "naucs_at_5_diff1": 0.10151149271084883,
            "naucs_at_10_max": -0.03702709954386918,
            "naucs_at_10_std": -0.04338403748116668,
            "naucs_at_10_diff1": 0.05064910940950623,
            "naucs_at_20_max": -0.002225413911204423,
            "naucs_at_20_std": -0.005926545557852813,
            "naucs_at_20_diff1": 0.03480168563266462,
            "naucs_at_50_max": 0.05563255111069355,
            "naucs_at_50_std": 0.022714993775105077,
            "naucs_at_50_diff1": 0.011557163327147566,
            "naucs_at_100_max": -0.004248483380523261,
            "naucs_at_100_std": -0.005994092213805155,
            "naucs_at_100_diff1": -0.03595063295720604
        }
    }
}