{
    "metadata": {
        "timestamp": "2025-04-02T00:31:20.571763",
        "vidore_benchmark_version": "5.0.0"
    },
    "metrics": {
        "vidore/syntheticDocQA_energy_test": {
            "ndcg_at_1": 0.0,
            "ndcg_at_3": 0.00631,
            "ndcg_at_5": 0.01018,
            "ndcg_at_10": 0.01689,
            "ndcg_at_20": 0.01925,
            "ndcg_at_50": 0.02659,
            "ndcg_at_100": 0.03769,
            "map_at_1": 0.0,
            "map_at_3": 0.005,
            "map_at_5": 0.007,
            "map_at_10": 0.00992,
            "map_at_20": 0.01047,
            "map_at_50": 0.01141,
            "map_at_100": 0.01231,
            "recall_at_1": 0.0,
            "recall_at_3": 0.01,
            "recall_at_5": 0.02,
            "recall_at_10": 0.04,
            "recall_at_20": 0.05,
            "recall_at_50": 0.09,
            "recall_at_100": 0.16,
            "precision_at_1": 0.0,
            "precision_at_3": 0.00333,
            "precision_at_5": 0.004,
            "precision_at_10": 0.004,
            "precision_at_20": 0.0025,
            "precision_at_50": 0.0018,
            "precision_at_100": 0.0016,
            "mrr_at_1": 0.01,
            "mrr_at_3": 0.01,
            "mrr_at_5": 0.0125,
            "mrr_at_10": 0.015416666666666665,
            "mrr_at_20": 0.01625,
            "mrr_at_50": 0.01724390243902439,
            "mrr_at_100": 0.018666899794798443,
            "naucs_at_1_max": null,
            "naucs_at_1_std": null,
            "naucs_at_1_diff1": null,
            "naucs_at_3_max": -0.318486718540381,
            "naucs_at_3_std": -0.20579554601556213,
            "naucs_at_3_diff1": -0.41507915213308294,
            "naucs_at_5_max": -0.1945264287630803,
            "naucs_at_5_std": -0.13818084250067086,
            "naucs_at_5_diff1": 0.12342366514623017,
            "naucs_at_10_max": 0.016769519720955136,
            "naucs_at_10_std": 0.26187281996243633,
            "naucs_at_10_diff1": 0.11094714247383966,
            "naucs_at_20_max": 0.14580091226187275,
            "naucs_at_20_std": 0.09455325999463379,
            "naucs_at_20_diff1": 0.2211430104641804,
            "naucs_at_50_max": -0.0933726858062785,
            "naucs_at_50_std": 0.017231613153265966,
            "naucs_at_50_diff1": 0.04507646900992768,
            "naucs_at_100_max": -0.027538792441235325,
            "naucs_at_100_std": -0.05480872637886008,
            "naucs_at_100_diff1": -0.09917037947457376
        }
    }
}