{
    "metadata": {
        "timestamp": "2025-04-02T00:44:43.461648",
        "vidore_benchmark_version": "5.0.0"
    },
    "metrics": {
        "vidore/syntheticDocQA_government_reports_test": {
            "ndcg_at_1": 0.01,
            "ndcg_at_3": 0.015,
            "ndcg_at_5": 0.015,
            "ndcg_at_10": 0.01833,
            "ndcg_at_20": 0.02083,
            "ndcg_at_50": 0.02459,
            "ndcg_at_100": 0.0375,
            "map_at_1": 0.01,
            "map_at_3": 0.01333,
            "map_at_5": 0.01333,
            "map_at_10": 0.01476,
            "map_at_20": 0.01543,
            "map_at_50": 0.01595,
            "map_at_100": 0.01706,
            "recall_at_1": 0.01,
            "recall_at_3": 0.02,
            "recall_at_5": 0.02,
            "recall_at_10": 0.03,
            "recall_at_20": 0.04,
            "recall_at_50": 0.06,
            "recall_at_100": 0.14,
            "precision_at_1": 0.01,
            "precision_at_3": 0.00667,
            "precision_at_5": 0.004,
            "precision_at_10": 0.003,
            "precision_at_20": 0.002,
            "precision_at_50": 0.0012,
            "precision_at_100": 0.0014,
            "mrr_at_1": 0.01,
            "mrr_at_3": 0.013333333333333332,
            "mrr_at_5": 0.013333333333333332,
            "mrr_at_10": 0.01476190476190476,
            "mrr_at_20": 0.015595238095238093,
            "mrr_at_50": 0.016638136257069523,
            "mrr_at_100": 0.017704064212820593,
            "naucs_at_1_max": 0.32385296485108656,
            "naucs_at_1_std": 0.09847061980144886,
            "naucs_at_1_diff1": -0.5747249798765763,
            "naucs_at_3_max": 0.12664341293265366,
            "naucs_at_3_std": -0.20056345586262408,
            "naucs_at_3_diff1": -0.4466058492084788,
            "naucs_at_5_max": 0.12664341293265358,
            "naucs_at_5_std": -0.20056345586262406,
            "naucs_at_5_diff1": -0.4466058492084788,
            "naucs_at_10_max": 0.11725248188891878,
            "naucs_at_10_std": 0.08693319023343167,
            "naucs_at_10_diff1": -0.48931222609784447,
            "naucs_at_20_max": 0.1689026026294607,
            "naucs_at_20_std": 0.14616313388784566,
            "naucs_at_20_diff1": -0.5106654145425277,
            "naucs_at_50_max": 0.1886235578213038,
            "naucs_at_50_std": 0.21102763616849998,
            "naucs_at_50_diff1": -0.47679098470619824,
            "naucs_at_100_max": 0.3076286647715219,
            "naucs_at_100_std": 0.12853748568034268,
            "naucs_at_100_diff1": -0.33516483516483536
        }
    }
}