{
    "metadata": {
        "timestamp": "2025-04-01T23:12:29.289136",
        "vidore_benchmark_version": "5.0.0"
    },
    "metrics": {
        "vidore/tabfquad_test_subsampled": {
            "ndcg_at_1": 0.025,
            "ndcg_at_3": 0.0344,
            "ndcg_at_5": 0.04008,
            "ndcg_at_10": 0.05934,
            "ndcg_at_20": 0.09461,
            "ndcg_at_50": 0.18221,
            "ndcg_at_100": 0.23225,
            "map_at_1": 0.025,
            "map_at_3": 0.03155,
            "map_at_5": 0.03458,
            "map_at_10": 0.04231,
            "map_at_20": 0.05202,
            "map_at_50": 0.06569,
            "map_at_100": 0.07066,
            "recall_at_1": 0.025,
            "recall_at_3": 0.04286,
            "recall_at_5": 0.05714,
            "recall_at_10": 0.11786,
            "recall_at_20": 0.25714,
            "recall_at_50": 0.70357,
            "recall_at_100": 1.0,
            "precision_at_1": 0.025,
            "precision_at_3": 0.01429,
            "precision_at_5": 0.01143,
            "precision_at_10": 0.01179,
            "precision_at_20": 0.01286,
            "precision_at_50": 0.01407,
            "precision_at_100": 0.01,
            "mrr_at_1": 0.025,
            "mrr_at_3": 0.033928571428571426,
            "mrr_at_5": 0.037142857142857144,
            "mrr_at_10": 0.04356009070294784,
            "mrr_at_20": 0.05400629867638381,
            "mrr_at_50": 0.0675718222533392,
            "mrr_at_100": 0.07256087397264267,
            "naucs_at_1_max": 0.21817624286097584,
            "naucs_at_1_std": 0.22565065736517292,
            "naucs_at_1_diff1": 0.08750814519529292,
            "naucs_at_3_max": 0.09623468383865479,
            "naucs_at_3_std": 0.07141579465164109,
            "naucs_at_3_diff1": -0.031951524908326666,
            "naucs_at_5_max": 0.11047759592165295,
            "naucs_at_5_std": 0.021783606117520792,
            "naucs_at_5_diff1": -0.08156694392272593,
            "naucs_at_10_max": 0.05773367269112442,
            "naucs_at_10_std": 0.004721872295206897,
            "naucs_at_10_diff1": -0.05951615805846214,
            "naucs_at_20_max": -0.062263935582949355,
            "naucs_at_20_std": -0.10382164944174625,
            "naucs_at_20_diff1": 0.04811563524675238,
            "naucs_at_50_max": 0.04130464449802122,
            "naucs_at_50_std": -0.12224381177663277,
            "naucs_at_50_diff1": 0.15846010878536043,
            "naucs_at_100_max": 1.0,
            "naucs_at_100_std": 1.0,
            "naucs_at_100_diff1": 1.0
        }
    }
}