{
    "metadata": {
        "timestamp": "2025-04-01T23:06:14.674485",
        "vidore_benchmark_version": "5.0.0"
    },
    "metrics": {
        "vidore/infovqa_test_subsampled": {
            "ndcg_at_1": 0.00202,
            "ndcg_at_3": 0.01017,
            "ndcg_at_5": 0.01182,
            "ndcg_at_10": 0.02187,
            "ndcg_at_20": 0.02505,
            "ndcg_at_50": 0.04538,
            "ndcg_at_100": 0.06921,
            "map_at_1": 0.00202,
            "map_at_3": 0.0081,
            "map_at_5": 0.00901,
            "map_at_10": 0.01329,
            "map_at_20": 0.01422,
            "map_at_50": 0.01741,
            "map_at_100": 0.01947,
            "recall_at_1": 0.00202,
            "recall_at_3": 0.01619,
            "recall_at_5": 0.02024,
            "recall_at_10": 0.05061,
            "recall_at_20": 0.06275,
            "recall_at_50": 0.16599,
            "recall_at_100": 0.31377,
            "precision_at_1": 0.00202,
            "precision_at_3": 0.0054,
            "precision_at_5": 0.00405,
            "precision_at_10": 0.00506,
            "precision_at_20": 0.00314,
            "precision_at_50": 0.00332,
            "precision_at_100": 0.00314,
            "mrr_at_1": 0.0020242914979757085,
            "mrr_at_3": 0.008097165991902834,
            "mrr_at_5": 0.009109311740890687,
            "mrr_at_10": 0.013485637169847693,
            "mrr_at_20": 0.01428385211279948,
            "mrr_at_50": 0.017585529389119642,
            "mrr_at_100": 0.019531294759223005,
            "naucs_at_1_max": 1.0,
            "naucs_at_1_std": 1.0,
            "naucs_at_1_diff1": -0.41422919995480806,
            "naucs_at_3_max": 0.062381914938192645,
            "naucs_at_3_std": 0.16171782120570619,
            "naucs_at_3_diff1": 0.13958505105927205,
            "naucs_at_5_max": 0.018282004193419417,
            "naucs_at_5_std": 0.14897304144125725,
            "naucs_at_5_diff1": 0.15431664633773493,
            "naucs_at_10_max": 0.12684718955900606,
            "naucs_at_10_std": 0.11370134575219716,
            "naucs_at_10_diff1": 0.012434681865282805,
            "naucs_at_20_max": 0.17319488195482902,
            "naucs_at_20_std": 0.07316178208459134,
            "naucs_at_20_diff1": -0.03238537704096586,
            "naucs_at_50_max": 0.08566122713793228,
            "naucs_at_50_std": -0.041515323855836624,
            "naucs_at_50_diff1": -0.06753696184378297,
            "naucs_at_100_max": 0.028848327200206116,
            "naucs_at_100_std": -0.01315166017304311,
            "naucs_at_100_diff1": 0.04747472850554703
        }
    }
}