{
    "metadata": {
        "description": "Merged metrics for siglip_google_siglip-so400m-patch14-384 on selected datasets",
        "datasets_included": [
            "arxivqa_test_subsampled",
            "docvqa_test_subsampled"
        ],
        "timestamp": "2025-03-31T12:30:40.402605",
        "vidore_benchmark_version": "5.0.0"
    },
    "metrics": {
        "vidore/arxivqa_test_subsampled": {
            "ndcg_at_1": 0.342,
            "ndcg_at_3": 0.40117,
            "ndcg_at_5": 0.43197,
            "ndcg_at_10": 0.45845,
            "ndcg_at_20": 0.48453,
            "ndcg_at_50": 0.50942,
            "ndcg_at_100": 0.52117,
            "map_at_1": 0.342,
            "map_at_3": 0.387,
            "map_at_5": 0.4038,
            "map_at_10": 0.4147,
            "map_at_20": 0.42202,
            "map_at_50": 0.42596,
            "map_at_100": 0.42702,
            "recall_at_1": 0.342,
            "recall_at_3": 0.442,
            "recall_at_5": 0.518,
            "recall_at_10": 0.6,
            "recall_at_20": 0.702,
            "recall_at_50": 0.828,
            "recall_at_100": 0.9,
            "precision_at_1": 0.342,
            "precision_at_3": 0.14733,
            "precision_at_5": 0.1036,
            "precision_at_10": 0.06,
            "precision_at_20": 0.0351,
            "precision_at_50": 0.01656,
            "precision_at_100": 0.009,
            "mrr_at_1": 0.342,
            "mrr_at_3": 0.38700000000000007,
            "mrr_at_5": 0.4037999999999999,
            "mrr_at_10": 0.4146992063492062,
            "mrr_at_20": 0.4220213510689516,
            "mrr_at_50": 0.42596475129856565,
            "mrr_at_100": 0.4270203859745572,
            "naucs_at_1_max": 0.3512734376861317,
            "naucs_at_1_std": 0.0444730342521779,
            "naucs_at_1_diff1": 0.6011695349126552,
            "naucs_at_3_max": 0.30320964696234026,
            "naucs_at_3_std": 0.05480611266803699,
            "naucs_at_3_diff1": 0.5116786853219177,
            "naucs_at_5_max": 0.2763318284117964,
            "naucs_at_5_std": 0.04854661501247447,
            "naucs_at_5_diff1": 0.48032697429326143,
            "naucs_at_10_max": 0.2613713268032054,
            "naucs_at_10_std": 0.052876224398931505,
            "naucs_at_10_diff1": 0.42130008904719524,
            "naucs_at_20_max": 0.2631311978492988,
            "naucs_at_20_std": 0.0865932616674463,
            "naucs_at_20_diff1": 0.3475433238044511,
            "naucs_at_50_max": 0.40427951209427304,
            "naucs_at_50_std": 0.2430225346289019,
            "naucs_at_50_diff1": 0.3591643121310253,
            "naucs_at_100_max": 0.3759663865546229,
            "naucs_at_100_std": 0.37533146591970107,
            "naucs_at_100_diff1": 0.3469934640522881
        },
        "vidore/docvqa_test_subsampled": {
            "ndcg_at_1": 0.21286,
            "ndcg_at_3": 0.28038,
            "ndcg_at_5": 0.30328,
            "ndcg_at_10": 0.32715,
            "ndcg_at_20": 0.34879,
            "ndcg_at_50": 0.37106,
            "ndcg_at_100": 0.38763,
            "map_at_1": 0.21286,
            "map_at_3": 0.26386,
            "map_at_5": 0.27661,
            "map_at_10": 0.28658,
            "map_at_20": 0.29241,
            "map_at_50": 0.29592,
            "map_at_100": 0.29738,
            "recall_at_1": 0.21286,
            "recall_at_3": 0.32816,
            "recall_at_5": 0.38359,
            "recall_at_10": 0.45676,
            "recall_at_20": 0.54324,
            "recall_at_50": 0.65632,
            "recall_at_100": 0.75831,
            "precision_at_1": 0.21286,
            "precision_at_3": 0.10939,
            "precision_at_5": 0.07672,
            "precision_at_10": 0.04568,
            "precision_at_20": 0.02716,
            "precision_at_50": 0.01313,
            "precision_at_100": 0.00758,
            "mrr_at_1": 0.21286031042128603,
            "mrr_at_3": 0.2638580931263857,
            "mrr_at_5": 0.2766075388026607,
            "mrr_at_10": 0.28658184633794387,
            "mrr_at_20": 0.292406655199091,
            "mrr_at_50": 0.2959151912369819,
            "mrr_at_100": 0.2973770781300419,
            "naucs_at_1_max": 0.1559569059640342,
            "naucs_at_1_std": 0.05557845139908066,
            "naucs_at_1_diff1": 0.49407468351994943,
            "naucs_at_3_max": 0.20679261575387,
            "naucs_at_3_std": 0.1478983914107042,
            "naucs_at_3_diff1": 0.4265709856760711,
            "naucs_at_5_max": 0.19920725280733995,
            "naucs_at_5_std": 0.17645586905028368,
            "naucs_at_5_diff1": 0.38320105155993434,
            "naucs_at_10_max": 0.15292927776389506,
            "naucs_at_10_std": 0.15367076529659768,
            "naucs_at_10_diff1": 0.3501748402796659,
            "naucs_at_20_max": 0.0813370923562777,
            "naucs_at_20_std": 0.12405275505454354,
            "naucs_at_20_diff1": 0.301325355523562,
            "naucs_at_50_max": 0.06520439458779337,
            "naucs_at_50_std": 0.20358163202760388,
            "naucs_at_50_diff1": 0.3617263457241193,
            "naucs_at_100_max": 0.07220474213528447,
            "naucs_at_100_std": 0.24916235379027696,
            "naucs_at_100_diff1": 0.34046058197787155
        }
    }
}