{
    "metadata": {
        "timestamp": "2025-03-31T12:33:25.663136",
        "vidore_benchmark_version": "5.0.0"
    },
    "metrics": {
        "vidore/docvqa_test_subsampled": {
            "ndcg_at_1": 0.21286,
            "ndcg_at_3": 0.28038,
            "ndcg_at_5": 0.30328,
            "ndcg_at_10": 0.32715,
            "ndcg_at_20": 0.34879,
            "ndcg_at_50": 0.37106,
            "ndcg_at_100": 0.38763,
            "map_at_1": 0.21286,
            "map_at_3": 0.26386,
            "map_at_5": 0.27661,
            "map_at_10": 0.28658,
            "map_at_20": 0.29241,
            "map_at_50": 0.29592,
            "map_at_100": 0.29738,
            "recall_at_1": 0.21286,
            "recall_at_3": 0.32816,
            "recall_at_5": 0.38359,
            "recall_at_10": 0.45676,
            "recall_at_20": 0.54324,
            "recall_at_50": 0.65632,
            "recall_at_100": 0.75831,
            "precision_at_1": 0.21286,
            "precision_at_3": 0.10939,
            "precision_at_5": 0.07672,
            "precision_at_10": 0.04568,
            "precision_at_20": 0.02716,
            "precision_at_50": 0.01313,
            "precision_at_100": 0.00758,
            "mrr_at_1": 0.21286031042128603,
            "mrr_at_3": 0.2638580931263857,
            "mrr_at_5": 0.2766075388026607,
            "mrr_at_10": 0.28658184633794387,
            "mrr_at_20": 0.292406655199091,
            "mrr_at_50": 0.2959151912369819,
            "mrr_at_100": 0.2973770781300419,
            "naucs_at_1_max": 0.1559569059640342,
            "naucs_at_1_std": 0.05557845139908066,
            "naucs_at_1_diff1": 0.49407468351994943,
            "naucs_at_3_max": 0.20679261575387,
            "naucs_at_3_std": 0.1478983914107042,
            "naucs_at_3_diff1": 0.4265709856760711,
            "naucs_at_5_max": 0.19920725280733995,
            "naucs_at_5_std": 0.17645586905028368,
            "naucs_at_5_diff1": 0.38320105155993434,
            "naucs_at_10_max": 0.15292927776389506,
            "naucs_at_10_std": 0.15367076529659768,
            "naucs_at_10_diff1": 0.3501748402796659,
            "naucs_at_20_max": 0.0813370923562777,
            "naucs_at_20_std": 0.12405275505454354,
            "naucs_at_20_diff1": 0.301325355523562,
            "naucs_at_50_max": 0.06520439458779337,
            "naucs_at_50_std": 0.20358163202760388,
            "naucs_at_50_diff1": 0.3617263457241193,
            "naucs_at_100_max": 0.07220474213528447,
            "naucs_at_100_std": 0.24916235379027696,
            "naucs_at_100_diff1": 0.34046058197787155
        }
    }
}