{
    "metadata": {
        "timestamp": "2025-03-31T12:30:40.402605",
        "vidore_benchmark_version": "5.0.0"
    },
    "metrics": {
        "vidore/arxivqa_test_subsampled": {
            "ndcg_at_1": 0.342,
            "ndcg_at_3": 0.40117,
            "ndcg_at_5": 0.43197,
            "ndcg_at_10": 0.45845,
            "ndcg_at_20": 0.48453,
            "ndcg_at_50": 0.50942,
            "ndcg_at_100": 0.52117,
            "map_at_1": 0.342,
            "map_at_3": 0.387,
            "map_at_5": 0.4038,
            "map_at_10": 0.4147,
            "map_at_20": 0.42202,
            "map_at_50": 0.42596,
            "map_at_100": 0.42702,
            "recall_at_1": 0.342,
            "recall_at_3": 0.442,
            "recall_at_5": 0.518,
            "recall_at_10": 0.6,
            "recall_at_20": 0.702,
            "recall_at_50": 0.828,
            "recall_at_100": 0.9,
            "precision_at_1": 0.342,
            "precision_at_3": 0.14733,
            "precision_at_5": 0.1036,
            "precision_at_10": 0.06,
            "precision_at_20": 0.0351,
            "precision_at_50": 0.01656,
            "precision_at_100": 0.009,
            "mrr_at_1": 0.342,
            "mrr_at_3": 0.38700000000000007,
            "mrr_at_5": 0.4037999999999999,
            "mrr_at_10": 0.4146992063492062,
            "mrr_at_20": 0.4220213510689516,
            "mrr_at_50": 0.42596475129856565,
            "mrr_at_100": 0.4270203859745572,
            "naucs_at_1_max": 0.3512734376861317,
            "naucs_at_1_std": 0.0444730342521779,
            "naucs_at_1_diff1": 0.6011695349126552,
            "naucs_at_3_max": 0.30320964696234026,
            "naucs_at_3_std": 0.05480611266803699,
            "naucs_at_3_diff1": 0.5116786853219177,
            "naucs_at_5_max": 0.2763318284117964,
            "naucs_at_5_std": 0.04854661501247447,
            "naucs_at_5_diff1": 0.48032697429326143,
            "naucs_at_10_max": 0.2613713268032054,
            "naucs_at_10_std": 0.052876224398931505,
            "naucs_at_10_diff1": 0.42130008904719524,
            "naucs_at_20_max": 0.2631311978492988,
            "naucs_at_20_std": 0.0865932616674463,
            "naucs_at_20_diff1": 0.3475433238044511,
            "naucs_at_50_max": 0.40427951209427304,
            "naucs_at_50_std": 0.2430225346289019,
            "naucs_at_50_diff1": 0.3591643121310253,
            "naucs_at_100_max": 0.3759663865546229,
            "naucs_at_100_std": 0.37533146591970107,
            "naucs_at_100_diff1": 0.3469934640522881
        }
    }
}