{
    "metadata": {
        "description": "Merged metrics for jina-clip-v1_jinaai_jina-clip-v1_seg_2x2 on selected datasets",
        "datasets_included": [
            "arxivqa_test_subsampled",
            "docvqa_test_subsampled",
            "tabfquad_test_subsampled",
            "tatdqa_test"
        ],
        "timestamp": "2025-04-01T01:49:17.182557",
        "vidore_benchmark_version": "5.0.0"
    },
    "metrics": {
        "vidore/arxivqa_test_subsampled": {
            "ndcg_at_1": 0.234,
            "ndcg_at_3": 0.27024,
            "ndcg_at_5": 0.29132,
            "ndcg_at_10": 0.30916,
            "ndcg_at_20": 0.33125,
            "ndcg_at_50": 0.3535,
            "ndcg_at_100": 0.37526,
            "map_at_1": 0.234,
            "map_at_3": 0.26133,
            "map_at_5": 0.27283,
            "map_at_10": 0.28041,
            "map_at_20": 0.28639,
            "map_at_50": 0.28998,
            "map_at_100": 0.2919,
            "recall_at_1": 0.234,
            "recall_at_3": 0.296,
            "recall_at_5": 0.348,
            "recall_at_10": 0.402,
            "recall_at_20": 0.49,
            "recall_at_50": 0.602,
            "recall_at_100": 0.736,
            "precision_at_1": 0.234,
            "precision_at_3": 0.09867,
            "precision_at_5": 0.0696,
            "precision_at_10": 0.0402,
            "precision_at_20": 0.0245,
            "precision_at_50": 0.01204,
            "precision_at_100": 0.00736,
            "mrr_at_1": 0.234,
            "mrr_at_3": 0.26133333333333325,
            "mrr_at_5": 0.27283333333333337,
            "mrr_at_10": 0.28041190476190486,
            "mrr_at_20": 0.28639420774444013,
            "mrr_at_50": 0.2899790413319374,
            "mrr_at_100": 0.2919023009854025,
            "naucs_at_1_max": 0.4051614231767403,
            "naucs_at_1_std": -0.11390622586828744,
            "naucs_at_1_diff1": 0.5927006017218875,
            "naucs_at_3_max": 0.3351140802315334,
            "naucs_at_3_std": -0.14760523996561806,
            "naucs_at_3_diff1": 0.49580835391528566,
            "naucs_at_5_max": 0.30118408480222164,
            "naucs_at_5_std": -0.14285299505355575,
            "naucs_at_5_diff1": 0.4520717524771815,
            "naucs_at_10_max": 0.2846082697604196,
            "naucs_at_10_std": -0.09314752265308374,
            "naucs_at_10_diff1": 0.43780417739097277,
            "naucs_at_20_max": 0.2526336754610757,
            "naucs_at_20_std": -0.0705933902513511,
            "naucs_at_20_diff1": 0.3889554260220679,
            "naucs_at_50_max": 0.2547324649328449,
            "naucs_at_50_std": -0.027860106698280415,
            "naucs_at_50_diff1": 0.32697869906735844,
            "naucs_at_100_max": 0.22261557684298214,
            "naucs_at_100_std": 0.07237369044949216,
            "naucs_at_100_diff1": 0.3216328132508896
        },
        "vidore/docvqa_test_subsampled": {
            "ndcg_at_1": 0.14634,
            "ndcg_at_3": 0.19929,
            "ndcg_at_5": 0.21551,
            "ndcg_at_10": 0.23986,
            "ndcg_at_20": 0.25891,
            "ndcg_at_50": 0.29178,
            "ndcg_at_100": 0.31378,
            "map_at_1": 0.14634,
            "map_at_3": 0.18551,
            "map_at_5": 0.19438,
            "map_at_10": 0.20442,
            "map_at_20": 0.20964,
            "map_at_50": 0.21507,
            "map_at_100": 0.21701,
            "recall_at_1": 0.14634,
            "recall_at_3": 0.23947,
            "recall_at_5": 0.27938,
            "recall_at_10": 0.35477,
            "recall_at_20": 0.43016,
            "recall_at_50": 0.59424,
            "recall_at_100": 0.72949,
            "precision_at_1": 0.14634,
            "precision_at_3": 0.07982,
            "precision_at_5": 0.05588,
            "precision_at_10": 0.03548,
            "precision_at_20": 0.02151,
            "precision_at_50": 0.01188,
            "precision_at_100": 0.00729,
            "mrr_at_1": 0.14634146341463414,
            "mrr_at_3": 0.18551367331855134,
            "mrr_at_5": 0.1943828529194383,
            "mrr_at_10": 0.20441611234294166,
            "mrr_at_20": 0.2096440570406234,
            "mrr_at_50": 0.21506573815352603,
            "mrr_at_100": 0.21701436976447028,
            "naucs_at_1_max": 0.17451395899005606,
            "naucs_at_1_std": 0.06370963096423453,
            "naucs_at_1_diff1": 0.5290775612007463,
            "naucs_at_3_max": 0.04836534016600898,
            "naucs_at_3_std": -0.0038037259029964467,
            "naucs_at_3_diff1": 0.33969168996704513,
            "naucs_at_5_max": 0.04834649424162995,
            "naucs_at_5_std": 0.03360092492595451,
            "naucs_at_5_diff1": 0.37366220025105973,
            "naucs_at_10_max": 0.07554911299364352,
            "naucs_at_10_std": 0.1121867631173082,
            "naucs_at_10_diff1": 0.32673630685753685,
            "naucs_at_20_max": 0.0033287418886956024,
            "naucs_at_20_std": 0.11858835537659827,
            "naucs_at_20_diff1": 0.2841876812608278,
            "naucs_at_50_max": -0.08505728072455591,
            "naucs_at_50_std": 0.23959706038996123,
            "naucs_at_50_diff1": 0.2387006137386769,
            "naucs_at_100_max": -0.127832785568669,
            "naucs_at_100_std": 0.20804351229572346,
            "naucs_at_100_diff1": 0.24380174303287813
        },
        "vidore/tabfquad_test_subsampled": {
            "ndcg_at_1": 0.17857,
            "ndcg_at_3": 0.23155,
            "ndcg_at_5": 0.25676,
            "ndcg_at_10": 0.2879,
            "ndcg_at_20": 0.32086,
            "ndcg_at_50": 0.37867,
            "ndcg_at_100": 0.40273,
            "map_at_1": 0.17857,
            "map_at_3": 0.21786,
            "map_at_5": 0.23196,
            "map_at_10": 0.2448,
            "map_at_20": 0.25361,
            "map_at_50": 0.26248,
            "map_at_100": 0.26485,
            "recall_at_1": 0.17857,
            "recall_at_3": 0.27143,
            "recall_at_5": 0.33214,
            "recall_at_10": 0.42857,
            "recall_at_20": 0.56071,
            "recall_at_50": 0.85714,
            "recall_at_100": 1.0,
            "precision_at_1": 0.17857,
            "precision_at_3": 0.09048,
            "precision_at_5": 0.06643,
            "precision_at_10": 0.04286,
            "precision_at_20": 0.02804,
            "precision_at_50": 0.01714,
            "precision_at_100": 0.01,
            "mrr_at_1": 0.17857142857142858,
            "mrr_at_3": 0.2178571428571429,
            "mrr_at_5": 0.23196428571428576,
            "mrr_at_10": 0.24479733560090708,
            "mrr_at_20": 0.2536086850087847,
            "mrr_at_50": 0.262477463867498,
            "mrr_at_100": 0.2648502631336889,
            "naucs_at_1_max": 0.18612494484019418,
            "naucs_at_1_std": 0.017758305490764667,
            "naucs_at_1_diff1": 0.35905566412406215,
            "naucs_at_3_max": 0.14154839754621096,
            "naucs_at_3_std": 0.10370396614904932,
            "naucs_at_3_diff1": 0.21938331342497938,
            "naucs_at_5_max": 0.09851280809002028,
            "naucs_at_5_std": 0.1106725375360399,
            "naucs_at_5_diff1": 0.21259576974412345,
            "naucs_at_10_max": 0.0657567316620239,
            "naucs_at_10_std": 0.20820798514391822,
            "naucs_at_10_diff1": 0.18543175487465158,
            "naucs_at_20_max": 0.043414290135514344,
            "naucs_at_20_std": 0.2738494477450648,
            "naucs_at_20_diff1": 0.1789995991902631,
            "naucs_at_50_max": 0.33494897959183584,
            "naucs_at_50_std": 0.30041302235179734,
            "naucs_at_50_diff1": 0.18509475218658833,
            "naucs_at_100_max": 1.0,
            "naucs_at_100_std": 1.0,
            "naucs_at_100_diff1": 1.0
        },
        "vidore/tatdqa_test": {
            "ndcg_at_1": 0.10753,
            "ndcg_at_3": 0.15193,
            "ndcg_at_5": 0.16937,
            "ndcg_at_10": 0.19468,
            "ndcg_at_20": 0.22168,