{
    "metadata": {
        "timestamp": "2025-04-01T21:11:03.768718",
        "vidore_benchmark_version": "5.0.0"
    },
    "metrics": {
        "vidore/docvqa_test_subsampled": {
            "ndcg_at_1": 0.14634,
            "ndcg_at_3": 0.19929,
            "ndcg_at_5": 0.21551,
            "ndcg_at_10": 0.23986,
            "ndcg_at_20": 0.25891,
            "ndcg_at_50": 0.29178,
            "ndcg_at_100": 0.31378,
            "map_at_1": 0.14634,
            "map_at_3": 0.18551,
            "map_at_5": 0.19438,
            "map_at_10": 0.20442,
            "map_at_20": 0.20964,
            "map_at_50": 0.21507,
            "map_at_100": 0.21701,
            "recall_at_1": 0.14634,
            "recall_at_3": 0.23947,
            "recall_at_5": 0.27938,
            "recall_at_10": 0.35477,
            "recall_at_20": 0.43016,
            "recall_at_50": 0.59424,
            "recall_at_100": 0.72949,
            "precision_at_1": 0.14634,
            "precision_at_3": 0.07982,
            "precision_at_5": 0.05588,
            "precision_at_10": 0.03548,
            "precision_at_20": 0.02151,
            "precision_at_50": 0.01188,
            "precision_at_100": 0.00729,
            "mrr_at_1": 0.14634146341463414,
            "mrr_at_3": 0.18551367331855134,
            "mrr_at_5": 0.1943828529194383,
            "mrr_at_10": 0.20441611234294166,
            "mrr_at_20": 0.2096440570406234,
            "mrr_at_50": 0.21506573815352603,
            "mrr_at_100": 0.21701436976447028,
            "naucs_at_1_max": 0.17451395899005606,
            "naucs_at_1_std": 0.06370963096423453,
            "naucs_at_1_diff1": 0.5290775612007463,
            "naucs_at_3_max": 0.04836534016600898,
            "naucs_at_3_std": -0.0038037259029964467,
            "naucs_at_3_diff1": 0.33969168996704513,
            "naucs_at_5_max": 0.04834649424162995,
            "naucs_at_5_std": 0.03360092492595451,
            "naucs_at_5_diff1": 0.37366220025105973,
            "naucs_at_10_max": 0.07554911299364352,
            "naucs_at_10_std": 0.1121867631173082,
            "naucs_at_10_diff1": 0.32673630685753685,
            "naucs_at_20_max": 0.0033287418886956024,
            "naucs_at_20_std": 0.11858835537659827,
            "naucs_at_20_diff1": 0.2841876812608278,
            "naucs_at_50_max": -0.08505728072455591,
            "naucs_at_50_std": 0.23959706038996123,
            "naucs_at_50_diff1": 0.2387006137386769,
            "naucs_at_100_max": -0.127832785568669,
            "naucs_at_100_std": 0.20804351229572346,
            "naucs_at_100_diff1": 0.24380174303287813
        }
    }
}