{
    "metadata": {
        "timestamp": "2025-04-02T15:27:15.731629",
        "vidore_benchmark_version": "5.0.0"
    },
    "metrics": {
        "vidore/shiftproject_test": {
            "ndcg_at_1": 0.12,
            "ndcg_at_3": 0.18917,
            "ndcg_at_5": 0.21457,
            "ndcg_at_10": 0.23695,
            "ndcg_at_20": 0.26046,
            "ndcg_at_50": 0.27995,
            "ndcg_at_100": 0.30692,
            "map_at_1": 0.12,
            "map_at_3": 0.17167,
            "map_at_5": 0.18617,
            "map_at_10": 0.19523,
            "map_at_20": 0.2021,
            "map_at_50": 0.20513,
            "map_at_100": 0.20733,
            "recall_at_1": 0.12,
            "recall_at_3": 0.24,
            "recall_at_5": 0.3,
            "recall_at_10": 0.37,
            "recall_at_20": 0.46,
            "recall_at_50": 0.56,
            "recall_at_100": 0.73,
            "precision_at_1": 0.12,
            "precision_at_3": 0.08,
            "precision_at_5": 0.06,
            "precision_at_10": 0.037,
            "precision_at_20": 0.023,
            "precision_at_50": 0.0112,
            "precision_at_100": 0.0073,
            "mrr_at_1": 0.12,
            "mrr_at_3": 0.1716666666666667,
            "mrr_at_5": 0.18616666666666665,
            "mrr_at_10": 0.19523412698412695,
            "mrr_at_20": 0.20209543131447152,
            "mrr_at_50": 0.20512934553359455,
            "mrr_at_100": 0.2073250804754706,
            "naucs_at_1_max": 0.008695858212491655,
            "naucs_at_1_std": 0.010188607714908489,
            "naucs_at_1_diff1": 0.19211449151739177,
            "naucs_at_3_max": 0.1058141624730412,
            "naucs_at_3_std": 0.11812544931703796,
            "naucs_at_3_diff1": 0.12950814761562446,
            "naucs_at_5_max": 0.2063640048642073,
            "naucs_at_5_std": 0.19363599513579213,
            "naucs_at_5_diff1": 0.11690312119983771,
            "naucs_at_10_max": 0.1565833975371839,
            "naucs_at_10_std": 0.23587406469136443,
            "naucs_at_10_diff1": 0.04571749435223744,
            "naucs_at_20_max": 0.11332159470184813,
            "naucs_at_20_std": 0.17379306719928544,
            "naucs_at_20_diff1": 0.059446532285617235,
            "naucs_at_50_max": 0.24254769475357668,
            "naucs_at_50_std": 0.20896263910969745,
            "naucs_at_50_diff1": 0.015827276856688242,
            "naucs_at_100_max": 0.2898425367119465,
            "naucs_at_100_std": 0.27022351530401617,
            "naucs_at_100_diff1": 0.19326112170477114
        }
    }
}