{
    "metadata": {
        "timestamp": "2025-04-02T16:24:34.717288",
        "vidore_benchmark_version": "5.0.0"
    },
    "metrics": {
        "vidore/syntheticDocQA_government_reports_test": {
            "ndcg_at_1": 0.44,
            "ndcg_at_3": 0.56464,
            "ndcg_at_5": 0.5969,
            "ndcg_at_10": 0.61341,
            "ndcg_at_20": 0.63126,
            "ndcg_at_50": 0.64474,
            "ndcg_at_100": 0.64956,
            "map_at_1": 0.44,
            "map_at_3": 0.535,
            "map_at_5": 0.5525,
            "map_at_10": 0.55951,
            "map_at_20": 0.56448,
            "map_at_50": 0.56647,
            "map_at_100": 0.56688,
            "recall_at_1": 0.44,
            "recall_at_3": 0.65,
            "recall_at_5": 0.73,
            "recall_at_10": 0.78,
            "recall_at_20": 0.85,
            "recall_at_50": 0.92,
            "recall_at_100": 0.95,
            "precision_at_1": 0.44,
            "precision_at_3": 0.21667,
            "precision_at_5": 0.146,
            "precision_at_10": 0.078,
            "precision_at_20": 0.0425,
            "precision_at_50": 0.0184,
            "precision_at_100": 0.0095,
            "mrr_at_1": 0.44,
            "mrr_at_3": 0.535,
            "mrr_at_5": 0.5525,
            "mrr_at_10": 0.5595119047619047,
            "mrr_at_20": 0.5644778873087697,
            "mrr_at_50": 0.5664701640332273,
            "mrr_at_100": 0.5668796285682596,
            "naucs_at_1_max": 0.46455603695776965,
            "naucs_at_1_std": 0.17438795218458003,
            "naucs_at_1_diff1": 0.4848488803048492,
            "naucs_at_3_max": 0.57638538530393,
            "naucs_at_3_std": 0.26166490357230093,
            "naucs_at_3_diff1": 0.34062983155667664,
            "naucs_at_5_max": 0.5990092197605617,
            "naucs_at_5_std": 0.3094812164579612,
            "naucs_at_5_diff1": 0.18354990269122748,
            "naucs_at_10_max": 0.6457550887930631,
            "naucs_at_10_std": 0.22805675337321016,
            "naucs_at_10_diff1": 0.25219084712755635,
            "naucs_at_20_max": 0.6884803123983073,
            "naucs_at_20_std": 0.2517084282460132,
            "naucs_at_20_diff1": 0.23511226814188146,
            "naucs_at_50_max": 0.6108193277310922,
            "naucs_at_50_std": 0.26196311858076565,
            "naucs_at_50_diff1": 0.061216153127917984,
            "naucs_at_100_max": 0.43286647992530536,
            "naucs_at_100_std": 0.1981325863678819,
            "naucs_at_100_diff1": -0.31811391223155766
        }
    }
}