{
    "metadata": {
        "timestamp": "2025-04-02T14:29:29.055486",
        "vidore_benchmark_version": "5.0.0"
    },
    "metrics": {
        "vidore/infovqa_test_subsampled": {
            "ndcg_at_1": 0.37652,
            "ndcg_at_3": 0.47281,
            "ndcg_at_5": 0.49685,
            "ndcg_at_10": 0.52795,
            "ndcg_at_20": 0.54882,
            "ndcg_at_50": 0.56365,
            "ndcg_at_100": 0.57334,
            "map_at_1": 0.37652,
            "map_at_3": 0.44939,
            "map_at_5": 0.46265,
            "map_at_10": 0.47569,
            "map_at_20": 0.48161,
            "map_at_50": 0.48399,
            "map_at_100": 0.48489,
            "recall_at_1": 0.37652,
            "recall_at_3": 0.54049,
            "recall_at_5": 0.59919,
            "recall_at_10": 0.69433,
            "recall_at_20": 0.7753,
            "recall_at_50": 0.8502,
            "recall_at_100": 0.90891,
            "precision_at_1": 0.37652,
            "precision_at_3": 0.18016,
            "precision_at_5": 0.11984,
            "precision_at_10": 0.06943,
            "precision_at_20": 0.03877,
            "precision_at_50": 0.017,
            "precision_at_100": 0.00909,
            "mrr_at_1": 0.3765182186234818,
            "mrr_at_3": 0.4493927125506074,
            "mrr_at_5": 0.4626518218623482,
            "mrr_at_10": 0.4756852066062591,
            "mrr_at_20": 0.48161444232383743,
            "mrr_at_50": 0.4839856196768586,
            "mrr_at_100": 0.48488743078487906,
            "naucs_at_1_max": 0.37319313189090136,
            "naucs_at_1_std": -0.0409799188803667,
            "naucs_at_1_diff1": 0.6154475223005043,
            "naucs_at_3_max": 0.28441815476998694,
            "naucs_at_3_std": -0.021670882132627415,
            "naucs_at_3_diff1": 0.4723265049296479,
            "naucs_at_5_max": 0.2213754219200447,
            "naucs_at_5_std": -0.05939803845772419,
            "naucs_at_5_diff1": 0.4340874377804994,
            "naucs_at_10_max": 0.12819999528191997,
            "naucs_at_10_std": -0.06158163266417384,
            "naucs_at_10_diff1": 0.375598362488471,
            "naucs_at_20_max": 0.16393107421179165,
            "naucs_at_20_std": -0.0031365527229894755,
            "naucs_at_20_diff1": 0.42263274047579,
            "naucs_at_50_max": 0.1557677121327404,
            "naucs_at_50_std": 0.06807935929703965,
            "naucs_at_50_diff1": 0.3991981647133781,
            "naucs_at_100_max": 0.011269646556516083,
            "naucs_at_100_std": 0.12686263043993032,
            "naucs_at_100_diff1": 0.3491369938890574
        }
    }
}