{
    "metadata": {
        "timestamp": "2025-04-01T01:49:17.182557",
        "vidore_benchmark_version": "5.0.0"
    },
    "metrics": {
        "vidore/arxivqa_test_subsampled": {
            "ndcg_at_1": 0.234,
            "ndcg_at_3": 0.27024,
            "ndcg_at_5": 0.29132,
            "ndcg_at_10": 0.30916,
            "ndcg_at_20": 0.33125,
            "ndcg_at_50": 0.3535,
            "ndcg_at_100": 0.37526,
            "map_at_1": 0.234,
            "map_at_3": 0.26133,
            "map_at_5": 0.27283,
            "map_at_10": 0.28041,
            "map_at_20": 0.28639,
            "map_at_50": 0.28998,
            "map_at_100": 0.2919,
            "recall_at_1": 0.234,
            "recall_at_3": 0.296,
            "recall_at_5": 0.348,
            "recall_at_10": 0.402,
            "recall_at_20": 0.49,
            "recall_at_50": 0.602,
            "recall_at_100": 0.736,
            "precision_at_1": 0.234,
            "precision_at_3": 0.09867,
            "precision_at_5": 0.0696,
            "precision_at_10": 0.0402,
            "precision_at_20": 0.0245,
            "precision_at_50": 0.01204,
            "precision_at_100": 0.00736,
            "mrr_at_1": 0.234,
            "mrr_at_3": 0.26133333333333325,
            "mrr_at_5": 0.27283333333333337,
            "mrr_at_10": 0.28041190476190486,
            "mrr_at_20": 0.28639420774444013,
            "mrr_at_50": 0.2899790413319374,
            "mrr_at_100": 0.2919023009854025,
            "naucs_at_1_max": 0.4051614231767403,
            "naucs_at_1_std": -0.11390622586828744,
            "naucs_at_1_diff1": 0.5927006017218875,
            "naucs_at_3_max": 0.3351140802315334,
            "naucs_at_3_std": -0.14760523996561806,
            "naucs_at_3_diff1": 0.49580835391528566,
            "naucs_at_5_max": 0.30118408480222164,
            "naucs_at_5_std": -0.14285299505355575,
            "naucs_at_5_diff1": 0.4520717524771815,
            "naucs_at_10_max": 0.2846082697604196,
            "naucs_at_10_std": -0.09314752265308374,
            "naucs_at_10_diff1": 0.43780417739097277,
            "naucs_at_20_max": 0.2526336754610757,
            "naucs_at_20_std": -0.0705933902513511,
            "naucs_at_20_diff1": 0.3889554260220679,
            "naucs_at_50_max": 0.2547324649328449,
            "naucs_at_50_std": -0.027860106698280415,
            "naucs_at_50_diff1": 0.32697869906735844,
            "naucs_at_100_max": 0.22261557684298214,
            "naucs_at_100_std": 0.07237369044949216,
            "naucs_at_100_diff1": 0.3216328132508896
        }
    }
}