{
    "metadata": {
        "timestamp": "2025-04-02T16:43:38.584684",
        "vidore_benchmark_version": "5.0.0"
    },
    "metrics": {
        "vidore/syntheticDocQA_healthcare_industry_test": {
            "ndcg_at_1": 0.42,
            "ndcg_at_3": 0.52178,
            "ndcg_at_5": 0.54631,
            "ndcg_at_10": 0.57279,
            "ndcg_at_20": 0.59735,
            "ndcg_at_50": 0.61001,
            "ndcg_at_100": 0.61995,
            "map_at_1": 0.42,
            "map_at_3": 0.495,
            "map_at_5": 0.5085,
            "map_at_10": 0.51977,
            "map_at_20": 0.52612,
            "map_at_50": 0.52848,
            "map_at_100": 0.52942,
            "recall_at_1": 0.42,
            "recall_at_3": 0.6,
            "recall_at_5": 0.66,
            "recall_at_10": 0.74,
            "recall_at_20": 0.84,
            "recall_at_50": 0.9,
            "recall_at_100": 0.96,
            "precision_at_1": 0.42,
            "precision_at_3": 0.2,
            "precision_at_5": 0.132,
            "precision_at_10": 0.074,
            "precision_at_20": 0.042,
            "precision_at_50": 0.018,
            "precision_at_100": 0.0096,
            "mrr_at_1": 0.42,
            "mrr_at_3": 0.49500000000000005,
            "mrr_at_5": 0.5085000000000001,
            "mrr_at_10": 0.5197698412698414,
            "mrr_at_20": 0.5261217603775655,
            "mrr_at_50": 0.528483039838845,
            "mrr_at_100": 0.5294186719225737,
            "naucs_at_1_max": 0.40268813023304034,
            "naucs_at_1_std": -0.03686134225056381,
            "naucs_at_1_diff1": 0.6458252326515797,
            "naucs_at_3_max": 0.3647224695755422,
            "naucs_at_3_std": -0.08020184030869604,
            "naucs_at_3_diff1": 0.4884832294449396,
            "naucs_at_5_max": 0.3852600484582962,
            "naucs_at_5_std": -0.07723455806697793,
            "naucs_at_5_diff1": 0.46534899930299745,
            "naucs_at_10_max": 0.4820364137707317,
            "naucs_at_10_std": -0.1790073395239445,
            "naucs_at_10_diff1": 0.5662584647824495,
            "naucs_at_20_max": 0.5264175257731946,
            "naucs_at_20_std": -0.07655252822778558,
            "naucs_at_20_diff1": 0.49999999999999944,
            "naucs_at_50_max": 0.6602240896358555,
            "naucs_at_50_std": 0.3027077497665753,
            "naucs_at_50_diff1": 0.4434173669467792,
            "naucs_at_100_max": 0.5140056022408919,
            "naucs_at_100_std": 0.1488095238095249,
            "naucs_at_100_diff1": 0.4445611577964517
        }
    }
}