{
    "metadata": {
        "timestamp": "2025-04-02T16:05:20.218893",
        "vidore_benchmark_version": "5.0.0"
    },
    "metrics": {
        "vidore/syntheticDocQA_energy_test": {
            "ndcg_at_1": 0.38,
            "ndcg_at_3": 0.48702,
            "ndcg_at_5": 0.5206,
            "ndcg_at_10": 0.53673,
            "ndcg_at_20": 0.55747,
            "ndcg_at_50": 0.56947,
            "ndcg_at_100": 0.57961,
            "map_at_1": 0.38,
            "map_at_3": 0.46167,
            "map_at_5": 0.48067,
            "map_at_10": 0.4873,
            "map_at_20": 0.49326,
            "map_at_50": 0.49522,
            "map_at_100": 0.49623,
            "recall_at_1": 0.38,
            "recall_at_3": 0.56,
            "recall_at_5": 0.64,
            "recall_at_10": 0.69,
            "recall_at_20": 0.77,
            "recall_at_50": 0.83,
            "recall_at_100": 0.89,
            "precision_at_1": 0.38,
            "precision_at_3": 0.18667,
            "precision_at_5": 0.128,
            "precision_at_10": 0.069,
            "precision_at_20": 0.0385,
            "precision_at_50": 0.0166,
            "precision_at_100": 0.0089,
            "mrr_at_1": 0.38,
            "mrr_at_3": 0.46166666666666667,
            "mrr_at_5": 0.48066666666666663,
            "mrr_at_10": 0.48730158730158735,
            "mrr_at_20": 0.4932615758424583,
            "mrr_at_50": 0.4952213419592011,
            "mrr_at_100": 0.49623256104584607,
            "naucs_at_1_max": 0.5011306630624074,
            "naucs_at_1_std": -0.0548436565903364,
            "naucs_at_1_diff1": 0.6370441608400697,
            "naucs_at_3_max": 0.4315523506699977,
            "naucs_at_3_std": 0.05357142857142914,
            "naucs_at_3_diff1": 0.49706166250283895,
            "naucs_at_5_max": 0.5371056329033083,
            "naucs_at_5_std": 0.23617320219696045,
            "naucs_at_5_diff1": 0.48149508238600075,
            "naucs_at_10_max": 0.47039525900841284,
            "naucs_at_10_std": 0.2687620156269294,
            "naucs_at_10_diff1": 0.4172354798313851,
            "naucs_at_20_max": 0.48962646314988556,
            "naucs_at_20_std": 0.19793648306886802,
            "naucs_at_20_diff1": 0.2604015129473397,
            "naucs_at_50_max": 0.44822081616067805,
            "naucs_at_50_std": 0.24566088117490065,
            "naucs_at_50_diff1": 0.2101352528008363,
            "naucs_at_100_max": 0.24551155399020874,
            "naucs_at_100_std": 0.21840907138562213,
            "naucs_at_100_diff1": 0.10312687913409821
        }
    }
}