{
    "metadata": {
        "timestamp": "2025-04-02T15:46:28.660435",
        "vidore_benchmark_version": "5.0.0"
    },
    "metrics": {
        "vidore/syntheticDocQA_artificial_intelligence_test": {
            "ndcg_at_1": 0.39,
            "ndcg_at_3": 0.46678,
            "ndcg_at_5": 0.50854,
            "ndcg_at_10": 0.53051,
            "ndcg_at_20": 0.55012,
            "ndcg_at_50": 0.56582,
            "ndcg_at_100": 0.57394,
            "map_at_1": 0.39,
            "map_at_3": 0.44833,
            "map_at_5": 0.47183,
            "map_at_10": 0.48051,
            "map_at_20": 0.48558,
            "map_at_50": 0.48801,
            "map_at_100": 0.48873,
            "recall_at_1": 0.39,
            "recall_at_3": 0.52,
            "recall_at_5": 0.62,
            "recall_at_10": 0.69,
            "recall_at_20": 0.77,
            "recall_at_50": 0.85,
            "recall_at_100": 0.9,
            "precision_at_1": 0.39,
            "precision_at_3": 0.17333,
            "precision_at_5": 0.124,
            "precision_at_10": 0.069,
            "precision_at_20": 0.0385,
            "precision_at_50": 0.017,
            "precision_at_100": 0.009,
            "mrr_at_1": 0.39,
            "mrr_at_3": 0.44833333333333336,
            "mrr_at_5": 0.4718333333333334,
            "mrr_at_10": 0.4805119047619049,
            "mrr_at_20": 0.485583656539539,
            "mrr_at_50": 0.48801489412334936,
            "mrr_at_100": 0.48873274896354457,
            "naucs_at_1_max": 0.3889514053264006,
            "naucs_at_1_std": 0.12724897494599877,
            "naucs_at_1_diff1": 0.4948585619494783,
            "naucs_at_3_max": 0.36928015670058234,
            "naucs_at_3_std": 0.13908536917133676,
            "naucs_at_3_diff1": 0.3707764296207627,
            "naucs_at_5_max": 0.42122265637018147,
            "naucs_at_5_std": 0.14523274774636252,
            "naucs_at_5_diff1": 0.3993323693197557,
            "naucs_at_10_max": 0.4339559412314591,
            "naucs_at_10_std": 0.21727781011340971,
            "naucs_at_10_diff1": 0.38331834135844917,
            "naucs_at_20_max": 0.450885163716121,
            "naucs_at_20_std": 0.12862290459031986,
            "naucs_at_20_diff1": 0.3987824802488756,
            "naucs_at_50_max": 0.5317930361210557,
            "naucs_at_50_std": 0.31893914741295226,
            "naucs_at_50_diff1": 0.5316628701594545,
            "naucs_at_100_max": 0.6445378151260509,
            "naucs_at_100_std": 0.33720821661998396,
            "naucs_at_100_diff1": 0.5764239028944935
        }
    }
}