{
    "metadata": {
        "timestamp": "2025-04-02T14:34:09.553278",
        "vidore_benchmark_version": "5.0.0"
    },
    "metrics": {
        "vidore/tabfquad_test_subsampled": {
            "ndcg_at_1": 0.17857,
            "ndcg_at_3": 0.23155,
            "ndcg_at_5": 0.25676,
            "ndcg_at_10": 0.2879,
            "ndcg_at_20": 0.32086,
            "ndcg_at_50": 0.37867,
            "ndcg_at_100": 0.40273,
            "map_at_1": 0.17857,
            "map_at_3": 0.21786,
            "map_at_5": 0.23196,
            "map_at_10": 0.2448,
            "map_at_20": 0.25361,
            "map_at_50": 0.26248,
            "map_at_100": 0.26485,
            "recall_at_1": 0.17857,
            "recall_at_3": 0.27143,
            "recall_at_5": 0.33214,
            "recall_at_10": 0.42857,
            "recall_at_20": 0.56071,
            "recall_at_50": 0.85714,
            "recall_at_100": 1.0,
            "precision_at_1": 0.17857,
            "precision_at_3": 0.09048,
            "precision_at_5": 0.06643,
            "precision_at_10": 0.04286,
            "precision_at_20": 0.02804,
            "precision_at_50": 0.01714,
            "precision_at_100": 0.01,
            "mrr_at_1": 0.17857142857142858,
            "mrr_at_3": 0.2178571428571429,
            "mrr_at_5": 0.23196428571428576,
            "mrr_at_10": 0.24479733560090708,
            "mrr_at_20": 0.2536086850087847,
            "mrr_at_50": 0.262477463867498,
            "mrr_at_100": 0.2648502631336889,
            "naucs_at_1_max": 0.18612494484019418,
            "naucs_at_1_std": 0.017758305490764667,
            "naucs_at_1_diff1": 0.35905566412406215,
            "naucs_at_3_max": 0.14154839754621096,
            "naucs_at_3_std": 0.10370396614904932,
            "naucs_at_3_diff1": 0.21938331342497938,
            "naucs_at_5_max": 0.09851280809002028,
            "naucs_at_5_std": 0.1106725375360399,
            "naucs_at_5_diff1": 0.21259576974412345,
            "naucs_at_10_max": 0.0657567316620239,
            "naucs_at_10_std": 0.20820798514391822,
            "naucs_at_10_diff1": 0.18543175487465158,
            "naucs_at_20_max": 0.043414290135514344,
            "naucs_at_20_std": 0.2738494477450648,
            "naucs_at_20_diff1": 0.1789995991902631,
            "naucs_at_50_max": 0.33494897959183584,
            "naucs_at_50_std": 0.30041302235179734,
            "naucs_at_50_diff1": 0.18509475218658833,
            "naucs_at_100_max": 1.0,
            "naucs_at_100_std": 1.0,
            "naucs_at_100_diff1": 1.0
        }
    }
}