{
    "metadata": {
        "timestamp": "2025-04-02T15:06:10.316695",
        "vidore_benchmark_version": "5.0.0"
    },
    "metrics": {
        "vidore/tatdqa_test": {
            "ndcg_at_1": 0.10753,
            "ndcg_at_3": 0.15193,
            "ndcg_at_5": 0.16937,
            "ndcg_at_10": 0.19468,
            "ndcg_at_20": 0.22168,
            "ndcg_at_50": 0.25103,
            "ndcg_at_100": 0.277,
            "map_at_1": 0.10753,
            "map_at_3": 0.14085,
            "map_at_5": 0.15032,
            "map_at_10": 0.16064,
            "map_at_20": 0.16796,
            "map_at_50": 0.17264,
            "map_at_100": 0.17491,
            "recall_at_1": 0.10753,
            "recall_at_3": 0.18408,
            "recall_at_5": 0.22722,
            "recall_at_10": 0.3062,
            "recall_at_20": 0.41373,
            "recall_at_50": 0.56197,
            "recall_at_100": 0.72236,
            "precision_at_1": 0.10753,
            "precision_at_3": 0.06136,
            "precision_at_5": 0.04544,
            "precision_at_10": 0.03062,
            "precision_at_20": 0.02069,
            "precision_at_50": 0.01124,
            "precision_at_100": 0.00722,
            "mrr_at_1": 0.10874848116646416,
            "mrr_at_3": 0.14125151883353593,
            "mrr_at_5": 0.1507897934386391,
            "mrr_at_10": 0.1612162240351789,
            "mrr_at_20": 0.16853368310590333,
            "mrr_at_50": 0.17321380661898486,
            "mrr_at_100": 0.17548770349603057,
            "naucs_at_1_max": 0.16868674953494553,
            "naucs_at_1_std": -0.0933684334596138,
            "naucs_at_1_diff1": 0.2355829465242412,
            "naucs_at_3_max": 0.15459630641677025,
            "naucs_at_3_std": -0.07249072784277026,
            "naucs_at_3_diff1": 0.16861351726634727,
            "naucs_at_5_max": 0.1422424451454462,
            "naucs_at_5_std": -0.0824959060410779,
            "naucs_at_5_diff1": 0.1585451517553711,
            "naucs_at_10_max": 0.08451738440910081,
            "naucs_at_10_std": -0.06997104060374602,
            "naucs_at_10_diff1": 0.12331107238060587,
            "naucs_at_20_max": 0.07490389946949215,
            "naucs_at_20_std": -0.04456380577167,
            "naucs_at_20_diff1": 0.12712526381259953,
            "naucs_at_50_max": 0.07756751484576904,
            "naucs_at_50_std": -0.06234555483621135,
            "naucs_at_50_diff1": 0.15747028191268134,
            "naucs_at_100_max": 0.05674765459096426,
            "naucs_at_100_std": -0.05822070775069228,
            "naucs_at_100_diff1": 0.1655604165151138
        }
    }
}