{
    "metadata": {
        "timestamp": "2025-04-02T18:47:21.978679",
        "vidore_benchmark_version": "5.0.0"
    },
    "metrics": {
        "vidore/docvqa_test_subsampled": {
            "ndcg_at_1": 0.00222,
            "ndcg_at_3": 0.00892,
            "ndcg_at_5": 0.0134,
            "ndcg_at_10": 0.01841,
            "ndcg_at_20": 0.02597,
            "ndcg_at_50": 0.03683,
            "ndcg_at_100": 0.05746,
            "map_at_1": 0.00222,
            "map_at_3": 0.00739,
            "map_at_5": 0.00983,
            "map_at_10": 0.01189,
            "map_at_20": 0.01381,
            "map_at_50": 0.0155,
            "map_at_100": 0.01725,
            "recall_at_1": 0.00222,
            "recall_at_3": 0.0133,
            "recall_at_5": 0.02439,
            "recall_at_10": 0.03991,
            "recall_at_20": 0.07095,
            "recall_at_50": 0.12639,
            "recall_at_100": 0.25499,
            "precision_at_1": 0.00222,
            "precision_at_3": 0.00443,
            "precision_at_5": 0.00488,
            "precision_at_10": 0.00399,
            "precision_at_20": 0.00355,
            "precision_at_50": 0.00253,
            "precision_at_100": 0.00255,
            "mrr_at_1": 0.0022172949002217295,
            "mrr_at_3": 0.007390983000739097,
            "mrr_at_5": 0.009830007390983001,
            "mrr_at_10": 0.011892443599760674,
            "mrr_at_20": 0.014014304791936882,
            "mrr_at_50": 0.015697160557072088,
            "mrr_at_100": 0.01744677510037805,
            "naucs_at_1_max": -0.49844161702617135,
            "naucs_at_1_std": -0.3178947314928123,
            "naucs_at_1_diff1": -0.07042306408437554,
            "naucs_at_3_max": 0.08332179057386073,
            "naucs_at_3_std": -0.17091663638172994,
            "naucs_at_3_diff1": 0.18784841927891321,
            "naucs_at_5_max": -0.10703361745100348,
            "naucs_at_5_std": -0.16683584465692672,
            "naucs_at_5_diff1": 0.2047148927809235,
            "naucs_at_10_max": -0.15869617057687246,
            "naucs_at_10_std": -0.21737852905658425,
            "naucs_at_10_diff1": 0.07230410512097474,
            "naucs_at_20_max": -0.09442846409445257,
            "naucs_at_20_std": -0.11857425046986912,
            "naucs_at_20_diff1": 0.04299497972768402,
            "naucs_at_50_max": -0.154796171825245,
            "naucs_at_50_std": -0.14042539399152473,
            "naucs_at_50_diff1": 0.03386983451791874,
            "naucs_at_100_max": -0.09616027910891893,
            "naucs_at_100_std": 0.02808978792478606,
            "naucs_at_100_diff1": -0.033482212445096596
        }
    }
}