{
    "metadata": {
        "timestamp": "2025-04-02T18:51:47.264739",
        "vidore_benchmark_version": "5.0.0"
    },
    "metrics": {
        "vidore/tabfquad_test_subsampled": {
            "ndcg_at_1": 0.02857,
            "ndcg_at_3": 0.03937,
            "ndcg_at_5": 0.05227,
            "ndcg_at_10": 0.07597,
            "ndcg_at_20": 0.11,
            "ndcg_at_50": 0.19631,
            "ndcg_at_100": 0.24121,
            "map_at_1": 0.02857,
            "map_at_3": 0.0369,
            "map_at_5": 0.04387,
            "map_at_10": 0.05333,
            "map_at_20": 0.06252,
            "map_at_50": 0.07572,
            "map_at_100": 0.08009,
            "recall_at_1": 0.02857,
            "recall_at_3": 0.04643,
            "recall_at_5": 0.07857,
            "recall_at_10": 0.15357,
            "recall_at_20": 0.28929,
            "recall_at_50": 0.73214,
            "recall_at_100": 1.0,
            "precision_at_1": 0.02857,
            "precision_at_3": 0.01548,
            "precision_at_5": 0.01571,
            "precision_at_10": 0.01536,
            "precision_at_20": 0.01446,
            "precision_at_50": 0.01464,
            "precision_at_100": 0.01,
            "mrr_at_1": 0.02857142857142857,
            "mrr_at_3": 0.0369047619047619,
            "mrr_at_5": 0.04386904761904761,
            "mrr_at_10": 0.05333475056689341,
            "mrr_at_20": 0.06252360295731592,
            "mrr_at_50": 0.07565003272192071,
            "mrr_at_100": 0.08008198048184269,
            "naucs_at_1_max": -0.06875503085591636,
            "naucs_at_1_std": 0.01656828548430367,
            "naucs_at_1_diff1": -0.09001878186208746,
            "naucs_at_3_max": -0.012940909372355574,
            "naucs_at_3_std": 0.01717198819425812,
            "naucs_at_3_diff1": -0.18472270954159872,
            "naucs_at_5_max": -0.14807181013244872,
            "naucs_at_5_std": -0.08882357245652125,
            "naucs_at_5_diff1": -0.1173500500036588,
            "naucs_at_10_max": -0.0919419075982766,
            "naucs_at_10_std": -0.06139600031125966,
            "naucs_at_10_diff1": 0.060787628836808,
            "naucs_at_20_max": 0.033525369952899474,
            "naucs_at_20_std": -0.055837962349035083,
            "naucs_at_20_diff1": 0.08408355311949002,
            "naucs_at_50_max": -0.010805271898518933,
            "naucs_at_50_std": -0.07596198014204429,
            "naucs_at_50_diff1": 0.06040775944312939,
            "naucs_at_100_max": 1.0,
            "naucs_at_100_std": 1.0,
            "naucs_at_100_diff1": 1.0
        }
    }
}