{
    "metadata": {
        "timestamp": "2025-04-02T19:12:03.608879",
        "vidore_benchmark_version": "5.0.0"
    },
    "metrics": {
        "vidore/syntheticDocQA_energy_test": {
            "ndcg_at_1": 0.0,
            "ndcg_at_3": 0.0,
            "ndcg_at_5": 0.0,
            "ndcg_at_10": 0.00315,
            "ndcg_at_20": 0.00315,
            "ndcg_at_50": 0.0068,
            "ndcg_at_100": 0.00995,
            "map_at_1": 0.0,
            "map_at_3": 0.0,
            "map_at_5": 0.0,
            "map_at_10": 0.00125,
            "map_at_20": 0.00125,
            "map_at_50": 0.00171,
            "map_at_100": 0.00196,
            "recall_at_1": 0.0,
            "recall_at_3": 0.0,
            "recall_at_5": 0.0,
            "recall_at_10": 0.01,
            "recall_at_20": 0.01,
            "recall_at_50": 0.03,
            "recall_at_100": 0.05,
            "precision_at_1": 0.0,
            "precision_at_3": 0.0,
            "precision_at_5": 0.0,
            "precision_at_10": 0.001,
            "precision_at_20": 0.0005,
            "precision_at_50": 0.0006,
            "precision_at_100": 0.0005,
            "mrr_at_1": 0.0,
            "mrr_at_3": 0.0,
            "mrr_at_5": 0.0,
            "mrr_at_10": 0.00125,
            "mrr_at_20": 0.00125,
            "mrr_at_50": 0.0017066683964711987,
            "mrr_at_100": 0.001955040348614164,
            "naucs_at_1_max": null,
            "naucs_at_1_std": null,
            "naucs_at_1_diff1": null,
            "naucs_at_3_max": null,
            "naucs_at_3_std": null,
            "naucs_at_3_diff1": null,
            "naucs_at_5_max": null,
            "naucs_at_5_std": null,
            "naucs_at_5_diff1": null,
            "naucs_at_10_max": 0.6619264824255435,
            "naucs_at_10_std": 1.0,
            "naucs_at_10_diff1": 0.3238529648510868,
            "naucs_at_20_max": 0.6619264824255435,
            "naucs_at_20_std": 1.0,
            "naucs_at_20_diff1": 0.3238529648510868,
            "naucs_at_50_max": -0.052052589213844994,
            "naucs_at_50_std": 0.19962436275825063,
            "naucs_at_50_diff1": -0.16876844647169306,
            "naucs_at_100_max": 0.019425811644754414,
            "naucs_at_100_std": 0.20423933458545748,
            "naucs_at_100_diff1": -0.3161255701636706
        }
    }
}