{
    "metadata": {
        "timestamp": "2025-04-02T18:57:35.405648",
        "vidore_benchmark_version": "5.0.0"
    },
    "metrics": {
        "vidore/tatdqa_test": {
            "ndcg_at_1": 0.00365,
            "ndcg_at_3": 0.00845,
            "ndcg_at_5": 0.01198,
            "ndcg_at_10": 0.01613,
            "ndcg_at_20": 0.02383,
            "ndcg_at_50": 0.04513,
            "ndcg_at_100": 0.0758,
            "map_at_1": 0.00365,
            "map_at_3": 0.00719,
            "map_at_5": 0.00916,
            "map_at_10": 0.01089,
            "map_at_20": 0.01293,
            "map_at_50": 0.01624,
            "map_at_100": 0.01886,
            "recall_at_1": 0.00365,
            "recall_at_3": 0.01215,
            "recall_at_5": 0.02066,
            "recall_at_10": 0.03341,
            "recall_at_20": 0.0644,
            "recall_at_50": 0.17315,
            "recall_at_100": 0.36391,
            "precision_at_1": 0.00365,
            "precision_at_3": 0.00405,
            "precision_at_5": 0.00413,
            "precision_at_10": 0.00334,
            "precision_at_20": 0.00322,
            "precision_at_50": 0.00346,
            "precision_at_100": 0.00364,
            "mrr_at_1": 0.003037667071688943,
            "mrr_at_3": 0.006682867557715675,
            "mrr_at_5": 0.00850546780072904,
            "mrr_at_10": 0.010364471831665029,
            "mrr_at_20": 0.012406524614701679,
            "mrr_at_50": 0.015737691187319193,
            "mrr_at_100": 0.018344205312756694,
            "naucs_at_1_max": 0.1756463138045324,
            "naucs_at_1_std": -0.07036360040104234,
            "naucs_at_1_diff1": -0.15512851749076634,
            "naucs_at_3_max": 0.00939999497459135,
            "naucs_at_3_std": -0.09745859843683317,
            "naucs_at_3_diff1": -0.07254215950100307,
            "naucs_at_5_max": 0.011199141659062401,
            "naucs_at_5_std": -0.06416452160171358,
            "naucs_at_5_diff1": -0.05638509653636817,
            "naucs_at_10_max": 0.026250621078746813,
            "naucs_at_10_std": -0.007052366046382945,
            "naucs_at_10_diff1": -0.09253298159531678,
            "naucs_at_20_max": -0.03295385256451629,
            "naucs_at_20_std": -0.031719874872006525,
            "naucs_at_20_diff1": -0.07060990332680091,
            "naucs_at_50_max": 0.008324685759012778,
            "naucs_at_50_std": -0.007672174389408354,
            "naucs_at_50_diff1": -0.02281423896549038,
            "naucs_at_100_max": 0.01804600762092434,
            "naucs_at_100_std": 0.004650239657167827,
            "naucs_at_100_diff1": -0.024993694897461807
        }
    }
}