{
    "metadata": {
        "timestamp": "2025-04-03T12:17:52.784144",
        "vidore_benchmark_version": "5.0.0"
    },
    "metrics": {
        "vidore/syntheticDocQA_government_reports_test": {
            "ndcg_at_1": 0.0,
            "ndcg_at_3": 0.0,
            "ndcg_at_5": 0.0,
            "ndcg_at_10": 0.00356,
            "ndcg_at_20": 0.00844,
            "ndcg_at_50": 0.00844,
            "ndcg_at_100": 0.01973,
            "map_at_1": 0.0,
            "map_at_3": 0.0,
            "map_at_5": 0.0,
            "map_at_10": 0.00167,
            "map_at_20": 0.00291,
            "map_at_50": 0.00291,
            "map_at_100": 0.00388,
            "recall_at_1": 0.0,
            "recall_at_3": 0.0,
            "recall_at_5": 0.0,
            "recall_at_10": 0.01,
            "recall_at_20": 0.03,
            "recall_at_50": 0.03,
            "recall_at_100": 0.1,
            "precision_at_1": 0.0,
            "precision_at_3": 0.0,
            "precision_at_5": 0.0,
            "precision_at_10": 0.001,
            "precision_at_20": 0.0015,
            "precision_at_50": 0.0006,
            "precision_at_100": 0.001,
            "mrr_at_1": 0.0,
            "mrr_at_3": 0.0,
            "mrr_at_5": 0.0,
            "mrr_at_10": 0.0016666666666666666,
            "mrr_at_20": 0.002907268170426065,
            "mrr_at_50": 0.002907268170426065,
            "mrr_at_100": 0.003883278015073661,
            "naucs_at_1_max": null,
            "naucs_at_1_std": null,
            "naucs_at_1_diff1": null,
            "naucs_at_3_max": null,
            "naucs_at_3_std": null,
            "naucs_at_3_diff1": null,
            "naucs_at_5_max": null,
            "naucs_at_5_std": null,
            "naucs_at_5_diff1": null,
            "naucs_at_10_max": 0.098470619801449,
            "naucs_at_10_std": -0.415079152133083,
            "naucs_at_10_diff1": -0.415079152133083,
            "naucs_at_20_max": 0.07217601287899111,
            "naucs_at_20_std": -0.07271263751006161,
            "naucs_at_20_diff1": 0.028441105446739934,
            "naucs_at_50_max": 0.07217601287899117,
            "naucs_at_50_std": -0.07271263751006164,
            "naucs_at_50_diff1": 0.028441105446739973,
            "naucs_at_100_max": -0.1649852428226455,
            "naucs_at_100_std": -0.33182184062248454,
            "naucs_at_100_diff1": -0.12862892406761461
        }
    }
}