{
    "metadata": {
        "timestamp": "2025-04-02T18:50:58.882678",
        "vidore_benchmark_version": "5.0.0"
    },
    "metrics": {
        "vidore/infovqa_test_subsampled": {
            "ndcg_at_1": 0.00405,
            "ndcg_at_3": 0.00937,
            "ndcg_at_5": 0.0119,
            "ndcg_at_10": 0.01658,
            "ndcg_at_20": 0.022,
            "ndcg_at_50": 0.03319,
            "ndcg_at_100": 0.05208,
            "map_at_1": 0.00405,
            "map_at_3": 0.00776,
            "map_at_5": 0.00918,
            "map_at_10": 0.01116,
            "map_at_20": 0.01254,
            "map_at_50": 0.01431,
            "map_at_100": 0.01593,
            "recall_at_1": 0.00405,
            "recall_at_3": 0.01417,
            "recall_at_5": 0.02024,
            "recall_at_10": 0.03441,
            "recall_at_20": 0.05668,
            "recall_at_50": 0.11336,
            "recall_at_100": 0.23077,
            "precision_at_1": 0.00405,
            "precision_at_3": 0.00472,
            "precision_at_5": 0.00405,
            "precision_at_10": 0.00344,
            "precision_at_20": 0.00283,
            "precision_at_50": 0.00227,
            "precision_at_100": 0.00231,
            "mrr_at_1": 0.004048582995951417,
            "mrr_at_3": 0.00775978407557355,
            "mrr_at_5": 0.009176788124156544,
            "mrr_at_10": 0.011160915108283528,
            "mrr_at_20": 0.012541441232169602,
            "mrr_at_50": 0.014310691036650117,
            "mrr_at_100": 0.01595230670155949,
            "naucs_at_1_max": -0.2615931781432987,
            "naucs_at_1_std": -0.2844790354060516,
            "naucs_at_1_diff1": -0.49861218994076006,
            "naucs_at_3_max": -0.0883179882137086,
            "naucs_at_3_std": 0.021644250177349663,
            "naucs_at_3_diff1": -0.16809241872526223,
            "naucs_at_5_max": 0.0836368631264376,
            "naucs_at_5_std": 0.12378806934461407,
            "naucs_at_5_diff1": -0.1669949857971093,
            "naucs_at_10_max": 0.004243628763483605,
            "naucs_at_10_std": 0.0574338285787998,
            "naucs_at_10_diff1": -0.14122243851007546,
            "naucs_at_20_max": -0.024744851018501324,
            "naucs_at_20_std": 0.02409135244069743,
            "naucs_at_20_diff1": -0.05415660709467998,
            "naucs_at_50_max": -0.06479707759461978,
            "naucs_at_50_std": 0.03821253872122499,
            "naucs_at_50_diff1": -0.06114616821462978,
            "naucs_at_100_max": 0.0779737175041236,
            "naucs_at_100_std": 0.06832075432493524,
            "naucs_at_100_diff1": -0.02253499190212414
        }
    }
}