{
    "metadata": {
        "timestamp": "2025-04-02T18:44:52.553081",
        "vidore_benchmark_version": "5.0.0"
    },
    "metrics": {
        "vidore/arxivqa_test_subsampled": {
            "ndcg_at_1": 0.002,
            "ndcg_at_3": 0.00526,
            "ndcg_at_5": 0.00526,
            "ndcg_at_10": 0.00837,
            "ndcg_at_20": 0.01275,
            "ndcg_at_50": 0.02469,
            "ndcg_at_100": 0.04081,
            "map_at_1": 0.002,
            "map_at_3": 0.00433,
            "map_at_5": 0.00433,
            "map_at_10": 0.00554,
            "map_at_20": 0.00665,
            "map_at_50": 0.00843,
            "map_at_100": 0.00982,
            "recall_at_1": 0.002,
            "recall_at_3": 0.008,
            "recall_at_5": 0.008,
            "recall_at_10": 0.018,
            "recall_at_20": 0.036,
            "recall_at_50": 0.098,
            "recall_at_100": 0.198,
            "precision_at_1": 0.002,
            "precision_at_3": 0.00267,
            "precision_at_5": 0.0016,
            "precision_at_10": 0.0018,
            "precision_at_20": 0.0018,
            "precision_at_50": 0.00196,
            "precision_at_100": 0.00198,
            "mrr_at_1": 0.002,
            "mrr_at_3": 0.004333333333333333,
            "mrr_at_5": 0.004333333333333333,
            "mrr_at_10": 0.005541269841269842,
            "mrr_at_20": 0.006653045604206595,
            "mrr_at_50": 0.00838066771254005,
            "mrr_at_100": 0.009807958776978022,
            "naucs_at_1_max": -0.0705661389857795,
            "naucs_at_1_std": 1.0,
            "naucs_at_1_diff1": -0.20579554601556224,
            "naucs_at_3_max": 0.14918164743761747,
            "naucs_at_3_std": 0.2844110544674001,
            "naucs_at_3_diff1": -0.06774885967265894,
            "naucs_at_5_max": 0.14918164743761742,
            "naucs_at_5_std": 0.2844110544674,
            "naucs_at_5_diff1": -0.06774885967265895,
            "naucs_at_10_max": 0.0537220880660646,
            "naucs_at_10_std": 0.16015263989506032,
            "naucs_at_10_diff1": -0.08723131502847076,
            "naucs_at_20_max": -0.08571087857377098,
            "naucs_at_20_std": -0.023000327937274648,
            "naucs_at_20_diff1": -0.008019556986554722,
            "naucs_at_50_max": 0.008230069596929004,
            "naucs_at_50_std": 0.07666613734305083,
            "naucs_at_50_diff1": 0.06887412866944467,
            "naucs_at_100_max": 0.03364547428173412,
            "naucs_at_100_std": 0.05261153587017037,
            "naucs_at_100_diff1": 0.09620060345080131
        }
    }
}