{
    "metadata": {
        "timestamp": "2025-04-03T12:13:24.109548",
        "vidore_benchmark_version": "5.0.0"
    },
    "metrics": {
        "vidore/syntheticDocQA_energy_test": {
            "ndcg_at_1": 0.0,
            "ndcg_at_3": 0.0,
            "ndcg_at_5": 0.0,
            "ndcg_at_10": 0.0,
            "ndcg_at_20": 0.00475,
            "ndcg_at_50": 0.01648,
            "ndcg_at_100": 0.02641,
            "map_at_1": 0.0,
            "map_at_3": 0.0,
            "map_at_5": 0.0,
            "map_at_10": 0.0,
            "map_at_20": 0.00114,
            "map_at_50": 0.00295,
            "map_at_100": 0.00388,
            "recall_at_1": 0.0,
            "recall_at_3": 0.0,
            "recall_at_5": 0.0,
            "recall_at_10": 0.0,
            "recall_at_20": 0.02,
            "recall_at_50": 0.08,
            "recall_at_100": 0.14,
            "precision_at_1": 0.0,
            "precision_at_3": 0.0,
            "precision_at_5": 0.0,
            "precision_at_10": 0.0,
            "precision_at_20": 0.001,
            "precision_at_50": 0.0016,
            "precision_at_100": 0.0014,
            "mrr_at_1": 0.0,
            "mrr_at_3": 0.0,
            "mrr_at_5": 0.0,
            "mrr_at_10": 0.0,
            "mrr_at_20": 0.0011437908496732027,
            "mrr_at_50": 0.0029510252819076347,
            "mrr_at_100": 0.0038829701738340755,
            "naucs_at_1_max": null,
            "naucs_at_1_std": null,
            "naucs_at_1_diff1": null,
            "naucs_at_3_max": null,
            "naucs_at_3_std": null,
            "naucs_at_3_diff1": null,
            "naucs_at_5_max": null,
            "naucs_at_5_std": null,
            "naucs_at_5_diff1": null,
            "naucs_at_10_max": null,
            "naucs_at_10_std": null,
            "naucs_at_10_diff1": null,
            "naucs_at_20_max": 0.22806546820499055,
            "naucs_at_20_std": 0.5492353099007246,
            "naucs_at_20_diff1": 0.17171988194258114,
            "naucs_at_50_max": 0.06104105178427683,
            "naucs_at_50_std": 0.1617587872283338,
            "naucs_at_50_diff1": -0.04061577676415347,
            "naucs_at_100_max": -0.15469472612329774,
            "naucs_at_100_std": -0.07509864652721805,
            "naucs_at_100_diff1": -0.06396113538970698
        }
    }
}