{
    "metadata": {
        "timestamp": "2025-04-03T11:49:01.772072",
        "vidore_benchmark_version": "5.0.0"
    },
    "metrics": {
        "vidore/docvqa_test_subsampled": {
            "ndcg_at_1": 0.00443,
            "ndcg_at_3": 0.00554,
            "ndcg_at_5": 0.0065,
            "ndcg_at_10": 0.01134,
            "ndcg_at_20": 0.01527,
            "ndcg_at_50": 0.02901,
            "ndcg_at_100": 0.04752,
            "map_at_1": 0.00443,
            "map_at_3": 0.00517,
            "map_at_5": 0.00573,
            "map_at_10": 0.00763,
            "map_at_20": 0.0087,
            "map_at_50": 0.01078,
            "map_at_100": 0.01235,
            "recall_at_1": 0.00443,
            "recall_at_3": 0.00665,
            "recall_at_5": 0.00887,
            "recall_at_10": 0.02439,
            "recall_at_20": 0.03991,
            "recall_at_50": 0.11086,
            "recall_at_100": 0.22616,
            "precision_at_1": 0.00443,
            "precision_at_3": 0.00222,
            "precision_at_5": 0.00177,
            "precision_at_10": 0.00244,
            "precision_at_20": 0.002,
            "precision_at_50": 0.00222,
            "precision_at_100": 0.00226,
            "mrr_at_1": 0.004434589800443459,
            "mrr_at_3": 0.005173688100517368,
            "mrr_at_5": 0.0057280118255728,
            "mrr_at_10": 0.007627670432548482,
            "mrr_at_20": 0.00870259215894646,
            "mrr_at_50": 0.010776028531048025,
            "mrr_at_100": 0.012354283383041108,
            "naucs_at_1_max": 0.6619716639733553,
            "naucs_at_1_std": 0.34105263425359383,
            "naucs_at_1_diff1": -0.32189853543507396,
            "naucs_at_3_max": 0.41784008795411154,
            "naucs_at_3_std": 0.5607017561690626,
            "naucs_at_3_diff1": -0.3205639341209867,
            "naucs_at_5_max": 0.29577429994448984,
            "naucs_at_5_std": 0.6705263171267972,
            "naucs_at_5_diff1": -0.21577517460850323,
            "naucs_at_10_max": 0.0744547812507161,
            "naucs_at_10_std": 0.022570831449469485,
            "naucs_at_10_diff1": -0.29068474547603496,
            "naucs_at_20_max": 0.2516033401721406,
            "naucs_at_20_std": 0.10409047795113925,
            "naucs_at_20_diff1": -0.05163124738368641,
            "naucs_at_50_max": 0.08465470246982922,
            "naucs_at_50_std": 0.056022323309782074,
            "naucs_at_50_diff1": -0.04113799786469658,
            "naucs_at_100_max": 0.039512010921842214,
            "naucs_at_100_std": 0.0218858832539836,
            "naucs_at_100_diff1": -0.01123589271909879
        }
    }
}