{
    "metadata": {
        "timestamp": "2025-03-29T21:35:30.682667",
        "vidore_benchmark_version": "5.0.0"
    },
    "metrics": {
        "vidore/tabfquad_test_subsampled": {
            "ndcg_at_1": 0.01786,
            "ndcg_at_3": 0.03308,
            "ndcg_at_5": 0.04444,
            "ndcg_at_10": 0.06589,
            "ndcg_at_20": 0.1027,
            "ndcg_at_50": 0.18463,
            "ndcg_at_100": 0.23423,
            "map_at_1": 0.01786,
            "map_at_3": 0.02857,
            "map_at_5": 0.03464,
            "map_at_10": 0.0432,
            "map_at_20": 0.05321,
            "map_at_50": 0.06597,
            "map_at_100": 0.07095,
            "recall_at_1": 0.01786,
            "recall_at_3": 0.04643,
            "recall_at_5": 0.075,
            "recall_at_10": 0.14286,
            "recall_at_20": 0.28929,
            "recall_at_50": 0.70714,
            "recall_at_100": 1.0,
            "precision_at_1": 0.01786,
            "precision_at_3": 0.01548,
            "precision_at_5": 0.015,
            "precision_at_10": 0.01429,
            "precision_at_20": 0.01446,
            "precision_at_50": 0.01414,
            "precision_at_100": 0.01,
            "mrr_at_1": 0.017857142857142856,
            "mrr_at_3": 0.028571428571428567,
            "mrr_at_5": 0.03464285714285714,
            "mrr_at_10": 0.04319586167800452,
            "mrr_at_20": 0.05321031369240124,
            "mrr_at_50": 0.06619547590892569,
            "mrr_at_100": 0.07092667889647308,
            "naucs_at_1_max": 0.182828011805742,
            "naucs_at_1_std": 0.1602897773007782,
            "naucs_at_1_diff1": -0.4934263482693856,
            "naucs_at_3_max": 0.1312872799323028,
            "naucs_at_3_std": 0.11134961094714249,
            "naucs_at_3_diff1": -0.15221564054405484,
            "naucs_at_5_max": 0.14316378550346873,
            "naucs_at_5_std": 0.17348307715895583,
            "naucs_at_5_diff1": -0.12673285037116538,
            "naucs_at_10_max": 0.21495222454464033,
            "naucs_at_10_std": 0.14913406987160355,
            "naucs_at_10_diff1": -0.019042997909823823,
            "naucs_at_20_max": 0.06098513312410676,
            "naucs_at_20_std": 0.027970551110718132,
            "naucs_at_20_diff1": -0.07064590117235654,
            "naucs_at_50_max": 0.2311499730854572,
            "naucs_at_50_std": 0.2326138616461198,
            "naucs_at_50_diff1": -0.08519437551695601,
            "naucs_at_100_max": 1.0,
            "naucs_at_100_std": 1.0,
            "naucs_at_100_diff1": 1.0
        }
    }
}