{
    "metadata": {
        "timestamp": "2025-03-29T21:32:29.361595",
        "vidore_benchmark_version": "5.0.0"
    },
    "metrics": {
        "vidore/arxivqa_test_subsampled": {
            "ndcg_at_1": 0.002,
            "ndcg_at_3": 0.00452,
            "ndcg_at_5": 0.00539,
            "ndcg_at_10": 0.00994,
            "ndcg_at_20": 0.0148,
            "ndcg_at_50": 0.02583,
            "ndcg_at_100": 0.04472,
            "map_at_1": 0.002,
            "map_at_3": 0.004,
            "map_at_5": 0.0045,
            "map_at_10": 0.0064,
            "map_at_20": 0.00763,
            "map_at_50": 0.00937,
            "map_at_100": 0.01096,
            "recall_at_1": 0.002,
            "recall_at_3": 0.006,
            "recall_at_5": 0.008,
            "recall_at_10": 0.022,
            "recall_at_20": 0.042,
            "recall_at_50": 0.098,
            "recall_at_100": 0.216,
            "precision_at_1": 0.002,
            "precision_at_3": 0.002,
            "precision_at_5": 0.0016,
            "precision_at_10": 0.0022,
            "precision_at_20": 0.0021,
            "precision_at_50": 0.00196,
            "precision_at_100": 0.00216,
            "mrr_at_1": 0.002,
            "mrr_at_3": 0.004,
            "mrr_at_5": 0.0045,
            "mrr_at_10": 0.006396825396825396,
            "mrr_at_20": 0.007629331573139622,
            "mrr_at_50": 0.009367722530271898,
            "mrr_at_100": 0.010963810501524947,
            "naucs_at_1_max": -0.415079152133083,
            "naucs_at_1_std": -0.20579554601556224,
            "naucs_at_1_diff1": -0.5747249798765764,
            "naucs_at_3_max": -0.3534567569984796,
            "naucs_at_3_std": -0.23048027904480822,
            "naucs_at_3_diff1": -0.3534567569984796,
            "naucs_at_5_max": -0.015092567748859727,
            "naucs_at_5_std": 0.07713979071639389,
            "naucs_at_5_diff1": -0.015092567748859727,
            "naucs_at_10_max": 0.03066078005707742,
            "naucs_at_10_std": 0.05529672902895343,
            "naucs_at_10_diff1": -0.12027709344586184,
            "naucs_at_20_max": -0.017350863071281784,
            "naucs_at_20_std": -0.14295935707258492,
            "naucs_at_20_diff1": -0.020302298542169896,
            "naucs_at_50_max": -0.05375007529172134,
            "naucs_at_50_std": -0.12942509979575417,
            "naucs_at_50_diff1": -0.022171358481680954,
            "naucs_at_100_max": -0.10492365886346276,
            "naucs_at_100_std": -0.15199651799245983,
            "naucs_at_100_diff1": -0.06299552850110841
        }
    }
}