{
    "metadata": {
        "timestamp": "2025-03-29T21:44:22.265066",
        "vidore_benchmark_version": "5.0.0"
    },
    "metrics": {
        "vidore/syntheticDocQA_artificial_intelligence_test": {
            "ndcg_at_1": 0.0,
            "ndcg_at_3": 0.0,
            "ndcg_at_5": 0.0,
            "ndcg_at_10": 0.0,
            "ndcg_at_20": 0.0,
            "ndcg_at_50": 0.00218,
            "ndcg_at_100": 0.0139,
            "map_at_1": 0.0,
            "map_at_3": 0.0,
            "map_at_5": 0.0,
            "map_at_10": 0.0,
            "map_at_20": 0.0,
            "map_at_50": 0.00043,
            "map_at_100": 0.00157,
            "recall_at_1": 0.0,
            "recall_at_3": 0.0,
            "recall_at_5": 0.0,
            "recall_at_10": 0.0,
            "recall_at_20": 0.0,
            "recall_at_50": 0.01,
            "recall_at_100": 0.08,
            "precision_at_1": 0.0,
            "precision_at_3": 0.0,
            "precision_at_5": 0.0,
            "precision_at_10": 0.0,
            "precision_at_20": 0.0,
            "precision_at_50": 0.0002,
            "precision_at_100": 0.0008,
            "mrr_at_1": 0.0,
            "mrr_at_3": 0.0,
            "mrr_at_5": 0.0,
            "mrr_at_10": 0.0,
            "mrr_at_20": 0.0,
            "mrr_at_50": 0.00043478260869565214,
            "mrr_at_100": 0.0015735367115078897,
            "naucs_at_1_max": null,
            "naucs_at_1_std": null,
            "naucs_at_1_diff1": null,
            "naucs_at_3_max": null,
            "naucs_at_3_std": null,
            "naucs_at_3_diff1": null,
            "naucs_at_5_max": null,
            "naucs_at_5_std": null,
            "naucs_at_5_diff1": null,
            "naucs_at_10_max": null,
            "naucs_at_10_std": null,
            "naucs_at_10_diff1": null,
            "naucs_at_20_max": null,
            "naucs_at_20_std": null,
            "naucs_at_20_diff1": null,
            "naucs_at_50_max": 0.6619264824255433,
            "naucs_at_50_std": 0.098470619801449,
            "naucs_at_50_diff1": -0.07056613898577949,
            "naucs_at_100_max": 0.07361819157499326,
            "naucs_at_100_std": -0.154212503353904,
            "naucs_at_100_diff1": -0.0320297826670245
        }
    }
}