{
    "metadata": {
        "timestamp": "2025-03-29T21:50:38.487740",
        "vidore_benchmark_version": "5.0.0"
    },
    "metrics": {
        "vidore/syntheticDocQA_healthcare_industry_test": {
            "ndcg_at_1": 0.0,
            "ndcg_at_3": 0.0,
            "ndcg_at_5": 0.0,
            "ndcg_at_10": 0.0,
            "ndcg_at_20": 0.0,
            "ndcg_at_50": 0.00401,
            "ndcg_at_100": 0.01016,
            "map_at_1": 0.0,
            "map_at_3": 0.0,
            "map_at_5": 0.0,
            "map_at_10": 0.0,
            "map_at_20": 0.0,
            "map_at_50": 0.00067,
            "map_at_100": 0.00112,
            "recall_at_1": 0.0,
            "recall_at_3": 0.0,
            "recall_at_5": 0.0,
            "recall_at_10": 0.0,
            "recall_at_20": 0.0,
            "recall_at_50": 0.02,
            "recall_at_100": 0.06,
            "precision_at_1": 0.0,
            "precision_at_3": 0.0,
            "precision_at_5": 0.0,
            "precision_at_10": 0.0,
            "precision_at_20": 0.0,
            "precision_at_50": 0.0004,
            "precision_at_100": 0.0006,
            "mrr_at_1": 0.0,
            "mrr_at_3": 0.0,
            "mrr_at_5": 0.0,
            "mrr_at_10": 0.0,
            "mrr_at_20": 0.0,
            "mrr_at_50": 0.0006719367588932806,
            "mrr_at_100": 0.0011171518468409288,
            "naucs_at_1_max": null,
            "naucs_at_1_std": null,
            "naucs_at_1_diff1": null,
            "naucs_at_3_max": null,
            "naucs_at_3_std": null,
            "naucs_at_3_diff1": null,
            "naucs_at_5_max": null,
            "naucs_at_5_std": null,
            "naucs_at_5_diff1": null,
            "naucs_at_10_max": null,
            "naucs_at_10_std": null,
            "naucs_at_10_diff1": null,
            "naucs_at_20_max": null,
            "naucs_at_20_std": null,
            "naucs_at_20_diff1": null,
            "naucs_at_50_max": -0.537161255701637,
            "naucs_at_50_std": -0.537161255701637,
            "naucs_at_50_diff1": -0.05366246310705669,
            "naucs_at_100_max": -0.34737501117968,
            "naucs_at_100_std": -0.04579196851802176,
            "naucs_at_100_diff1": -0.1151507020838924
        }
    }
}