{
    "metadata": {
        "timestamp": "2025-03-29T21:42:14.059932",
        "vidore_benchmark_version": "5.0.0"
    },
    "metrics": {
        "vidore/shiftproject_test": {
            "ndcg_at_1": 0.0,
            "ndcg_at_3": 0.0,
            "ndcg_at_5": 0.0,
            "ndcg_at_10": 0.0,
            "ndcg_at_20": 0.00235,
            "ndcg_at_50": 0.00606,
            "ndcg_at_100": 0.0125,
            "map_at_1": 0.0,
            "map_at_3": 0.0,
            "map_at_5": 0.0,
            "map_at_10": 0.0,
            "map_at_20": 0.00056,
            "map_at_50": 0.00105,
            "map_at_100": 0.0016,
            "recall_at_1": 0.0,
            "recall_at_3": 0.0,
            "recall_at_5": 0.0,
            "recall_at_10": 0.0,
            "recall_at_20": 0.01,
            "recall_at_50": 0.03,
            "recall_at_100": 0.07,
            "precision_at_1": 0.0,
            "precision_at_3": 0.0,
            "precision_at_5": 0.0,
            "precision_at_10": 0.0,
            "precision_at_20": 0.0005,
            "precision_at_50": 0.0006,
            "precision_at_100": 0.0007,
            "mrr_at_1": 0.0,
            "mrr_at_3": 0.0,
            "mrr_at_5": 0.0,
            "mrr_at_10": 0.0,
            "mrr_at_20": 0.0005555555555555556,
            "mrr_at_50": 0.001046099290780142,
            "mrr_at_100": 0.001598943920287914,
            "naucs_at_1_max": null,
            "naucs_at_1_std": null,
            "naucs_at_1_diff1": null,
            "naucs_at_3_max": null,
            "naucs_at_3_std": null,
            "naucs_at_3_diff1": null,
            "naucs_at_5_max": null,
            "naucs_at_5_std": null,
            "naucs_at_5_diff1": null,
            "naucs_at_10_max": null,
            "naucs_at_10_std": null,
            "naucs_at_10_diff1": null,
            "naucs_at_20_max": 0.098470619801449,
            "naucs_at_20_std": -0.20579554601556224,
            "naucs_at_20_diff1": -0.415079152133083,
            "naucs_at_50_max": 0.286289240676147,
            "naucs_at_50_std": 0.18486718540381,
            "naucs_at_50_diff1": 0.00339862266344679,
            "naucs_at_100_max": 0.2424393422515235,
            "naucs_at_100_std": 0.08720150254896691,
            "naucs_at_100_diff1": 0.34750277894898224
        }
    }
}