{
    "metadata": {
        "description": "Merged metrics for clip_openai_clip-vit-base-patch32_seg_2x2 on selected datasets",
        "datasets_included": [
            "arxivqa_test_subsampled",
            "docvqa_test_subsampled",
            "tabfquad_test_subsampled",
            "tatdqa_test"
        ],
        "timestamp": "2025-04-01T11:09:08.189267",
        "vidore_benchmark_version": "5.0.0"
    },
    "metrics": {
        "vidore/arxivqa_test_subsampled": {
            "ndcg_at_1": 0.048,
            "ndcg_at_3": 0.06536,
            "ndcg_at_5": 0.07594,
            "ndcg_at_10": 0.09456,
            "ndcg_at_20": 0.11105,
            "ndcg_at_50": 0.13539,
            "ndcg_at_100": 0.16278,
            "map_at_1": 0.048,
            "map_at_3": 0.061,
            "map_at_5": 0.0668,
            "map_at_10": 0.07441,
            "map_at_20": 0.07884,
            "map_at_50": 0.08264,
            "map_at_100": 0.08499,
            "recall_at_1": 0.048,
            "recall_at_3": 0.078,
            "recall_at_5": 0.104,
            "recall_at_10": 0.162,
            "recall_at_20": 0.228,
            "recall_at_50": 0.352,
            "recall_at_100": 0.522,
            "precision_at_1": 0.048,
            "precision_at_3": 0.026,
            "precision_at_5": 0.0208,
            "precision_at_10": 0.0162,
            "precision_at_20": 0.0114,
            "precision_at_50": 0.00704,
            "precision_at_100": 0.00522,
            "mrr_at_1": 0.048,
            "mrr_at_3": 0.061,
            "mrr_at_5": 0.0668,
            "mrr_at_10": 0.07441031746031745,
            "mrr_at_20": 0.07883827581087642,
            "mrr_at_50": 0.08263526412054693,
            "mrr_at_100": 0.08499398359715099,
            "naucs_at_1_max": 0.012454163312762669,
            "naucs_at_1_std": -0.052667471603613375,
            "naucs_at_1_diff1": 0.38499463375368936,
            "naucs_at_3_max": -0.03633223944466235,
            "naucs_at_3_std": -0.1284872001265885,
            "naucs_at_3_diff1": 0.32676312150420006,
            "naucs_at_5_max": -0.02728403839317426,
            "naucs_at_5_std": -0.08667740114175755,
            "naucs_at_5_diff1": 0.2843416072436799,
            "naucs_at_10_max": -0.05717449120524119,
            "naucs_at_10_std": -0.05339253577448256,
            "naucs_at_10_diff1": 0.24920575131169953,
            "naucs_at_20_max": -0.07970348869252095,
            "naucs_at_20_std": -0.08767965511117623,
            "naucs_at_20_diff1": 0.1828149590628238,
            "naucs_at_50_max": -0.1379639191553039,
            "naucs_at_50_std": -0.08459872705431119,
            "naucs_at_50_diff1": 0.12722870871883496,
            "naucs_at_100_max": -0.13144299684035182,
            "naucs_at_100_std": 0.011967950972294096,
            "naucs_at_100_diff1": 0.06842451058168621
        },
        "vidore/docvqa_test_subsampled": {
            "ndcg_at_1": 0.02217,
            "ndcg_at_3": 0.04387,
            "ndcg_at_5": 0.0475,
            "ndcg_at_10": 0.05668,
            "ndcg_at_20": 0.06405,
            "ndcg_at_50": 0.09299,
            "ndcg_at_100": 0.12179,
            "map_at_1": 0.02217,
            "map_at_3": 0.03769,
            "map_at_5": 0.03969,
            "map_at_10": 0.0434,
            "map_at_20": 0.04547,
            "map_at_50": 0.04988,
            "map_at_100": 0.05233,
            "recall_at_1": 0.02217,
            "recall_at_3": 0.06208,
            "recall_at_5": 0.07095,
            "recall_at_10": 0.09978,
            "recall_at_20": 0.1286,
            "recall_at_50": 0.27716,
            "recall_at_100": 0.45676,
            "precision_at_1": 0.02217,
            "precision_at_3": 0.02069,
            "precision_at_5": 0.01419,
            "precision_at_10": 0.00998,
            "precision_at_20": 0.00643,
            "precision_at_50": 0.00554,
            "precision_at_100": 0.00457,
            "mrr_at_1": 0.022172949002217297,
            "mrr_at_3": 0.037694013303769404,
            "mrr_at_5": 0.03968957871396896,
            "mrr_at_10": 0.043399148277197055,
            "mrr_at_20": 0.04545892104679595,
            "mrr_at_50": 0.04987816577423459,
            "mrr_at_100": 0.05232035549574775,
            "naucs_at_1_max": -0.35640716635601205,
            "naucs_at_1_std": -0.2450913188370862,
            "naucs_at_1_diff1": 0.07830778724584495,
            "naucs_at_3_max": -0.2479341674030719,
            "naucs_at_3_std": -0.17187342795640165,
            "naucs_at_3_diff1": 0.057795895253188005,
            "naucs_at_5_max": -0.2375892550973482,
            "naucs_at_5_std": -0.15478033559525128,
            "naucs_at_5_diff1": 0.09705495131197361,
            "naucs_at_10_max": -0.20182513439230038,
            "naucs_at_10_std": -0.13856098033192266,
            "naucs_at_10_diff1": 0.07816598592138571,
            "naucs_at_20_max": -0.22806775660345077,
            "naucs_at_20_std": -0.12713090203416966,
            "naucs_at_20_diff1": 0.07970446781192769,
            "naucs_at_50_max": -0.20408717708280494,
            "naucs_at_50_std": -0.07395697971785761,
            "naucs_at_50_diff1": 0.01943058847291626,
            "naucs_at_100_max": -0.16655562259027595,
            "naucs_at_100_std": -0.033887197707011325,
            "naucs_at_100_diff1": -0.007809890955343052
        },
        "vidore/tabfquad_test_subsampled": {
            "ndcg_at_1": 0.03214,
            "ndcg_at_3": 0.07836,
            "ndcg_at_5": 0.09434,
            "ndcg_at_10": 0.1317,
            "ndcg_at_20": 0.19119,
            "ndcg_at_50": 0.26782,
            "ndcg_at_100": 0.28597,
            "map_at_1": 0.03214,
            "map_at_3": 0.06607,
            "map_at_5": 0.07482,
            "map_at_10": 0.09048,
            "map_at_20": 0.10627,
            "map_at_50": 0.11863,
            "map_at_100": 0.12045,
            "recall_at_1": 0.03214,
            "recall_at_3": 0.11429,
            "recall_at_5": 0.15357,
            "recall_at_10": 0.26786,
            "recall_at_20": 0.50714,
            "recall_at_50": 0.89286,
            "recall_at_100": 1.0,
            "precision_at_1": 0.03214,
            "precision_at_3": 0.0381,
            "precision_at_5": 0.03071,
            "precision_at_10": 0.02679,
            "precision_at_20": 0.02536,
            "precision_at_50": 0.01786,
            "precision_at_100": 0.01,
            "mrr_at_1": 0.03214285714285714,
            "mrr_at_3": 0.06607142857142857,
            "mrr_at_5": 0.07482142857142857,
            "mrr_at_10": 0.09047902494331066,
            "mrr_at_20": 0.10627040645727068,
            "mrr_at_50": 0.11863052962859909,
            "mrr_at_100": 0.12045390796695862,
            "naucs_at_1_max": -0.2801180574188355,
            "naucs_at_1_std": -0.32570133858032974,
            "naucs_at_1_diff1": 0.040067972453268964,
            "naucs_at_3_max": -0.09957627118644054,
            "naucs_at_3_std": -0.179051687911472,
            "naucs_at_3_diff1": 0.028365317271326594,
            "naucs_at_5_max": -0.09131231386308805,
            "naucs_at_5_std": -0.16892919546409527,
            "naucs_at_5_diff1": 0.05450583965874622,
            "naucs_at_10_max": -0.07666844906169633,
            "naucs_at_10_std": -0.013128612532783157,
            "naucs_at_10_diff1": 7.638835841434482e-05,
            "naucs_at_20_max": 0.01641371772623988,
            "naucs_at_20_std": 0.1529342396671238,
            "naucs_at_20_diff1": -0.04717026355905387,
            "naucs_at_50_max": 0.23394034536891642,
            "naucs_at_50_std": 0.262276295133438,
            "naucs_at_50_diff1": 0.12323390894819584,
            "naucs_at_100_max": 1.0,
            "naucs_at_100_std": 1.0,
            "naucs_at_100_diff1": 1.0
        },
        "vidore/tatdqa_test": {
            "ndcg_at_1": 0.01458,
            "ndcg_at_3": 0.02749,
            "ndcg_at_5": 0.0329,
            "ndcg_at_10": 0.04655,