{
    "metadata": {
        "timestamp": "2025-04-01T11:09:08.189267",
        "vidore_benchmark_version": "5.0.0"
    },
    "metrics": {
        "vidore/arxivqa_test_subsampled": {
            "ndcg_at_1": 0.048,
            "ndcg_at_3": 0.06536,
            "ndcg_at_5": 0.07594,
            "ndcg_at_10": 0.09456,
            "ndcg_at_20": 0.11105,
            "ndcg_at_50": 0.13539,
            "ndcg_at_100": 0.16278,
            "map_at_1": 0.048,
            "map_at_3": 0.061,
            "map_at_5": 0.0668,
            "map_at_10": 0.07441,
            "map_at_20": 0.07884,
            "map_at_50": 0.08264,
            "map_at_100": 0.08499,
            "recall_at_1": 0.048,
            "recall_at_3": 0.078,
            "recall_at_5": 0.104,
            "recall_at_10": 0.162,
            "recall_at_20": 0.228,
            "recall_at_50": 0.352,
            "recall_at_100": 0.522,
            "precision_at_1": 0.048,
            "precision_at_3": 0.026,
            "precision_at_5": 0.0208,
            "precision_at_10": 0.0162,
            "precision_at_20": 0.0114,
            "precision_at_50": 0.00704,
            "precision_at_100": 0.00522,
            "mrr_at_1": 0.048,
            "mrr_at_3": 0.061,
            "mrr_at_5": 0.0668,
            "mrr_at_10": 0.07441031746031745,
            "mrr_at_20": 0.07883827581087642,
            "mrr_at_50": 0.08263526412054693,
            "mrr_at_100": 0.08499398359715099,
            "naucs_at_1_max": 0.012454163312762669,
            "naucs_at_1_std": -0.052667471603613375,
            "naucs_at_1_diff1": 0.38499463375368936,
            "naucs_at_3_max": -0.03633223944466235,
            "naucs_at_3_std": -0.1284872001265885,
            "naucs_at_3_diff1": 0.32676312150420006,
            "naucs_at_5_max": -0.02728403839317426,
            "naucs_at_5_std": -0.08667740114175755,
            "naucs_at_5_diff1": 0.2843416072436799,
            "naucs_at_10_max": -0.05717449120524119,
            "naucs_at_10_std": -0.05339253577448256,
            "naucs_at_10_diff1": 0.24920575131169953,
            "naucs_at_20_max": -0.07970348869252095,
            "naucs_at_20_std": -0.08767965511117623,
            "naucs_at_20_diff1": 0.1828149590628238,
            "naucs_at_50_max": -0.1379639191553039,
            "naucs_at_50_std": -0.08459872705431119,
            "naucs_at_50_diff1": 0.12722870871883496,
            "naucs_at_100_max": -0.13144299684035182,
            "naucs_at_100_std": 0.011967950972294096,
            "naucs_at_100_diff1": 0.06842451058168621
        }
    }
}