{
    "metadata": {
        "timestamp": "2025-04-01T11:58:45.368935",
        "vidore_benchmark_version": "5.0.0"
    },
    "metrics": {
        "vidore/syntheticDocQA_energy_test": {
            "ndcg_at_1": 0.17,
            "ndcg_at_3": 0.20024,
            "ndcg_at_5": 0.21228,
            "ndcg_at_10": 0.25252,
            "ndcg_at_20": 0.26557,
            "ndcg_at_50": 0.28578,
            "ndcg_at_100": 0.30222,
            "map_at_1": 0.17,
            "map_at_3": 0.19333,
            "map_at_5": 0.19983,
            "map_at_10": 0.21544,
            "map_at_20": 0.21925,
            "map_at_50": 0.22262,
            "map_at_100": 0.22412,
            "recall_at_1": 0.17,
            "recall_at_3": 0.22,
            "recall_at_5": 0.25,
            "recall_at_10": 0.38,
            "recall_at_20": 0.43,
            "recall_at_50": 0.53,
            "recall_at_100": 0.63,
            "precision_at_1": 0.17,
            "precision_at_3": 0.07333,
            "precision_at_5": 0.05,
            "precision_at_10": 0.038,
            "precision_at_20": 0.0215,
            "precision_at_50": 0.0106,
            "precision_at_100": 0.0063,
            "mrr_at_1": 0.17,
            "mrr_at_3": 0.19333333333333333,
            "mrr_at_5": 0.19983333333333334,
            "mrr_at_10": 0.21544444444444444,
            "mrr_at_20": 0.21924675324675325,
            "mrr_at_50": 0.22261680863938926,
            "mrr_at_100": 0.22412461147185883,
            "naucs_at_1_max": 0.09992849153816541,
            "naucs_at_1_std": 0.024587909569298863,
            "naucs_at_1_diff1": 0.23198078439281974,
            "naucs_at_3_max": 0.07290922087205141,
            "naucs_at_3_std": 0.07177487024893554,
            "naucs_at_3_diff1": 0.22996239549989128,
            "naucs_at_5_max": 0.05516734093416691,
            "naucs_at_5_std": 0.10902537697682957,
            "naucs_at_5_diff1": 0.21908054431776378,
            "naucs_at_10_max": -0.07785979778026161,
            "naucs_at_10_std": 0.19537077950770632,
            "naucs_at_10_diff1": 0.09619733319470765,
            "naucs_at_20_max": -0.07839669142032187,
            "naucs_at_20_std": 0.17017596337672852,
            "naucs_at_20_diff1": 0.10429048913396924,
            "naucs_at_50_max": -0.10951353283206641,
            "naucs_at_50_std": 0.032756464006378404,
            "naucs_at_50_diff1": 0.17983752353984275,
            "naucs_at_100_max": 0.09385919553737904,
            "naucs_at_100_std": 0.1296792491264357,
            "naucs_at_100_diff1": 0.20758708221689454
        }
    }
}