{
    "metadata": {
        "timestamp": "2025-04-01T11:22:17.533746",
        "vidore_benchmark_version": "5.0.0"
    },
    "metrics": {
        "vidore/tabfquad_test_subsampled": {
            "ndcg_at_1": 0.03214,
            "ndcg_at_3": 0.07836,
            "ndcg_at_5": 0.09434,
            "ndcg_at_10": 0.1317,
            "ndcg_at_20": 0.19119,
            "ndcg_at_50": 0.26782,
            "ndcg_at_100": 0.28597,
            "map_at_1": 0.03214,
            "map_at_3": 0.06607,
            "map_at_5": 0.07482,
            "map_at_10": 0.09048,
            "map_at_20": 0.10627,
            "map_at_50": 0.11863,
            "map_at_100": 0.12045,
            "recall_at_1": 0.03214,
            "recall_at_3": 0.11429,
            "recall_at_5": 0.15357,
            "recall_at_10": 0.26786,
            "recall_at_20": 0.50714,
            "recall_at_50": 0.89286,
            "recall_at_100": 1.0,
            "precision_at_1": 0.03214,
            "precision_at_3": 0.0381,
            "precision_at_5": 0.03071,
            "precision_at_10": 0.02679,
            "precision_at_20": 0.02536,
            "precision_at_50": 0.01786,
            "precision_at_100": 0.01,
            "mrr_at_1": 0.03214285714285714,
            "mrr_at_3": 0.06607142857142857,
            "mrr_at_5": 0.07482142857142857,
            "mrr_at_10": 0.09047902494331066,
            "mrr_at_20": 0.10627040645727068,
            "mrr_at_50": 0.11863052962859909,
            "mrr_at_100": 0.12045390796695862,
            "naucs_at_1_max": -0.2801180574188355,
            "naucs_at_1_std": -0.32570133858032974,
            "naucs_at_1_diff1": 0.040067972453268964,
            "naucs_at_3_max": -0.09957627118644054,
            "naucs_at_3_std": -0.179051687911472,
            "naucs_at_3_diff1": 0.028365317271326594,
            "naucs_at_5_max": -0.09131231386308805,
            "naucs_at_5_std": -0.16892919546409527,
            "naucs_at_5_diff1": 0.05450583965874622,
            "naucs_at_10_max": -0.07666844906169633,
            "naucs_at_10_std": -0.013128612532783157,
            "naucs_at_10_diff1": 0.00007638835841434482,
            "naucs_at_20_max": 0.01641371772623988,
            "naucs_at_20_std": 0.1529342396671238,
            "naucs_at_20_diff1": -0.04717026355905387,
            "naucs_at_50_max": 0.23394034536891642,
            "naucs_at_50_std": 0.262276295133438,
            "naucs_at_50_diff1": 0.12323390894819584,
            "naucs_at_100_max": 1.0,
            "naucs_at_100_std": 1.0,
            "naucs_at_100_diff1": 1.0
        }
    }
}