{
    "metadata": {
        "timestamp": "2025-04-01T12:13:55.307741",
        "vidore_benchmark_version": "5.0.0"
    },
    "metrics": {
        "vidore/syntheticDocQA_healthcare_industry_test": {
            "ndcg_at_1": 0.07,
            "ndcg_at_3": 0.12786,
            "ndcg_at_5": 0.12786,
            "ndcg_at_10": 0.176,
            "ndcg_at_20": 0.20913,
            "ndcg_at_50": 0.23733,
            "ndcg_at_100": 0.25205,
            "map_at_1": 0.07,
            "map_at_3": 0.11333,
            "map_at_5": 0.11333,
            "map_at_10": 0.13301,
            "map_at_20": 0.14224,
            "map_at_50": 0.14695,
            "map_at_100": 0.14829,
            "recall_at_1": 0.07,
            "recall_at_3": 0.17,
            "recall_at_5": 0.17,
            "recall_at_10": 0.32,
            "recall_at_20": 0.45,
            "recall_at_50": 0.59,
            "recall_at_100": 0.68,
            "precision_at_1": 0.07,
            "precision_at_3": 0.05667,
            "precision_at_5": 0.034,
            "precision_at_10": 0.032,
            "precision_at_20": 0.0225,
            "precision_at_50": 0.0118,
            "precision_at_100": 0.0068,
            "mrr_at_1": 0.07,
            "mrr_at_3": 0.11333333333333334,
            "mrr_at_5": 0.11333333333333334,
            "mrr_at_10": 0.13300793650793652,
            "mrr_at_20": 0.1422420069610472,
            "mrr_at_50": 0.1469548381669072,
            "mrr_at_100": 0.14828920769795267,
            "naucs_at_1_max": 0.18597876499674187,
            "naucs_at_1_std": 0.20299743186783706,
            "naucs_at_1_diff1": 0.022691555828126684,
            "naucs_at_3_max": 0.08382991987385202,
            "naucs_at_3_std": 0.11379013183226712,
            "naucs_at_3_diff1": 0.1314838922605844,
            "naucs_at_5_max": 0.0838299198738515,
            "naucs_at_5_std": 0.11379013183226665,
            "naucs_at_5_diff1": 0.13148389226058405,
            "naucs_at_10_max": 0.15805950979342812,
            "naucs_at_10_std": 0.18203467836883228,
            "naucs_at_10_diff1": 0.10608209354597024,
            "naucs_at_20_max": 0.14649381261048955,
            "naucs_at_20_std": 0.1271393963203041,
            "naucs_at_20_diff1": 0.11228966149414056,
            "naucs_at_50_max": 0.16721205629007882,
            "naucs_at_50_std": 0.05818304547522277,
            "naucs_at_50_diff1": 0.06414075454532113,
            "naucs_at_100_max": 0.0969179738787922,
            "naucs_at_100_std": -0.07309446479165228,
            "naucs_at_100_diff1": 0.08230253610669655
        }
    }
}