{
    "metadata": {
        "timestamp": "2025-04-01T11:13:34.277272",
        "vidore_benchmark_version": "5.0.0"
    },
    "metrics": {
        "vidore/docvqa_test_subsampled": {
            "ndcg_at_1": 0.02217,
            "ndcg_at_3": 0.04387,
            "ndcg_at_5": 0.0475,
            "ndcg_at_10": 0.05668,
            "ndcg_at_20": 0.06405,
            "ndcg_at_50": 0.09299,
            "ndcg_at_100": 0.12179,
            "map_at_1": 0.02217,
            "map_at_3": 0.03769,
            "map_at_5": 0.03969,
            "map_at_10": 0.0434,
            "map_at_20": 0.04547,
            "map_at_50": 0.04988,
            "map_at_100": 0.05233,
            "recall_at_1": 0.02217,
            "recall_at_3": 0.06208,
            "recall_at_5": 0.07095,
            "recall_at_10": 0.09978,
            "recall_at_20": 0.1286,
            "recall_at_50": 0.27716,
            "recall_at_100": 0.45676,
            "precision_at_1": 0.02217,
            "precision_at_3": 0.02069,
            "precision_at_5": 0.01419,
            "precision_at_10": 0.00998,
            "precision_at_20": 0.00643,
            "precision_at_50": 0.00554,
            "precision_at_100": 0.00457,
            "mrr_at_1": 0.022172949002217297,
            "mrr_at_3": 0.037694013303769404,
            "mrr_at_5": 0.03968957871396896,
            "mrr_at_10": 0.043399148277197055,
            "mrr_at_20": 0.04545892104679595,
            "mrr_at_50": 0.04987816577423459,
            "mrr_at_100": 0.05232035549574775,
            "naucs_at_1_max": -0.35640716635601205,
            "naucs_at_1_std": -0.2450913188370862,
            "naucs_at_1_diff1": 0.07830778724584495,
            "naucs_at_3_max": -0.2479341674030719,
            "naucs_at_3_std": -0.17187342795640165,
            "naucs_at_3_diff1": 0.057795895253188005,
            "naucs_at_5_max": -0.2375892550973482,
            "naucs_at_5_std": -0.15478033559525128,
            "naucs_at_5_diff1": 0.09705495131197361,
            "naucs_at_10_max": -0.20182513439230038,
            "naucs_at_10_std": -0.13856098033192266,
            "naucs_at_10_diff1": 0.07816598592138571,
            "naucs_at_20_max": -0.22806775660345077,
            "naucs_at_20_std": -0.12713090203416966,
            "naucs_at_20_diff1": 0.07970446781192769,
            "naucs_at_50_max": -0.20408717708280494,
            "naucs_at_50_std": -0.07395697971785761,
            "naucs_at_50_diff1": 0.01943058847291626,
            "naucs_at_100_max": -0.16655562259027595,
            "naucs_at_100_std": -0.033887197707011325,
            "naucs_at_100_diff1": -0.007809890955343052
        }
    }
}