{
    "metadata": {
        "timestamp": "2025-04-01T12:06:34.094901",
        "vidore_benchmark_version": "5.0.0"
    },
    "metrics": {
        "vidore/syntheticDocQA_government_reports_test": {
            "ndcg_at_1": 0.04,
            "ndcg_at_3": 0.07262,
            "ndcg_at_5": 0.08554,
            "ndcg_at_10": 0.09883,
            "ndcg_at_20": 0.11612,
            "ndcg_at_50": 0.14996,
            "ndcg_at_100": 0.15933,
            "map_at_1": 0.04,
            "map_at_3": 0.06333,
            "map_at_5": 0.07083,
            "map_at_10": 0.07653,
            "map_at_20": 0.08106,
            "map_at_50": 0.08654,
            "map_at_100": 0.08726,
            "recall_at_1": 0.04,
            "recall_at_3": 0.1,
            "recall_at_5": 0.13,
            "recall_at_10": 0.17,
            "recall_at_20": 0.24,
            "recall_at_50": 0.41,
            "recall_at_100": 0.47,
            "precision_at_1": 0.04,
            "precision_at_3": 0.03333,
            "precision_at_5": 0.026,
            "precision_at_10": 0.017,
            "precision_at_20": 0.012,
            "precision_at_50": 0.0082,
            "precision_at_100": 0.0047,
            "mrr_at_1": 0.04,
            "mrr_at_3": 0.06333333333333332,
            "mrr_at_5": 0.07083333333333333,
            "mrr_at_10": 0.07652777777777778,
            "mrr_at_20": 0.08105535048027308,
            "mrr_at_50": 0.08653690575451173,
            "mrr_at_100": 0.08725892166969718,
            "naucs_at_1_max": -0.38086933190233435,
            "naucs_at_1_std": -0.057351757445666736,
            "naucs_at_1_diff1": -0.27830694928897237,
            "naucs_at_3_max": -0.24435202575798248,
            "naucs_at_3_std": -0.11577676415347478,
            "naucs_at_3_diff1": -0.20670780788838217,
            "naucs_at_5_max": -0.32813234536947905,
            "naucs_at_5_std": -0.052897853193346896,
            "naucs_at_5_diff1": -0.22802265451859147,
            "naucs_at_10_max": -0.3722290471039075,
            "naucs_at_10_std": -0.06998661508278495,
            "naucs_at_10_diff1": -0.22580171987018471,
            "naucs_at_20_max": -0.4026329978432782,
            "naucs_at_20_std": -0.16921279654924518,
            "naucs_at_20_diff1": -0.22820812365204893,
            "naucs_at_50_max": -0.3937119754059188,
            "naucs_at_50_std": -0.2159990699717117,
            "naucs_at_50_diff1": -0.25615820814549783,
            "naucs_at_100_max": -0.20949643323356099,
            "naucs_at_100_std": -0.13980933292896836,
            "naucs_at_100_diff1": -0.09234035258903783
        }
    }
}