{
    "metadata": {
        "timestamp": "2025-04-01T11:51:46.625157",
        "vidore_benchmark_version": "5.0.0"
    },
    "metrics": {
        "vidore/syntheticDocQA_artificial_intelligence_test": {
            "ndcg_at_1": 0.04,
            "ndcg_at_3": 0.05762,
            "ndcg_at_5": 0.08171,
            "ndcg_at_10": 0.10849,
            "ndcg_at_20": 0.12101,
            "ndcg_at_50": 0.13697,
            "ndcg_at_100": 0.15784,
            "map_at_1": 0.04,
            "map_at_3": 0.05333,
            "map_at_5": 0.06633,
            "map_at_10": 0.07793,
            "map_at_20": 0.08133,
            "map_at_50": 0.08393,
            "map_at_100": 0.08571,
            "recall_at_1": 0.04,
            "recall_at_3": 0.07,
            "recall_at_5": 0.13,
            "recall_at_10": 0.21,
            "recall_at_20": 0.26,
            "recall_at_50": 0.34,
            "recall_at_100": 0.47,
            "precision_at_1": 0.04,
            "precision_at_3": 0.02333,
            "precision_at_5": 0.026,
            "precision_at_10": 0.021,
            "precision_at_20": 0.013,
            "precision_at_50": 0.0068,
            "precision_at_100": 0.0047,
            "mrr_at_1": 0.04,
            "mrr_at_3": 0.05333333333333333,
            "mrr_at_5": 0.06633333333333334,
            "mrr_at_10": 0.07792857142857143,
            "mrr_at_20": 0.08132862459178249,
            "mrr_at_50": 0.08392944690789715,
            "mrr_at_100": 0.0857064292471526,
            "naucs_at_1_max": -0.36886235578213045,
            "naucs_at_1_std": 0.1153742956801717,
            "naucs_at_1_diff1": 0.690099275556748,
            "naucs_at_3_max": 0.0165587029016061,
            "naucs_at_3_std": 0.15148146728506287,
            "naucs_at_3_diff1": 0.7263214381540115,
            "naucs_at_5_max": 0.174072664592241,
            "naucs_at_5_std": 0.0930357502630342,
            "naucs_at_5_diff1": 0.6034787669852922,
            "naucs_at_10_max": 0.1680998305541038,
            "naucs_at_10_std": 0.10762189811075738,
            "naucs_at_10_diff1": 0.4296799531252474,
            "naucs_at_20_max": 0.12391951663727538,
            "naucs_at_20_std": 0.17414934520540015,
            "naucs_at_20_diff1": 0.356971466566448,
            "naucs_at_50_max": 0.12008797265428318,
            "naucs_at_50_std": 0.1361191340523064,
            "naucs_at_50_diff1": 0.3788521158483267,
            "naucs_at_100_max": 0.19112857500758182,
            "naucs_at_100_std": 0.25604240562243674,
            "naucs_at_100_diff1": 0.33416843576523914
        }
    }
}