{
    "metadata": {
        "timestamp": "2025-04-01T11:19:54.621898",
        "vidore_benchmark_version": "5.0.0"
    },
    "metrics": {
        "vidore/infovqa_test_subsampled": {
            "ndcg_at_1": 0.23684,
            "ndcg_at_3": 0.33336,
            "ndcg_at_5": 0.3601,
            "ndcg_at_10": 0.39513,
            "ndcg_at_20": 0.42308,
            "ndcg_at_50": 0.45319,
            "ndcg_at_100": 0.46442,
            "map_at_1": 0.23684,
            "map_at_3": 0.30938,
            "map_at_5": 0.32426,
            "map_at_10": 0.33891,
            "map_at_20": 0.34675,
            "map_at_50": 0.35174,
            "map_at_100": 0.35275,
            "recall_at_1": 0.23684,
            "recall_at_3": 0.40283,
            "recall_at_5": 0.46761,
            "recall_at_10": 0.5749,
            "recall_at_20": 0.68421,
            "recall_at_50": 0.83401,
            "recall_at_100": 0.90283,
            "precision_at_1": 0.23684,
            "precision_at_3": 0.13428,
            "precision_at_5": 0.09352,
            "precision_at_10": 0.05749,
            "precision_at_20": 0.03421,
            "precision_at_50": 0.01668,
            "precision_at_100": 0.00903,
            "mrr_at_1": 0.23684210526315788,
            "mrr_at_3": 0.3093792172739541,
            "mrr_at_5": 0.32425775978407556,
            "mrr_at_10": 0.33891459417775205,
            "mrr_at_20": 0.34675414408739075,
            "mrr_at_50": 0.35174287169498336,
            "mrr_at_100": 0.3527531578086776,
            "naucs_at_1_max": 0.09679848753133657,
            "naucs_at_1_std": -0.046220406816141014,
            "naucs_at_1_diff1": 0.339062226216283,
            "naucs_at_3_max": 0.033818769402752774,
            "naucs_at_3_std": 0.027092773962307914,
            "naucs_at_3_diff1": 0.2030417059387758,
            "naucs_at_5_max": 0.024847299995937294,
            "naucs_at_5_std": 0.051874321293309975,
            "naucs_at_5_diff1": 0.2464437480834861,
            "naucs_at_10_max": -0.03816692013122376,
            "naucs_at_10_std": 0.06802660585870814,
            "naucs_at_10_diff1": 0.18253393415036334,
            "naucs_at_20_max": -0.03914879183383463,
            "naucs_at_20_std": 0.1267109172097599,
            "naucs_at_20_diff1": 0.25157161215303886,
            "naucs_at_50_max": -0.027053953472436585,
            "naucs_at_50_std": 0.3259147334531292,
            "naucs_at_50_diff1": 0.2794919629831704,
            "naucs_at_100_max": -0.11879957374218685,
            "naucs_at_100_std": 0.5016846282597293,
            "naucs_at_100_diff1": 0.39864101340555175
        }
    }
}