{
    "metadata": {
        "timestamp": "2025-04-01T11:32:45.050008",
        "vidore_benchmark_version": "5.0.0"
    },
    "metrics": {
        "vidore/tatdqa_test": {
            "ndcg_at_1": 0.01458,
            "ndcg_at_3": 0.02749,
            "ndcg_at_5": 0.0329,
            "ndcg_at_10": 0.04655,
            "ndcg_at_20": 0.06259,
            "ndcg_at_50": 0.09722,
            "ndcg_at_100": 0.13519,
            "map_at_1": 0.01458,
            "map_at_3": 0.0242,
            "map_at_5": 0.02715,
            "map_at_10": 0.03295,
            "map_at_20": 0.03723,
            "map_at_50": 0.0426,
            "map_at_100": 0.04589,
            "recall_at_1": 0.01458,
            "recall_at_3": 0.03706,
            "recall_at_5": 0.05043,
            "recall_at_10": 0.09174,
            "recall_at_20": 0.15614,
            "recall_at_50": 0.33293,
            "recall_at_100": 0.56804,
            "precision_at_1": 0.01458,
            "precision_at_3": 0.01235,
            "precision_at_5": 0.01009,
            "precision_at_10": 0.00917,
            "precision_at_20": 0.00781,
            "precision_at_50": 0.00666,
            "precision_at_100": 0.00568,
            "mrr_at_1": 0.014580801944106925,
            "mrr_at_3": 0.024200081004455247,
            "mrr_at_5": 0.02699473471040907,
            "mrr_at_10": 0.03294181179964898,
            "mrr_at_20": 0.03717034815736895,
            "mrr_at_50": 0.04252006770742082,
            "mrr_at_100": 0.04582890234075795,
            "naucs_at_1_max": -0.06776283082638838,
            "naucs_at_1_std": 0.14098321559537114,
            "naucs_at_1_diff1": 0.15768231844678626,
            "naucs_at_3_max": 0.07639891678484655,
            "naucs_at_3_std": 0.2124673870892663,
            "naucs_at_3_diff1": 0.029477946025971972,
            "naucs_at_5_max": 0.05129040556444069,
            "naucs_at_5_std": 0.26218286465614005,
            "naucs_at_5_diff1": 0.0004405468046101039,
            "naucs_at_10_max": 0.012340065008157068,
            "naucs_at_10_std": 0.1825151339847132,
            "naucs_at_10_diff1": -0.03266781411046034,
            "naucs_at_20_max": -0.010526983793520005,
            "naucs_at_20_std": 0.15568201564062767,
            "naucs_at_20_diff1": -0.028030767961288373,
            "naucs_at_50_max": -0.059629729478792054,
            "naucs_at_50_std": 0.10711114622161211,
            "naucs_at_50_diff1": -0.03386346757029781,
            "naucs_at_100_max": -0.036713373255068626,
            "naucs_at_100_std": 0.09394556924114827,
            "naucs_at_100_diff1": -0.020422563667343914
        }
    }
}