{
    "metadata": {
        "timestamp": "2025-04-01T11:42:57.640555",
        "vidore_benchmark_version": "5.0.0"
    },
    "metrics": {
        "vidore/shiftproject_test": {
            "ndcg_at_1": 0.03,
            "ndcg_at_3": 0.04762,
            "ndcg_at_5": 0.05536,
            "ndcg_at_10": 0.06526,
            "ndcg_at_20": 0.0957,
            "ndcg_at_50": 0.12855,
            "ndcg_at_100": 0.14152,
            "map_at_1": 0.03,
            "map_at_3": 0.04333,
            "map_at_5": 0.04733,
            "map_at_10": 0.05154,
            "map_at_20": 0.05994,
            "map_at_50": 0.06486,
            "map_at_100": 0.066,
            "recall_at_1": 0.03,
            "recall_at_3": 0.06,
            "recall_at_5": 0.08,
            "recall_at_10": 0.11,
            "recall_at_20": 0.23,
            "recall_at_50": 0.4,
            "recall_at_100": 0.48,
            "precision_at_1": 0.03,
            "precision_at_3": 0.02,
            "precision_at_5": 0.016,
            "precision_at_10": 0.011,
            "precision_at_20": 0.0115,
            "precision_at_50": 0.008,
            "precision_at_100": 0.0048,
            "mrr_at_1": 0.03,
            "mrr_at_3": 0.04333333333333333,
            "mrr_at_5": 0.04733333333333333,
            "mrr_at_10": 0.051539682539682545,
            "mrr_at_20": 0.05993937495253285,
            "mrr_at_50": 0.06486361514833647,
            "mrr_at_100": 0.06600295630093105,
            "naucs_at_1_max": 0.3624005008496557,
            "naucs_at_1_std": 0.7746176549503623,
            "naucs_at_1_diff1": 0.41776227528843574,
            "naucs_at_3_max": 0.1307575351041947,
            "naucs_at_3_std": 0.680708344513013,
            "naucs_at_3_diff1": 0.11913066809766575,
            "naucs_at_5_max": 0.16061845988730897,
            "naucs_at_5_std": 0.6267104910115373,
            "naucs_at_5_diff1": 0.14250737858867726,
            "naucs_at_10_max": 0.043083272516797985,
            "naucs_at_10_std": 0.49055036867403184,
            "naucs_at_10_diff1": 0.09228175252283766,
            "naucs_at_20_max": -0.012980277909122867,
            "naucs_at_20_std": 0.19989017861228475,
            "naucs_at_20_diff1": 0.021369411692927127,
            "naucs_at_50_max": -0.10261328527291452,
            "naucs_at_50_std": 0.11546086508753842,
            "naucs_at_50_diff1": -0.07601699279093717,
            "naucs_at_100_max": -0.20270985498041733,
            "naucs_at_100_std": 0.18065258812321372,
            "naucs_at_100_diff1": -0.08938022652693996
        }
    }
}