{
    "metadata": {
        "description": "Merged metrics for clip_openai_clip-vit-base-patch32 on selected datasets",
        "datasets_included": [
            "arxivqa_test_subsampled",
            "docvqa_test_subsampled",
            "tabfquad_test_subsampled",
            "tatdqa_test"
        ],
        "timestamp": "2025-03-29T23:35:49.351427",
        "vidore_benchmark_version": "5.0.0"
    },
    "metrics": {
        "vidore/arxivqa_test_subsampled": {
            "ndcg_at_1": 0.034,
            "ndcg_at_3": 0.05083,
            "ndcg_at_5": 0.06409,
            "ndcg_at_10": 0.08038,
            "ndcg_at_20": 0.10087,
            "ndcg_at_50": 0.12849,
            "ndcg_at_100": 0.16075,
            "map_at_1": 0.034,
            "map_at_3": 0.04633,
            "map_at_5": 0.05373,
            "map_at_10": 0.06016,
            "map_at_20": 0.06565,
            "map_at_50": 0.07018,
            "map_at_100": 0.07306,
            "recall_at_1": 0.034,
            "recall_at_3": 0.064,
            "recall_at_5": 0.096,
            "recall_at_10": 0.148,
            "recall_at_20": 0.23,
            "recall_at_50": 0.368,
            "recall_at_100": 0.566,
            "precision_at_1": 0.034,
            "precision_at_3": 0.02133,
            "precision_at_5": 0.0192,
            "precision_at_10": 0.0148,
            "precision_at_20": 0.0115,
            "precision_at_50": 0.00736,
            "precision_at_100": 0.00566,
            "mrr_at_1": 0.034,
            "mrr_at_3": 0.04633333333333334,
            "mrr_at_5": 0.053733333333333334,
            "mrr_at_10": 0.060160317460317456,
            "mrr_at_20": 0.06565200546787234,
            "mrr_at_50": 0.07017623023839023,
            "mrr_at_100": 0.07306451422021494,
            "naucs_at_1_max": -0.346075537808362,
            "naucs_at_1_std": -0.3777206079641409,
            "naucs_at_1_diff1": 0.17610757745545227,
            "naucs_at_3_max": -0.20011906359001883,
            "naucs_at_3_std": -0.22679098470619805,
            "naucs_at_3_diff1": 0.13746813791253007,
            "naucs_at_5_max": -0.13952799391825405,
            "naucs_at_5_std": -0.17535886772202833,
            "naucs_at_5_diff1": 0.09365217780162795,
            "naucs_at_10_max": -0.13802441785647382,
            "naucs_at_10_std": -0.15334055498090055,
            "naucs_at_10_diff1": 0.08007884084411843,
            "naucs_at_20_max": -0.1082777870990371,
            "naucs_at_20_std": -0.1265996552828659,
            "naucs_at_20_diff1": 0.07566693613581292,
            "naucs_at_50_max": -0.0998201438848921,
            "naucs_at_50_std": -0.15374299397691152,
            "naucs_at_50_diff1": 0.03586142713736001,
            "naucs_at_100_max": -0.17094979410697309,
            "naucs_at_100_std": -0.1222241590677231,
            "naucs_at_100_diff1": 0.04817125270404259
        },
        "vidore/docvqa_test_subsampled": {
            "ndcg_at_1": 0.02661,
            "ndcg_at_3": 0.03915,
            "ndcg_at_5": 0.04821,
            "ndcg_at_10": 0.06463,
            "ndcg_at_20": 0.08242,
            "ndcg_at_50": 0.10959,
            "ndcg_at_100": 0.1326,
            "map_at_1": 0.02661,
            "map_at_3": 0.03585,
            "map_at_5": 0.04084,
            "map_at_10": 0.04756,
            "map_at_20": 0.05237,
            "map_at_50": 0.0567,
            "map_at_100": 0.05872,
            "recall_at_1": 0.02661,
            "recall_at_3": 0.04878,
            "recall_at_5": 0.07095,
            "recall_at_10": 0.12195,
            "recall_at_20": 0.1929,
            "recall_at_50": 0.33038,
            "recall_at_100": 0.47228,
            "precision_at_1": 0.02661,
            "precision_at_3": 0.01626,
            "precision_at_5": 0.01419,
            "precision_at_10": 0.0122,
            "precision_at_20": 0.00965,
            "precision_at_50": 0.00661,
            "precision_at_100": 0.00472,
            "mrr_at_1": 0.026607538802660754,
            "mrr_at_3": 0.03584626755358463,
            "mrr_at_5": 0.04083518107908352,
            "mrr_at_10": 0.047562735367613414,
            "mrr_at_20": 0.05236589430528939,
            "mrr_at_50": 0.056696538539965056,
            "mrr_at_100": 0.05872190293916177,
            "naucs_at_1_max": 0.012310752548715973,
            "naucs_at_1_std": 0.049711169349997725,
            "naucs_at_1_diff1": 0.11366044273746653,
            "naucs_at_3_max": -0.06064520166411595,
            "naucs_at_3_std": 0.02296644257062962,
            "naucs_at_3_diff1": 0.0591381805289143,
            "naucs_at_5_max": -0.04343449149880383,
            "naucs_at_5_std": 0.02914377817289038,
            "naucs_at_5_diff1": 0.037858607575077786,
            "naucs_at_10_max": -0.04519761460969113,
            "naucs_at_10_std": 0.09084111786340439,
            "naucs_at_10_diff1": -0.06969010024427827,
            "naucs_at_20_max": -0.06030141206398183,
            "naucs_at_20_std": 0.08423006987352487,
            "naucs_at_20_diff1": -0.06618979779572508,
            "naucs_at_50_max": -0.11193046395481487,
            "naucs_at_50_std": 0.13127025056824015,
            "naucs_at_50_diff1": -0.13267480443565755,
            "naucs_at_100_max": -0.15109425786973468,
            "naucs_at_100_std": 0.11420460949151748,
            "naucs_at_100_diff1": -0.16333515779705243
        },
        "vidore/tabfquad_test_subsampled": {
            "ndcg_at_1": 0.02857,
            "ndcg_at_3": 0.08248,
            "ndcg_at_5": 0.10753,
            "ndcg_at_10": 0.14812,
            "ndcg_at_20": 0.19775,
            "ndcg_at_50": 0.27439,
            "ndcg_at_100": 0.29313,
            "map_at_1": 0.02857,
            "map_at_3": 0.06905,
            "map_at_5": 0.08298,
            "map_at_10": 0.10049,
            "map_at_20": 0.11409,
            "map_at_50": 0.12613,
            "map_at_100": 0.12801,
            "recall_at_1": 0.02857,
            "recall_at_3": 0.12143,
            "recall_at_5": 0.18214,
            "recall_at_10": 0.30357,
            "recall_at_20": 0.5,
            "recall_at_50": 0.88929,
            "recall_at_100": 1.0,
            "precision_at_1": 0.02857,
            "precision_at_3": 0.04048,
            "precision_at_5": 0.03643,
            "precision_at_10": 0.03036,
            "precision_at_20": 0.025,
            "precision_at_50": 0.01779,
            "precision_at_100": 0.01,
            "mrr_at_1": 0.02857142857142857,
            "mrr_at_3": 0.06904761904761904,
            "mrr_at_5": 0.08297619047619048,
            "mrr_at_10": 0.10048894557823129,
            "mrr_at_20": 0.11408749687152495,
            "mrr_at_50": 0.12613191426398218,
            "mrr_at_100": 0.12801150030426203,
            "naucs_at_1_max": -0.12660987389321177,
            "naucs_at_1_std": 0.23993828816742713,
            "naucs_at_1_diff1": 0.39569358733565874,
            "naucs_at_3_max": 0.07260108427466046,
            "naucs_at_3_std": 0.06763289078366538,
            "naucs_at_3_diff1": 0.08571812215713584,
            "naucs_at_5_max": 0.06542021266690262,
            "naucs_at_5_std": 0.10716524826657252,
            "naucs_at_5_diff1": 0.010385047517955024,
            "naucs_at_10_max": 0.06783400370914522,
            "naucs_at_10_std": 0.23546809894265286,
            "naucs_at_10_diff1": -0.029114381367566698,
            "naucs_at_20_max": 0.021223945940801528,
            "naucs_at_20_std": 0.21437137146664126,
            "naucs_at_20_diff1": -0.051617968973065635,
            "naucs_at_50_max": -0.6131753149690367,
            "naucs_at_50_std": 0.19581464872944937,
            "naucs_at_50_diff1": -0.011515817089166462,
            "naucs_at_100_max": 1.0,
            "naucs_at_100_std": 1.0,
            "naucs_at_100_diff1": 1.0
        },
        "vidore/tatdqa_test": {
            "ndcg_at_1": 0.00243,
            "ndcg_at_3": 0.00908,
            "ndcg_at_5": 0.01323,
            "ndcg_at_10": 0.0194,