{
    "metadata": {
        "timestamp": "2025-03-29T23:41:55.336738",
        "vidore_benchmark_version": "5.0.0"
    },
    "metrics": {
        "vidore/syntheticDocQA_artificial_intelligence_test": {
            "ndcg_at_1": 0.04,
            "ndcg_at_3": 0.05262,
            "ndcg_at_5": 0.06123,
            "ndcg_at_10": 0.06424,
            "ndcg_at_20": 0.06908,
            "ndcg_at_50": 0.08306,
            "ndcg_at_100": 0.1101,
            "map_at_1": 0.04,
            "map_at_3": 0.05,
            "map_at_5": 0.055,
            "map_at_10": 0.05611,
            "map_at_20": 0.05733,
            "map_at_50": 0.05962,
            "map_at_100": 0.06185,
            "recall_at_1": 0.04,
            "recall_at_3": 0.06,
            "recall_at_5": 0.08,
            "recall_at_10": 0.09,
            "recall_at_20": 0.11,
            "recall_at_50": 0.18,
            "recall_at_100": 0.35,
            "precision_at_1": 0.04,
            "precision_at_3": 0.02,
            "precision_at_5": 0.016,
            "precision_at_10": 0.009,
            "precision_at_20": 0.0055,
            "precision_at_50": 0.0036,
            "precision_at_100": 0.0035,
            "mrr_at_1": 0.04,
            "mrr_at_3": 0.05,
            "mrr_at_5": 0.055,
            "mrr_at_10": 0.056111111111111105,
            "mrr_at_20": 0.05732539682539683,
            "mrr_at_50": 0.05961745799003863,
            "mrr_at_100": 0.0618532394866375,
            "naucs_at_1_max": 0.26187281996243617,
            "naucs_at_1_std": -0.0784813522940703,
            "naucs_at_1_diff1": 0.5858599409712905,
            "naucs_at_3_max": 0.2731419372149182,
            "naucs_at_3_std": 0.03107950988283699,
            "naucs_at_3_diff1": 0.5454789374832305,
            "naucs_at_5_max": 0.22947410786155079,
            "naucs_at_5_std": -0.011235578213039997,
            "naucs_at_5_diff1": 0.4716595116715857,
            "naucs_at_10_max": 0.14011865366842574,
            "naucs_at_10_std": 0.06356020630235827,
            "naucs_at_10_diff1": 0.35539456816623444,
            "naucs_at_20_max": 0.04947530009814529,
            "naucs_at_20_std": 0.15668017213176633,
            "naucs_at_20_diff1": 0.262375116390266,
            "naucs_at_50_max": -0.04948601901554232,
            "naucs_at_50_std": 0.10611163737150457,
            "naucs_at_50_diff1": 0.17196435462933707,
            "naucs_at_100_max": -0.059226053134682814,
            "naucs_at_100_std": 0.17417100665831609,
            "naucs_at_100_diff1": 0.10299953853253331
        }
    }
}