{
    "metadata": {
        "timestamp": "2025-03-29T23:40:44.441235",
        "vidore_benchmark_version": "5.0.0"
    },
    "metrics": {
        "vidore/shiftproject_test": {
            "ndcg_at_1": 0.0,
            "ndcg_at_3": 0.005,
            "ndcg_at_5": 0.005,
            "ndcg_at_10": 0.005,
            "ndcg_at_20": 0.01014,
            "ndcg_at_50": 0.01443,
            "ndcg_at_100": 0.02236,
            "map_at_1": 0.0,
            "map_at_3": 0.00333,
            "map_at_5": 0.00333,
            "map_at_10": 0.00333,
            "map_at_20": 0.0048,
            "map_at_50": 0.00562,
            "map_at_100": 0.00627,
            "recall_at_1": 0.0,
            "recall_at_3": 0.01,
            "recall_at_5": 0.01,
            "recall_at_10": 0.01,
            "recall_at_20": 0.03,
            "recall_at_50": 0.05,
            "recall_at_100": 0.1,
            "precision_at_1": 0.0,
            "precision_at_3": 0.00333,
            "precision_at_5": 0.002,
            "precision_at_10": 0.001,
            "precision_at_20": 0.0015,
            "precision_at_50": 0.001,
            "precision_at_100": 0.001,
            "mrr_at_1": 0.0,
            "mrr_at_3": 0.003333333333333333,
            "mrr_at_5": 0.003333333333333333,
            "mrr_at_10": 0.003333333333333333,
            "mrr_at_20": 0.004797979797979798,
            "mrr_at_50": 0.005622895622895623,
            "mrr_at_100": 0.006266442282605549,
            "naucs_at_1_max": null,
            "naucs_at_1_std": null,
            "naucs_at_1_diff1": null,
            "naucs_at_3_max": -0.5747249798765764,
            "naucs_at_3_std": -0.5747249798765764,
            "naucs_at_3_diff1": -0.318486718540381,
            "naucs_at_5_max": -0.5747249798765764,
            "naucs_at_5_std": -0.5747249798765764,
            "naucs_at_5_diff1": -0.3184867185403811,
            "naucs_at_10_max": -0.5747249798765764,
            "naucs_at_10_std": -0.5747249798765764,
            "naucs_at_10_diff1": -0.3184867185403811,
            "naucs_at_20_max": -0.3212592791342456,
            "naucs_at_20_std": -0.32877202396923355,
            "naucs_at_20_diff1": -0.1532063321706467,
            "naucs_at_50_max": -0.07448349879259462,
            "naucs_at_50_std": -0.19168231821840626,
            "naucs_at_50_diff1": 0.06015562114301043,
            "naucs_at_100_max": 0.17756909042125055,
            "naucs_at_100_std": -0.03598068151328136,
            "naucs_at_100_diff1": -0.013174134692782297
        }
    }
}