{
    "metadata": {
        "timestamp": "2025-03-29T23:39:34.434196",
        "vidore_benchmark_version": "5.0.0"
    },
    "metrics": {
        "vidore/tatdqa_test": {
            "ndcg_at_1": 0.00243,
            "ndcg_at_3": 0.00908,
            "ndcg_at_5": 0.01323,
            "ndcg_at_10": 0.0194,
            "ndcg_at_20": 0.0313,
            "ndcg_at_50": 0.05695,
            "ndcg_at_100": 0.08816,
            "map_at_1": 0.00243,
            "map_at_3": 0.00739,
            "map_at_5": 0.00964,
            "map_at_10": 0.01223,
            "map_at_20": 0.01546,
            "map_at_50": 0.01946,
            "map_at_100": 0.02212,
            "recall_at_1": 0.00243,
            "recall_at_3": 0.01397,
            "recall_at_5": 0.0243,
            "recall_at_10": 0.04313,
            "recall_at_20": 0.09052,
            "recall_at_50": 0.22114,
            "recall_at_100": 0.41555,
            "precision_at_1": 0.00243,
            "precision_at_3": 0.00466,
            "precision_at_5": 0.00486,
            "precision_at_10": 0.00431,
            "precision_at_20": 0.00453,
            "precision_at_50": 0.00442,
            "precision_at_100": 0.00416,
            "mrr_at_1": 0.002430133657351154,
            "mrr_at_3": 0.007391656541109761,
            "mrr_at_5": 0.00963953017415958,
            "mrr_at_10": 0.012230708403247893,
            "mrr_at_20": 0.015455553260989274,
            "mrr_at_50": 0.019457257658888186,
            "mrr_at_100": 0.022115548479695584,
            "naucs_at_1_max": -0.20538982224785046,
            "naucs_at_1_std": 0.2536406648011204,
            "naucs_at_1_diff1": 0.3785093881894244,
            "naucs_at_3_max": -0.21629570165475262,
            "naucs_at_3_std": -0.024708767737367143,
            "naucs_at_3_diff1": -0.031823091647379474,
            "naucs_at_5_max": -0.04046643459126402,
            "naucs_at_5_std": 0.11690500786365231,
            "naucs_at_5_diff1": 0.015245708512854332,
            "naucs_at_10_max": -0.036254416074859845,
            "naucs_at_10_std": 0.08487794119498861,
            "naucs_at_10_diff1": 0.02687353700675969,
            "naucs_at_20_max": 0.006843273335536855,
            "naucs_at_20_std": -0.015652175583830755,
            "naucs_at_20_diff1": 0.04076570415463147,
            "naucs_at_50_max": -0.04311727782361345,
            "naucs_at_50_std": 0.011560602379464645,
            "naucs_at_50_diff1": 0.06255618476273166,
            "naucs_at_100_max": -0.02513527014223994,
            "naucs_at_100_std": 0.01453493806139384,
            "naucs_at_100_diff1": -0.012990886529001933
        }
    }
}