{
    "metadata": {
        "timestamp": "2025-03-29T23:35:49.351427",
        "vidore_benchmark_version": "5.0.0"
    },
    "metrics": {
        "vidore/arxivqa_test_subsampled": {
            "ndcg_at_1": 0.034,
            "ndcg_at_3": 0.05083,
            "ndcg_at_5": 0.06409,
            "ndcg_at_10": 0.08038,
            "ndcg_at_20": 0.10087,
            "ndcg_at_50": 0.12849,
            "ndcg_at_100": 0.16075,
            "map_at_1": 0.034,
            "map_at_3": 0.04633,
            "map_at_5": 0.05373,
            "map_at_10": 0.06016,
            "map_at_20": 0.06565,
            "map_at_50": 0.07018,
            "map_at_100": 0.07306,
            "recall_at_1": 0.034,
            "recall_at_3": 0.064,
            "recall_at_5": 0.096,
            "recall_at_10": 0.148,
            "recall_at_20": 0.23,
            "recall_at_50": 0.368,
            "recall_at_100": 0.566,
            "precision_at_1": 0.034,
            "precision_at_3": 0.02133,
            "precision_at_5": 0.0192,
            "precision_at_10": 0.0148,
            "precision_at_20": 0.0115,
            "precision_at_50": 0.00736,
            "precision_at_100": 0.00566,
            "mrr_at_1": 0.034,
            "mrr_at_3": 0.04633333333333334,
            "mrr_at_5": 0.053733333333333334,
            "mrr_at_10": 0.060160317460317456,
            "mrr_at_20": 0.06565200546787234,
            "mrr_at_50": 0.07017623023839023,
            "mrr_at_100": 0.07306451422021494,
            "naucs_at_1_max": -0.346075537808362,
            "naucs_at_1_std": -0.3777206079641409,
            "naucs_at_1_diff1": 0.17610757745545227,
            "naucs_at_3_max": -0.20011906359001883,
            "naucs_at_3_std": -0.22679098470619805,
            "naucs_at_3_diff1": 0.13746813791253007,
            "naucs_at_5_max": -0.13952799391825405,
            "naucs_at_5_std": -0.17535886772202833,
            "naucs_at_5_diff1": 0.09365217780162795,
            "naucs_at_10_max": -0.13802441785647382,
            "naucs_at_10_std": -0.15334055498090055,
            "naucs_at_10_diff1": 0.08007884084411843,
            "naucs_at_20_max": -0.1082777870990371,
            "naucs_at_20_std": -0.1265996552828659,
            "naucs_at_20_diff1": 0.07566693613581292,
            "naucs_at_50_max": -0.0998201438848921,
            "naucs_at_50_std": -0.15374299397691152,
            "naucs_at_50_diff1": 0.03586142713736001,
            "naucs_at_100_max": -0.17094979410697309,
            "naucs_at_100_std": -0.1222241590677231,
            "naucs_at_100_diff1": 0.04817125270404259
        }
    }
}