{
    "metadata": {
        "timestamp": "2025-03-29T23:45:29.348450",
        "vidore_benchmark_version": "5.0.0"
    },
    "metrics": {
        "vidore/syntheticDocQA_healthcare_industry_test": {
            "ndcg_at_1": 0.06,
            "ndcg_at_3": 0.06631,
            "ndcg_at_5": 0.07018,
            "ndcg_at_10": 0.07707,
            "ndcg_at_20": 0.08966,
            "ndcg_at_50": 0.11061,
            "ndcg_at_100": 0.13011,
            "map_at_1": 0.06,
            "map_at_3": 0.065,
            "map_at_5": 0.067,
            "map_at_10": 0.0701,
            "map_at_20": 0.07352,
            "map_at_50": 0.07651,
            "map_at_100": 0.07824,
            "recall_at_1": 0.06,
            "recall_at_3": 0.07,
            "recall_at_5": 0.08,
            "recall_at_10": 0.1,
            "recall_at_20": 0.15,
            "recall_at_50": 0.26,
            "recall_at_100": 0.38,
            "precision_at_1": 0.06,
            "precision_at_3": 0.02333,
            "precision_at_5": 0.016,
            "precision_at_10": 0.01,
            "precision_at_20": 0.0075,
            "precision_at_50": 0.0052,
            "precision_at_100": 0.0038,
            "mrr_at_1": 0.06,
            "mrr_at_3": 0.065,
            "mrr_at_5": 0.067,
            "mrr_at_10": 0.0700952380952381,
            "mrr_at_20": 0.07352258852258851,
            "mrr_at_50": 0.07650881158265203,
            "mrr_at_100": 0.07824082185111232,
            "naucs_at_1_max": 0.3525176638941062,
            "naucs_at_1_std": -0.2637957248904391,
            "naucs_at_1_diff1": 0.2626777569090422,
            "naucs_at_3_max": 0.23078692169113438,
            "naucs_at_3_std": -0.30821418988845867,
            "naucs_at_3_diff1": 0.14304879451109676,
            "naucs_at_5_max": 0.13009793399517042,
            "naucs_at_5_std": -0.30949825596994907,
            "naucs_at_5_diff1": 0.1374765226723907,
            "naucs_at_10_max": 0.23646364368124487,
            "naucs_at_10_std": -0.1377515427958144,
            "naucs_at_10_diff1": 0.11870136839280922,
            "naucs_at_20_max": 0.23556093135772585,
            "naucs_at_20_std": -0.12492692268924518,
            "naucs_at_20_diff1": 0.08843866545711096,
            "naucs_at_50_max": 0.11025989419213078,
            "naucs_at_50_std": -0.12219941603307209,
            "naucs_at_50_diff1": 0.027044606978693826,
            "naucs_at_100_max": 0.0683336365763003,
            "naucs_at_100_std": -0.17496685987575689,
            "naucs_at_100_diff1": 0.07843162737504238
        }
    }
}