{
    "metadata": {
        "timestamp": "2025-03-29T23:36:30.203195",
        "vidore_benchmark_version": "5.0.0"
    },
    "metrics": {
        "vidore/docvqa_test_subsampled": {
            "ndcg_at_1": 0.02661,
            "ndcg_at_3": 0.03915,
            "ndcg_at_5": 0.04821,
            "ndcg_at_10": 0.06463,
            "ndcg_at_20": 0.08242,
            "ndcg_at_50": 0.10959,
            "ndcg_at_100": 0.1326,
            "map_at_1": 0.02661,
            "map_at_3": 0.03585,
            "map_at_5": 0.04084,
            "map_at_10": 0.04756,
            "map_at_20": 0.05237,
            "map_at_50": 0.0567,
            "map_at_100": 0.05872,
            "recall_at_1": 0.02661,
            "recall_at_3": 0.04878,
            "recall_at_5": 0.07095,
            "recall_at_10": 0.12195,
            "recall_at_20": 0.1929,
            "recall_at_50": 0.33038,
            "recall_at_100": 0.47228,
            "precision_at_1": 0.02661,
            "precision_at_3": 0.01626,
            "precision_at_5": 0.01419,
            "precision_at_10": 0.0122,
            "precision_at_20": 0.00965,
            "precision_at_50": 0.00661,
            "precision_at_100": 0.00472,
            "mrr_at_1": 0.026607538802660754,
            "mrr_at_3": 0.03584626755358463,
            "mrr_at_5": 0.04083518107908352,
            "mrr_at_10": 0.047562735367613414,
            "mrr_at_20": 0.05236589430528939,
            "mrr_at_50": 0.056696538539965056,
            "mrr_at_100": 0.05872190293916177,
            "naucs_at_1_max": 0.012310752548715973,
            "naucs_at_1_std": 0.049711169349997725,
            "naucs_at_1_diff1": 0.11366044273746653,
            "naucs_at_3_max": -0.06064520166411595,
            "naucs_at_3_std": 0.02296644257062962,
            "naucs_at_3_diff1": 0.0591381805289143,
            "naucs_at_5_max": -0.04343449149880383,
            "naucs_at_5_std": 0.02914377817289038,
            "naucs_at_5_diff1": 0.037858607575077786,
            "naucs_at_10_max": -0.04519761460969113,
            "naucs_at_10_std": 0.09084111786340439,
            "naucs_at_10_diff1": -0.06969010024427827,
            "naucs_at_20_max": -0.06030141206398183,
            "naucs_at_20_std": 0.08423006987352487,
            "naucs_at_20_diff1": -0.06618979779572508,
            "naucs_at_50_max": -0.11193046395481487,
            "naucs_at_50_std": 0.13127025056824015,
            "naucs_at_50_diff1": -0.13267480443565755,
            "naucs_at_100_max": -0.15109425786973468,
            "naucs_at_100_std": 0.11420460949151748,
            "naucs_at_100_diff1": -0.16333515779705243
        }
    }
}