{
    "metadata": {
        "timestamp": "2025-03-29T23:37:17.999122",
        "vidore_benchmark_version": "5.0.0"
    },
    "metrics": {
        "vidore/infovqa_test_subsampled": {
            "ndcg_at_1": 0.2085,
            "ndcg_at_3": 0.26728,
            "ndcg_at_5": 0.28888,
            "ndcg_at_10": 0.32451,
            "ndcg_at_20": 0.35389,
            "ndcg_at_50": 0.37824,
            "ndcg_at_100": 0.39413,
            "map_at_1": 0.2085,
            "map_at_3": 0.25202,
            "map_at_5": 0.26397,
            "map_at_10": 0.27885,
            "map_at_20": 0.28675,
            "map_at_50": 0.29059,
            "map_at_100": 0.29202,
            "recall_at_1": 0.2085,
            "recall_at_3": 0.31174,
            "recall_at_5": 0.36437,
            "recall_at_10": 0.47368,
            "recall_at_20": 0.59109,
            "recall_at_50": 0.71457,
            "recall_at_100": 0.81174,
            "precision_at_1": 0.2085,
            "precision_at_3": 0.10391,
            "precision_at_5": 0.07287,
            "precision_at_10": 0.04737,
            "precision_at_20": 0.02955,
            "precision_at_50": 0.01429,
            "precision_at_100": 0.00812,
            "mrr_at_1": 0.20850202429149797,
            "mrr_at_3": 0.2520242914979757,
            "mrr_at_5": 0.2639676113360324,
            "mrr_at_10": 0.2788469571364308,
            "mrr_at_20": 0.28674544182011497,
            "mrr_at_50": 0.29058729101413655,
            "mrr_at_100": 0.2920238626083136,
            "naucs_at_1_max": 0.092342034767077,
            "naucs_at_1_std": 0.03286476546452494,
            "naucs_at_1_diff1": 0.34112656681240794,
            "naucs_at_3_max": 0.04540909031714464,
            "naucs_at_3_std": 0.0363494218015717,
            "naucs_at_3_diff1": 0.23671569831442515,
            "naucs_at_5_max": 0.004588371902517816,
            "naucs_at_5_std": 0.09635346723887657,
            "naucs_at_5_diff1": 0.1532935285431126,
            "naucs_at_10_max": 0.08343120359814087,
            "naucs_at_10_std": 0.13051663769581195,
            "naucs_at_10_diff1": 0.19997174841556029,
            "naucs_at_20_max": 0.09303586181338024,
            "naucs_at_20_std": 0.15788964331086894,
            "naucs_at_20_diff1": 0.2054889569305288,
            "naucs_at_50_max": 0.11614842034767624,
            "naucs_at_50_std": 0.28454176692044597,
            "naucs_at_50_diff1": 0.18130987375901728,
            "naucs_at_100_max": 0.1684609167621266,
            "naucs_at_100_std": 0.36825600950117315,
            "naucs_at_100_diff1": 0.23950930139376422
        }
    }
}