{
    "metadata": {
        "timestamp": "2025-03-29T23:43:12.969480",
        "vidore_benchmark_version": "5.0.0"
    },
    "metrics": {
        "vidore/syntheticDocQA_energy_test": {
            "ndcg_at_1": 0.03,
            "ndcg_at_3": 0.04,
            "ndcg_at_5": 0.04387,
            "ndcg_at_10": 0.05392,
            "ndcg_at_20": 0.07639,
            "ndcg_at_50": 0.09757,
            "ndcg_at_100": 0.12324,
            "map_at_1": 0.03,
            "map_at_3": 0.03667,
            "map_at_5": 0.03867,
            "map_at_10": 0.04301,
            "map_at_20": 0.04903,
            "map_at_50": 0.05214,
            "map_at_100": 0.05432,
            "recall_at_1": 0.03,
            "recall_at_3": 0.05,
            "recall_at_5": 0.06,
            "recall_at_10": 0.09,
            "recall_at_20": 0.18,
            "recall_at_50": 0.29,
            "recall_at_100": 0.45,
            "precision_at_1": 0.03,
            "precision_at_3": 0.01667,
            "precision_at_5": 0.012,
            "precision_at_10": 0.009,
            "precision_at_20": 0.009,
            "precision_at_50": 0.0058,
            "precision_at_100": 0.0045,
            "mrr_at_1": 0.03,
            "mrr_at_3": 0.03666666666666667,
            "mrr_at_5": 0.03866666666666667,
            "mrr_at_10": 0.043011904761904765,
            "mrr_at_20": 0.04903064479380268,
            "mrr_at_50": 0.052140998687437025,
            "mrr_at_100": 0.05431983042761567,
            "naucs_at_1_max": -0.3985332260084071,
            "naucs_at_1_std": -0.014488865038905289,
            "naucs_at_1_diff1": 0.08344513013147299,
            "naucs_at_3_max": -0.43708076200697615,
            "naucs_at_3_std": -0.1039441910383687,
            "naucs_at_3_diff1": -0.16479742420177082,
            "naucs_at_5_max": -0.4600214649852428,
            "naucs_at_5_std": -0.16988641445309005,
            "naucs_at_5_diff1": -0.17163044450406942,
            "naucs_at_10_max": -0.37232805652446116,
            "naucs_at_10_std": -0.03732522433890819,
            "naucs_at_10_diff1": -0.18841487046477642,
            "naucs_at_20_max": -0.3550503455776586,
            "naucs_at_20_std": -0.17826193733992932,
            "naucs_at_20_diff1": -0.2466582465003685,
            "naucs_at_50_max": -0.2077386920868647,
            "naucs_at_50_std": -0.015796052360479724,
            "naucs_at_50_diff1": -0.11869016386687353,
            "naucs_at_100_max": -0.04625155503175559,
            "naucs_at_100_std": -0.0772081450926472,
            "naucs_at_100_diff1": -0.04526942971256489
        }
    }
}