{
    "metadata": {
        "timestamp": "2025-03-29T23:37:33.609963",
        "vidore_benchmark_version": "5.0.0"
    },
    "metrics": {
        "vidore/tabfquad_test_subsampled": {
            "ndcg_at_1": 0.02857,
            "ndcg_at_3": 0.08248,
            "ndcg_at_5": 0.10753,
            "ndcg_at_10": 0.14812,
            "ndcg_at_20": 0.19775,
            "ndcg_at_50": 0.27439,
            "ndcg_at_100": 0.29313,
            "map_at_1": 0.02857,
            "map_at_3": 0.06905,
            "map_at_5": 0.08298,
            "map_at_10": 0.10049,
            "map_at_20": 0.11409,
            "map_at_50": 0.12613,
            "map_at_100": 0.12801,
            "recall_at_1": 0.02857,
            "recall_at_3": 0.12143,
            "recall_at_5": 0.18214,
            "recall_at_10": 0.30357,
            "recall_at_20": 0.5,
            "recall_at_50": 0.88929,
            "recall_at_100": 1.0,
            "precision_at_1": 0.02857,
            "precision_at_3": 0.04048,
            "precision_at_5": 0.03643,
            "precision_at_10": 0.03036,
            "precision_at_20": 0.025,
            "precision_at_50": 0.01779,
            "precision_at_100": 0.01,
            "mrr_at_1": 0.02857142857142857,
            "mrr_at_3": 0.06904761904761904,
            "mrr_at_5": 0.08297619047619048,
            "mrr_at_10": 0.10048894557823129,
            "mrr_at_20": 0.11408749687152495,
            "mrr_at_50": 0.12613191426398218,
            "mrr_at_100": 0.12801150030426203,
            "naucs_at_1_max": -0.12660987389321177,
            "naucs_at_1_std": 0.23993828816742713,
            "naucs_at_1_diff1": 0.39569358733565874,
            "naucs_at_3_max": 0.07260108427466046,
            "naucs_at_3_std": 0.06763289078366538,
            "naucs_at_3_diff1": 0.08571812215713584,
            "naucs_at_5_max": 0.06542021266690262,
            "naucs_at_5_std": 0.10716524826657252,
            "naucs_at_5_diff1": 0.010385047517955024,
            "naucs_at_10_max": 0.06783400370914522,
            "naucs_at_10_std": 0.23546809894265286,
            "naucs_at_10_diff1": -0.029114381367566698,
            "naucs_at_20_max": 0.021223945940801528,
            "naucs_at_20_std": 0.21437137146664126,
            "naucs_at_20_diff1": -0.051617968973065635,
            "naucs_at_50_max": -0.6131753149690367,
            "naucs_at_50_std": 0.19581464872944937,
            "naucs_at_50_diff1": -0.011515817089166462,
            "naucs_at_100_max": 1.0,
            "naucs_at_100_std": 1.0,
            "naucs_at_100_diff1": 1.0
        }
    }
}