{
    "metadata": {
        "timestamp": "2025-03-29T23:44:23.427150",
        "vidore_benchmark_version": "5.0.0"
    },
    "metrics": {
        "vidore/syntheticDocQA_government_reports_test": {
            "ndcg_at_1": 0.02,
            "ndcg_at_3": 0.025,
            "ndcg_at_5": 0.03361,
            "ndcg_at_10": 0.03984,
            "ndcg_at_20": 0.04738,
            "ndcg_at_50": 0.05541,
            "ndcg_at_100": 0.06334,
            "map_at_1": 0.02,
            "map_at_3": 0.02333,
            "map_at_5": 0.02833,
            "map_at_10": 0.03076,
            "map_at_20": 0.03281,
            "map_at_50": 0.03414,
            "map_at_100": 0.03478,
            "recall_at_1": 0.02,
            "recall_at_3": 0.03,
            "recall_at_5": 0.05,
            "recall_at_10": 0.07,
            "recall_at_20": 0.1,
            "recall_at_50": 0.14,
            "recall_at_100": 0.19,
            "precision_at_1": 0.02,
            "precision_at_3": 0.01,
            "precision_at_5": 0.01,
            "precision_at_10": 0.007,
            "precision_at_20": 0.005,
            "precision_at_50": 0.0028,
            "precision_at_100": 0.0019,
            "mrr_at_1": 0.02,
            "mrr_at_3": 0.023333333333333334,
            "mrr_at_5": 0.028333333333333335,
            "mrr_at_10": 0.030761904761904765,
            "mrr_at_20": 0.03280952380952381,
            "mrr_at_50": 0.03414111866969009,
            "mrr_at_100": 0.03478329812765903,
            "naucs_at_1_max": -0.2850818352562383,
            "naucs_at_1_std": -0.2621411322779716,
            "naucs_at_1_diff1": -0.053662463107056656,
            "naucs_at_3_max": -0.3284142742151865,
            "naucs_at_3_std": 0.15857257848135226,
            "naucs_at_3_diff1": -0.05929702173329757,
            "naucs_at_5_max": -0.14767909847061983,
            "naucs_at_5_std": -0.009712905822377322,
            "naucs_at_5_diff1": 0.11650120740541989,
            "naucs_at_10_max": -0.1449653110506343,
            "naucs_at_10_std": 0.029246042393345942,
            "naucs_at_10_diff1": 0.16769519720955214,
            "naucs_at_20_max": -0.1496914408371344,
            "naucs_at_20_std": -0.022108934800107324,
            "naucs_at_20_diff1": 0.002897773007781073,
            "naucs_at_50_max": -0.09841316984174144,
            "naucs_at_50_std": 0.16067716067716062,
            "naucs_at_50_diff1": -0.0030972888115746297,
            "naucs_at_100_max": -0.02954281774923097,
            "naucs_at_100_std": 0.06594589141290982,
            "naucs_at_100_diff1": -0.01578867721487079
        }
    }
}