{
    "metadata": {
        "description": "Merged metrics for blip2-flan-t5-xl on selected datasets",
        "datasets_included": [
            "arxivqa_test_subsampled",
            "docvqa_test_subsampled",
            "tabfquad_test_subsampled",
            "tatdqa_test"
        ],
        "timestamp": "2025-03-29T21:33:51.516724",
        "vidore_benchmark_version": "5.0.0"
    },
    "metrics": {
        "vidore/arxivqa_test_subsampled": {
            "ndcg_at_1": 0.002,
            "ndcg_at_3": 0.00579,
            "ndcg_at_5": 0.00819,
            "ndcg_at_10": 0.0088,
            "ndcg_at_20": 0.01601,
            "ndcg_at_50": 0.02882,
            "ndcg_at_100": 0.04592,
            "map_at_1": 0.002,
            "map_at_3": 0.005,
            "map_at_5": 0.0063,
            "map_at_10": 0.00652,
            "map_at_20": 0.00857,
            "map_at_50": 0.01051,
            "map_at_100": 0.01199,
            "recall_at_1": 0.002,
            "recall_at_3": 0.008,
            "recall_at_5": 0.014,
            "recall_at_10": 0.016,
            "recall_at_20": 0.044,
            "recall_at_50": 0.11,
            "recall_at_100": 0.216,
            "precision_at_1": 0.002,
            "precision_at_3": 0.00267,
            "precision_at_5": 0.0028,
            "precision_at_10": 0.0016,
            "precision_at_20": 0.0022,
            "precision_at_50": 0.0022,
            "precision_at_100": 0.00216,
            "mrr_at_1": 0.002,
            "mrr_at_3": 0.005,
            "mrr_at_5": 0.006300000000000001,
            "mrr_at_10": 0.006522222222222223,
            "mrr_at_20": 0.008461747402923875,
            "mrr_at_50": 0.010201667494992399,
            "mrr_at_100": 0.011763317178339207,
            "naucs_at_1_max": -0.0705661389857795,
            "naucs_at_1_std": 0.3238529648510868,
            "naucs_at_1_diff1": 0.6619264824255435,
            "naucs_at_3_max": -0.062114301046417915,
            "naucs_at_3_std": 0.11537429568017178,
            "naucs_at_3_diff1": 0.4365441373759057,
            "naucs_at_5_max": 0.29648510866648786,
            "naucs_at_5_std": 0.02119667292728736,
            "naucs_at_5_diff1": 0.6780252213576605,
            "naucs_at_10_max": 0.21961363026562938,
            "naucs_at_10_std": -0.021263751006171037,
            "naucs_at_10_diff1": 0.5675476254360077,
            "naucs_at_20_max": 0.021184476912944956,
            "naucs_at_20_std": -0.16069468497694944,
            "naucs_at_20_diff1": 0.22616288996755882,
            "naucs_at_50_max": 0.05875128972997456,
            "naucs_at_50_std": -0.014701663437098876,
            "naucs_at_50_diff1": 0.024581624178976885,
            "naucs_at_100_max": 0.07300003757562107,
            "naucs_at_100_std": 0.005774120417340072,
            "naucs_at_100_diff1": -0.03653602875787519
        },
        "vidore/docvqa_test_subsampled": {
            "ndcg_at_1": 0.00665,
            "ndcg_at_3": 0.00776,
            "ndcg_at_5": 0.01053,
            "ndcg_at_10": 0.0139,
            "ndcg_at_20": 0.01884,
            "ndcg_at_50": 0.03151,
            "ndcg_at_100": 0.04597,
            "map_at_1": 0.00665,
            "map_at_3": 0.00739,
            "map_at_5": 0.00894,
            "map_at_10": 0.01021,
            "map_at_20": 0.01151,
            "map_at_50": 0.0135,
            "map_at_100": 0.01469,
            "recall_at_1": 0.00665,
            "recall_at_3": 0.00887,
            "recall_at_5": 0.01552,
            "recall_at_10": 0.02661,
            "recall_at_20": 0.04656,
            "recall_at_50": 0.11086,
            "recall_at_100": 0.20177,
            "precision_at_1": 0.00665,
            "precision_at_3": 0.00296,
            "precision_at_5": 0.0031,
            "precision_at_10": 0.00266,
            "precision_at_20": 0.00233,
            "precision_at_50": 0.00222,
            "precision_at_100": 0.00202,
            "mrr_at_1": 0.0066518847006651885,
            "mrr_at_3": 0.007390983000739098,
            "mrr_at_5": 0.00894308943089431,
            "mrr_at_10": 0.010211874846021188,
            "mrr_at_20": 0.011707794799290822,
            "mrr_at_50": 0.01365450609583585,
            "mrr_at_100": 0.014846379690661595,
            "naucs_at_1_max": -0.021458155876825747,
            "naucs_at_1_std": -0.10661791430781258,
            "naucs_at_1_diff1": 0.27516723697351303,
            "naucs_at_3_max": -0.15943711860406246,
            "naucs_at_3_std": -0.2233069374273025,
            "naucs_at_3_diff1": 0.23102320371237145,
            "naucs_at_5_max": -0.19199442878374992,
            "naucs_at_5_std": 0.0023638505103632454,
            "naucs_at_5_diff1": 0.28752721029100986,
            "naucs_at_10_max": -0.1184774108046024,
            "naucs_at_10_std": 0.08790459593413172,
            "naucs_at_10_diff1": 0.26582381553435286,
            "naucs_at_20_max": -0.051327942970724856,
            "naucs_at_20_std": 0.009610104227735585,
            "naucs_at_20_diff1": 0.16919820079823464,
            "naucs_at_50_max": -0.10025254505403232,
            "naucs_at_50_std": -0.0373762561854882,
            "naucs_at_50_diff1": 0.11763052918422412,
            "naucs_at_100_max": -0.05303015993698232,
            "naucs_at_100_std": 0.0071192930372593385,
            "naucs_at_100_diff1": 0.06490417484297671
        },
        "vidore/tabfquad_test_subsampled": {
            "ndcg_at_1": 0.01071,
            "ndcg_at_3": 0.03992,
            "ndcg_at_5": 0.04853,
            "ndcg_at_10": 0.07515,
            "ndcg_at_20": 0.11339,
            "ndcg_at_50": 0.19295,
            "ndcg_at_100": 0.23874,
            "map_at_1": 0.01071,
            "map_at_3": 0.03274,
            "map_at_5": 0.03738,
            "map_at_10": 0.04773,
            "map_at_20": 0.05791,
            "map_at_50": 0.07016,
            "map_at_100": 0.0747,
            "recall_at_1": 0.01071,
            "recall_at_3": 0.06071,
            "recall_at_5": 0.08214,
            "recall_at_10": 0.16786,
            "recall_at_20": 0.32143,
            "recall_at_50": 0.72857,
            "recall_at_100": 1.0,
            "precision_at_1": 0.01071,
            "precision_at_3": 0.02024,
            "precision_at_5": 0.01643,
            "precision_at_10": 0.01679,
            "precision_at_20": 0.01607,
            "precision_at_50": 0.01457,
            "precision_at_100": 0.01,
            "mrr_at_1": 0.010714285714285714,
            "mrr_at_3": 0.03452380952380952,
            "mrr_at_5": 0.039166666666666676,
            "mrr_at_10": 0.04951530612244896,
            "mrr_at_20": 0.05969856589120741,
            "mrr_at_50": 0.07181054608512943,
            "mrr_at_100": 0.0762835207429685,
            "naucs_at_1_max": -0.5215097039620787,
            "naucs_at_1_std": -0.40667203291297754,
            "naucs_at_1_diff1": 0.03058760397102221,
            "naucs_at_3_max": 0.04102021812212932,
            "naucs_at_3_std": 0.05636136933979381,
            "naucs_at_3_diff1": 0.13014725611199668,
            "naucs_at_5_max": 0.050792687906114076,
            "naucs_at_5_std": 0.07466081823590477,
            "naucs_at_5_diff1": 0.10074544160707412,
            "naucs_at_10_max": 0.022647772583300953,
            "naucs_at_10_std": 0.11909752759060782,
            "naucs_at_10_diff1": 0.03113159513056374,
            "naucs_at_20_max": 0.029909755049420127,
            "naucs_at_20_std": 0.18444348947142253,
            "naucs_at_20_diff1": -0.08454376163873363,
            "naucs_at_50_max": 0.1481768867265048,
            "naucs_at_50_std": 0.1481139725414537,
            "naucs_at_50_diff1": -0.06508122920336694,
            "naucs_at_100_max": 1.0,
            "naucs_at_100_std": 1.0,
            "naucs_at_100_diff1": 1.0
        },
        "vidore/tatdqa_test": {
            "ndcg_at_1": 0.00365,
            "ndcg_at_3": 0.00639,
            "ndcg_at_5": 0.01005,
            "ndcg_at_10": 0.01574,
            "ndcg_at_20": 0.02527,