{
    "metadata": {
        "timestamp": "2025-03-29T21:33:51.516724",
        "vidore_benchmark_version": "5.0.0"
    },
    "metrics": {
        "vidore/docvqa_test_subsampled": {
            "ndcg_at_1": 0.00665,
            "ndcg_at_3": 0.00776,
            "ndcg_at_5": 0.01053,
            "ndcg_at_10": 0.0139,
            "ndcg_at_20": 0.01884,
            "ndcg_at_50": 0.03151,
            "ndcg_at_100": 0.04597,
            "map_at_1": 0.00665,
            "map_at_3": 0.00739,
            "map_at_5": 0.00894,
            "map_at_10": 0.01021,
            "map_at_20": 0.01151,
            "map_at_50": 0.0135,
            "map_at_100": 0.01469,
            "recall_at_1": 0.00665,
            "recall_at_3": 0.00887,
            "recall_at_5": 0.01552,
            "recall_at_10": 0.02661,
            "recall_at_20": 0.04656,
            "recall_at_50": 0.11086,
            "recall_at_100": 0.20177,
            "precision_at_1": 0.00665,
            "precision_at_3": 0.00296,
            "precision_at_5": 0.0031,
            "precision_at_10": 0.00266,
            "precision_at_20": 0.00233,
            "precision_at_50": 0.00222,
            "precision_at_100": 0.00202,
            "mrr_at_1": 0.0066518847006651885,
            "mrr_at_3": 0.007390983000739098,
            "mrr_at_5": 0.00894308943089431,
            "mrr_at_10": 0.010211874846021188,
            "mrr_at_20": 0.011707794799290822,
            "mrr_at_50": 0.01365450609583585,
            "mrr_at_100": 0.014846379690661595,
            "naucs_at_1_max": -0.021458155876825747,
            "naucs_at_1_std": -0.10661791430781258,
            "naucs_at_1_diff1": 0.27516723697351303,
            "naucs_at_3_max": -0.15943711860406246,
            "naucs_at_3_std": -0.2233069374273025,
            "naucs_at_3_diff1": 0.23102320371237145,
            "naucs_at_5_max": -0.19199442878374992,
            "naucs_at_5_std": 0.0023638505103632454,
            "naucs_at_5_diff1": 0.28752721029100986,
            "naucs_at_10_max": -0.1184774108046024,
            "naucs_at_10_std": 0.08790459593413172,
            "naucs_at_10_diff1": 0.26582381553435286,
            "naucs_at_20_max": -0.051327942970724856,
            "naucs_at_20_std": 0.009610104227735585,
            "naucs_at_20_diff1": 0.16919820079823464,
            "naucs_at_50_max": -0.10025254505403232,
            "naucs_at_50_std": -0.0373762561854882,
            "naucs_at_50_diff1": 0.11763052918422412,
            "naucs_at_100_max": -0.05303015993698232,
            "naucs_at_100_std": 0.0071192930372593385,
            "naucs_at_100_diff1": 0.06490417484297671
        }
    }
}