{
    "metadata": {
        "timestamp": "2025-03-29T21:39:58.743564",
        "vidore_benchmark_version": "5.0.0"
    },
    "metrics": {
        "vidore/tatdqa_test": {
            "ndcg_at_1": 0.00365,
            "ndcg_at_3": 0.00639,
            "ndcg_at_5": 0.01005,
            "ndcg_at_10": 0.01574,
            "ndcg_at_20": 0.02527,
            "ndcg_at_50": 0.04598,
            "ndcg_at_100": 0.07461,
            "map_at_1": 0.00365,
            "map_at_3": 0.00567,
            "map_at_5": 0.00764,
            "map_at_10": 0.00998,
            "map_at_20": 0.01252,
            "map_at_50": 0.01574,
            "map_at_100": 0.01819,
            "recall_at_1": 0.00365,
            "recall_at_3": 0.00851,
            "recall_at_5": 0.01762,
            "recall_at_10": 0.03524,
            "recall_at_20": 0.07351,
            "recall_at_50": 0.17922,
            "recall_at_100": 0.35723,
            "precision_at_1": 0.00365,
            "precision_at_3": 0.00284,
            "precision_at_5": 0.00352,
            "precision_at_10": 0.00352,
            "precision_at_20": 0.00368,
            "precision_at_50": 0.00358,
            "precision_at_100": 0.00357,
            "mrr_at_1": 0.0036452004860267314,
            "mrr_at_3": 0.005670311867152693,
            "mrr_at_5": 0.007644795463750505,
            "mrr_at_10": 0.00997753090705703,
            "mrr_at_20": 0.012516599063636814,
            "mrr_at_50": 0.015712244683001836,
            "mrr_at_100": 0.018169458514264516,
            "naucs_at_1_max": 0.1459261453496174,
            "naucs_at_1_std": 0.04557738003552739,
            "naucs_at_1_diff1": -0.29325138998144273,
            "naucs_at_3_max": 0.13768456930476117,
            "naucs_at_3_std": -0.10117525573393313,
            "naucs_at_3_diff1": -0.036387797691957276,
            "naucs_at_5_max": 0.07838686552638273,
            "naucs_at_5_std": -0.11238951107595185,
            "naucs_at_5_diff1": -0.03599707179319985,
            "naucs_at_10_max": 0.012203098965635286,
            "naucs_at_10_std": -0.10735321564826016,
            "naucs_at_10_diff1": -0.03608101102412744,
            "naucs_at_20_max": -0.007052162444913915,
            "naucs_at_20_std": -0.04192271554197627,
            "naucs_at_20_diff1": -0.01800982618393124,
            "naucs_at_50_max": -0.04774279803036082,
            "naucs_at_50_std": 0.04612022592111845,
            "naucs_at_50_diff1": -1.8731743604057267e-05,
            "naucs_at_100_max": -0.022556526589476645,
            "naucs_at_100_std": -0.00940350140223409,
            "naucs_at_100_diff1": 0.0022609824398336295
        }
    }
}