{
    "metadata": {
        "timestamp": "2025-03-29T21:42:14.059932",
        "vidore_benchmark_version": "5.0.0"
    },
    "metrics": {
        "vidore/shiftproject_test": {
            "ndcg_at_1": 0.0,
            "ndcg_at_3": 0.005,
            "ndcg_at_5": 0.005,
            "ndcg_at_10": 0.005,
            "ndcg_at_20": 0.00745,
            "ndcg_at_50": 0.01354,
            "ndcg_at_100": 0.02792,
            "map_at_1": 0.0,
            "map_at_3": 0.00333,
            "map_at_5": 0.00333,
            "map_at_10": 0.00333,
            "map_at_20": 0.00396,
            "map_at_50": 0.00499,
            "map_at_100": 0.0062,
            "recall_at_1": 0.0,
            "recall_at_3": 0.01,
            "recall_at_5": 0.01,
            "recall_at_10": 0.01,
            "recall_at_20": 0.02,
            "recall_at_50": 0.05,
            "recall_at_100": 0.14,
            "precision_at_1": 0.0,
            "precision_at_3": 0.00333,
            "precision_at_5": 0.002,
            "precision_at_10": 0.001,
            "precision_at_20": 0.001,
            "precision_at_50": 0.001,
            "precision_at_100": 0.0014,
            "mrr_at_1": 0.0,
            "mrr_at_3": 0.003333333333333333,
            "mrr_at_5": 0.003333333333333333,
            "mrr_at_10": 0.003333333333333333,
            "mrr_at_20": 0.003958333333333333,
            "mrr_at_50": 0.004637018381053375,
            "mrr_at_100": 0.0063970878675110796,
            "naucs_at_1_max": NaN,
            "naucs_at_1_std": NaN,
            "naucs_at_1_diff1": NaN,
            "naucs_at_3_max": -0.318486718540381,
            "naucs_at_3_std": -0.318486718540381,
            "naucs_at_3_diff1": -0.318486718540381,
            "naucs_at_5_max": -0.3184867185403811,
            "naucs_at_5_std": -0.3184867185403811,
            "naucs_at_5_diff1": -0.3184867185403811,
            "naucs_at_10_max": -0.3184867185403811,
            "naucs_at_10_std": -0.3184867185403811,
            "naucs_at_10_diff1": -0.3184867185403811,
            "naucs_at_20_max": 0.3407566407298095,
            "naucs_at_20_std": 0.3407566407298095,
            "naucs_at_20_diff1": -0.4466058492084788,
            "naucs_at_50_max": -0.20853233163402213,
            "naucs_at_50_std": -0.17848135229407044,
            "naucs_at_50_diff1": 0.13962972900456116,
            "naucs_at_100_max": -0.2603207603207605,
            "naucs_at_100_std": -0.23106623106623123,
            "naucs_at_100_diff1": 0.09648266791123926
        }
    }
}