{
    "metadata": {
        "timestamp": "2025-03-29T21:35:02.666400",
        "vidore_benchmark_version": "5.0.0"
    },
    "metrics": {
        "vidore/infovqa_test_subsampled": {
            "ndcg_at_1": 0.0,
            "ndcg_at_3": 0.0033,
            "ndcg_at_5": 0.00487,
            "ndcg_at_10": 0.01129,
            "ndcg_at_20": 0.01498,
            "ndcg_at_50": 0.03143,
            "ndcg_at_100": 0.04967,
            "map_at_1": 0.0,
            "map_at_3": 0.00236,
            "map_at_5": 0.00317,
            "map_at_10": 0.00576,
            "map_at_20": 0.00683,
            "map_at_50": 0.00931,
            "map_at_100": 0.01087,
            "recall_at_1": 0.0,
            "recall_at_3": 0.00607,
            "recall_at_5": 0.01012,
            "recall_at_10": 0.03036,
            "recall_at_20": 0.04453,
            "recall_at_50": 0.12955,
            "recall_at_100": 0.24291,
            "precision_at_1": 0.0,
            "precision_at_3": 0.00202,
            "precision_at_5": 0.00202,
            "precision_at_10": 0.00304,
            "precision_at_20": 0.00223,
            "precision_at_50": 0.00259,
            "precision_at_100": 0.00243,
            "mrr_at_1": 0.0,
            "mrr_at_3": 0.002361673414304993,
            "mrr_at_5": 0.003171390013495276,
            "mrr_at_10": 0.005760394576184051,
            "mrr_at_20": 0.006830997949419002,
            "mrr_at_50": 0.00935895530585209,
            "mrr_at_100": 0.010922453490629218,
            "naucs_at_1_max": NaN,
            "naucs_at_1_std": NaN,
            "naucs_at_1_diff1": NaN,
            "naucs_at_3_max": -0.18195530119490425,
            "naucs_at_3_std": -0.2746075364672489,
            "naucs_at_3_diff1": 0.47373306772512475,
            "naucs_at_5_max": 0.042402581220053644,
            "naucs_at_5_std": -0.1592349135779258,
            "naucs_at_5_diff1": 0.22911259675256915,
            "naucs_at_10_max": 0.3117828744859902,
            "naucs_at_10_std": -0.08250042348332853,
            "naucs_at_10_diff1": 0.22202322647178027,
            "naucs_at_20_max": 0.2956759411442133,
            "naucs_at_20_std": -0.01575275505705448,
            "naucs_at_20_diff1": 0.11262982104815936,
            "naucs_at_50_max": 0.17042430730283328,
            "naucs_at_50_std": 0.007164899684080432,
            "naucs_at_50_diff1": 0.007749079509983121,
            "naucs_at_100_max": 0.0836604711429522,
            "naucs_at_100_std": -0.06329293495723137,
            "naucs_at_100_diff1": -0.026633479901843365
        }
    }
}