{
    "metadata": {
        "timestamp": "2025-03-29T21:48:32.073994",
        "vidore_benchmark_version": "5.0.0"
    },
    "metrics": {
        "vidore/syntheticDocQA_government_reports_test": {
            "ndcg_at_1": 0.0,
            "ndcg_at_3": 0.0,
            "ndcg_at_5": 0.0,
            "ndcg_at_10": 0.0,
            "ndcg_at_20": 0.00463,
            "ndcg_at_50": 0.00882,
            "ndcg_at_100": 0.02017,
            "map_at_1": 0.0,
            "map_at_3": 0.0,
            "map_at_5": 0.0,
            "map_at_10": 0.0,
            "map_at_20": 0.00105,
            "map_at_50": 0.00182,
            "map_at_100": 0.00282,
            "recall_at_1": 0.0,
            "recall_at_3": 0.0,
            "recall_at_5": 0.0,
            "recall_at_10": 0.0,
            "recall_at_20": 0.02,
            "recall_at_50": 0.04,
            "recall_at_100": 0.11,
            "precision_at_1": 0.0,
            "precision_at_3": 0.0,
            "precision_at_5": 0.0,
            "precision_at_10": 0.0,
            "precision_at_20": 0.001,
            "precision_at_50": 0.0008,
            "precision_at_100": 0.0011,
            "mrr_at_1": 0.0,
            "mrr_at_3": 0.0,
            "mrr_at_5": 0.0,
            "mrr_at_10": 0.0,
            "mrr_at_20": 0.0010526315789473684,
            "mrr_at_50": 0.0018196770334928231,
            "mrr_at_100": 0.0028162346717410802,
            "naucs_at_1_max": NaN,
            "naucs_at_1_std": NaN,
            "naucs_at_1_diff1": NaN,
            "naucs_at_3_max": NaN,
            "naucs_at_3_std": NaN,
            "naucs_at_3_diff1": NaN,
            "naucs_at_5_max": NaN,
            "naucs_at_5_std": NaN,
            "naucs_at_5_diff1": NaN,
            "naucs_at_10_max": NaN,
            "naucs_at_10_std": NaN,
            "naucs_at_10_diff1": NaN,
            "naucs_at_20_max": 0.492889723638315,
            "naucs_at_20_std": -0.4573383418298901,
            "naucs_at_20_diff1": 0.21263751006171183,
            "naucs_at_50_max": 0.1837268580627852,
            "naucs_at_50_std": -0.42379930238797986,
            "naucs_at_50_diff1": 0.13583310973973703,
            "naucs_at_100_max": 0.020761506907919707,
            "naucs_at_100_std": -0.23894607041296528,
            "naucs_at_100_diff1": -0.0677202607141958
        }
    }
}