{
    "metadata": {
        "timestamp": "2025-03-29T21:35:30.682667",
        "vidore_benchmark_version": "5.0.0"
    },
    "metrics": {
        "vidore/tabfquad_test_subsampled": {
            "ndcg_at_1": 0.01071,
            "ndcg_at_3": 0.03992,
            "ndcg_at_5": 0.04853,
            "ndcg_at_10": 0.07515,
            "ndcg_at_20": 0.11339,
            "ndcg_at_50": 0.19295,
            "ndcg_at_100": 0.23874,
            "map_at_1": 0.01071,
            "map_at_3": 0.03274,
            "map_at_5": 0.03738,
            "map_at_10": 0.04773,
            "map_at_20": 0.05791,
            "map_at_50": 0.07016,
            "map_at_100": 0.0747,
            "recall_at_1": 0.01071,
            "recall_at_3": 0.06071,
            "recall_at_5": 0.08214,
            "recall_at_10": 0.16786,
            "recall_at_20": 0.32143,
            "recall_at_50": 0.72857,
            "recall_at_100": 1.0,
            "precision_at_1": 0.01071,
            "precision_at_3": 0.02024,
            "precision_at_5": 0.01643,
            "precision_at_10": 0.01679,
            "precision_at_20": 0.01607,
            "precision_at_50": 0.01457,
            "precision_at_100": 0.01,
            "mrr_at_1": 0.010714285714285714,
            "mrr_at_3": 0.03452380952380952,
            "mrr_at_5": 0.039166666666666676,
            "mrr_at_10": 0.04951530612244896,
            "mrr_at_20": 0.05969856589120741,
            "mrr_at_50": 0.07181054608512943,
            "mrr_at_100": 0.0762835207429685,
            "naucs_at_1_max": -0.5215097039620787,
            "naucs_at_1_std": -0.40667203291297754,
            "naucs_at_1_diff1": 0.03058760397102221,
            "naucs_at_3_max": 0.04102021812212932,
            "naucs_at_3_std": 0.05636136933979381,
            "naucs_at_3_diff1": 0.13014725611199668,
            "naucs_at_5_max": 0.050792687906114076,
            "naucs_at_5_std": 0.07466081823590477,
            "naucs_at_5_diff1": 0.10074544160707412,
            "naucs_at_10_max": 0.022647772583300953,
            "naucs_at_10_std": 0.11909752759060782,
            "naucs_at_10_diff1": 0.03113159513056374,
            "naucs_at_20_max": 0.029909755049420127,
            "naucs_at_20_std": 0.18444348947142253,
            "naucs_at_20_diff1": -0.08454376163873363,
            "naucs_at_50_max": 0.1481768867265048,
            "naucs_at_50_std": 0.1481139725414537,
            "naucs_at_50_diff1": -0.06508122920336694,
            "naucs_at_100_max": 1.0,
            "naucs_at_100_std": 1.0,
            "naucs_at_100_diff1": 1.0
        }
    }
}