{
    "metadata": {
        "timestamp": "2025-03-29T21:46:23.971314",
        "vidore_benchmark_version": "5.0.0"
    },
    "metrics": {
        "vidore/syntheticDocQA_energy_test": {
            "ndcg_at_1": 0.0,
            "ndcg_at_3": 0.0,
            "ndcg_at_5": 0.0,
            "ndcg_at_10": 0.0,
            "ndcg_at_20": 0.00472,
            "ndcg_at_50": 0.00855,
            "ndcg_at_100": 0.02122,
            "map_at_1": 0.0,
            "map_at_3": 0.0,
            "map_at_5": 0.0,
            "map_at_10": 0.0,
            "map_at_20": 0.00113,
            "map_at_50": 0.00168,
            "map_at_100": 0.0027,
            "recall_at_1": 0.0,
            "recall_at_3": 0.0,
            "recall_at_5": 0.0,
            "recall_at_10": 0.0,
            "recall_at_20": 0.02,
            "recall_at_50": 0.04,
            "recall_at_100": 0.12,
            "precision_at_1": 0.0,
            "precision_at_3": 0.0,
            "precision_at_5": 0.0,
            "precision_at_10": 0.0,
            "precision_at_20": 0.001,
            "precision_at_50": 0.0008,
            "precision_at_100": 0.0012,
            "mrr_at_1": 0.0,
            "mrr_at_3": 0.0,
            "mrr_at_5": 0.0,
            "mrr_at_10": 0.0,
            "mrr_at_20": 0.0011250000000000001,
            "mrr_at_50": 0.0016755279034690802,
            "mrr_at_100": 0.002827637285513053,
            "naucs_at_1_max": NaN,
            "naucs_at_1_std": NaN,
            "naucs_at_1_diff1": NaN,
            "naucs_at_3_max": NaN,
            "naucs_at_3_std": NaN,
            "naucs_at_3_diff1": NaN,
            "naucs_at_5_max": NaN,
            "naucs_at_5_std": NaN,
            "naucs_at_5_diff1": NaN,
            "naucs_at_10_max": NaN,
            "naucs_at_10_std": NaN,
            "naucs_at_10_diff1": NaN,
            "naucs_at_20_max": -0.5371612557016369,
            "naucs_at_20_std": -0.5747249798765764,
            "naucs_at_20_diff1": 1.0,
            "naucs_at_50_max": 0.062382613361953186,
            "naucs_at_50_std": -0.05500402468473314,
            "naucs_at_50_diff1": 0.6900992755567484,
            "naucs_at_100_max": 0.0935930243578808,
            "naucs_at_100_std": 0.01964268789688173,
            "naucs_at_100_diff1": 0.3167472277509242
        }
    }
}