{
    "metadata": {
        "timestamp": "2025-03-29T21:44:22.265066",
        "vidore_benchmark_version": "5.0.0"
    },
    "metrics": {
        "vidore/syntheticDocQA_artificial_intelligence_test": {
            "ndcg_at_1": 0.0,
            "ndcg_at_3": 0.0,
            "ndcg_at_5": 0.0,
            "ndcg_at_10": 0.0,
            "ndcg_at_20": 0.0024,
            "ndcg_at_50": 0.00416,
            "ndcg_at_100": 0.0106,
            "map_at_1": 0.0,
            "map_at_3": 0.0,
            "map_at_5": 0.0,
            "map_at_10": 0.0,
            "map_at_20": 0.00059,
            "map_at_50": 0.00079,
            "map_at_100": 0.00134,
            "recall_at_1": 0.0,
            "recall_at_3": 0.0,
            "recall_at_5": 0.0,
            "recall_at_10": 0.0,
            "recall_at_20": 0.01,
            "recall_at_50": 0.02,
            "recall_at_100": 0.06,
            "precision_at_1": 0.0,
            "precision_at_3": 0.0,
            "precision_at_5": 0.0,
            "precision_at_10": 0.0,
            "precision_at_20": 0.0005,
            "precision_at_50": 0.0004,
            "precision_at_100": 0.0006,
            "mrr_at_1": 0.0,
            "mrr_at_3": 0.0,
            "mrr_at_5": 0.0,
            "mrr_at_10": 0.0,
            "mrr_at_20": 0.000588235294117647,
            "mrr_at_50": 0.0007882352941176471,
            "mrr_at_100": 0.0013395653569070964,
            "naucs_at_1_max": NaN,
            "naucs_at_1_std": NaN,
            "naucs_at_1_diff1": NaN,
            "naucs_at_3_max": NaN,
            "naucs_at_3_std": NaN,
            "naucs_at_3_diff1": NaN,
            "naucs_at_5_max": NaN,
            "naucs_at_5_std": NaN,
            "naucs_at_5_diff1": NaN,
            "naucs_at_10_max": NaN,
            "naucs_at_10_std": NaN,
            "naucs_at_10_diff1": NaN,
            "naucs_at_20_max": 0.6619264824255435,
            "naucs_at_20_std": 0.6619264824255435,
            "naucs_at_20_diff1": -0.5747249798765764,
            "naucs_at_50_max": 0.04360075127448339,
            "naucs_at_50_std": 0.04360075127448339,
            "naucs_at_50_diff1": -0.32264555943117806,
            "naucs_at_100_max": 0.06139880153832389,
            "naucs_at_100_std": -0.031705571952419485,
            "naucs_at_100_diff1": -0.09462480994544334
        }
    }
}