{
    "metadata": {
        "timestamp": "2025-03-29T21:50:38.487740",
        "vidore_benchmark_version": "5.0.0"
    },
    "metrics": {
        "vidore/syntheticDocQA_healthcare_industry_test": {
            "ndcg_at_1": 0.0,
            "ndcg_at_3": 0.0,
            "ndcg_at_5": 0.0,
            "ndcg_at_10": 0.0,
            "ndcg_at_20": 0.00235,
            "ndcg_at_50": 0.00417,
            "ndcg_at_100": 0.01231,
            "map_at_1": 0.0,
            "map_at_3": 0.0,
            "map_at_5": 0.0,
            "map_at_10": 0.0,
            "map_at_20": 0.00056,
            "map_at_50": 0.00078,
            "map_at_100": 0.00151,
            "recall_at_1": 0.0,
            "recall_at_3": 0.0,
            "recall_at_5": 0.0,
            "recall_at_10": 0.0,
            "recall_at_20": 0.01,
            "recall_at_50": 0.02,
            "recall_at_100": 0.07,
            "precision_at_1": 0.0,
            "precision_at_3": 0.0,
            "precision_at_5": 0.0,
            "precision_at_10": 0.0,
            "precision_at_20": 0.0005,
            "precision_at_50": 0.0004,
            "precision_at_100": 0.0007,
            "mrr_at_1": 0.0,
            "mrr_at_3": 0.0,
            "mrr_at_5": 0.0,
            "mrr_at_10": 0.0,
            "mrr_at_20": 0.0005555555555555556,
            "mrr_at_50": 0.0007828282828282829,
            "mrr_at_100": 0.0015051330947817149,
            "naucs_at_1_max": NaN,
            "naucs_at_1_std": NaN,
            "naucs_at_1_diff1": NaN,
            "naucs_at_3_max": NaN,
            "naucs_at_3_std": NaN,
            "naucs_at_3_diff1": NaN,
            "naucs_at_5_max": NaN,
            "naucs_at_5_std": NaN,
            "naucs_at_5_diff1": NaN,
            "naucs_at_10_max": NaN,
            "naucs_at_10_std": NaN,
            "naucs_at_10_diff1": NaN,
            "naucs_at_20_max": -0.4995975315266972,
            "naucs_at_20_std": -0.5747249798765764,
            "naucs_at_20_diff1": 0.6619264824255435,
            "naucs_at_50_max": -0.4090421250335392,
            "naucs_at_50_std": -0.3902602629460694,
            "naucs_at_50_diff1": 0.04360075127448339,
            "naucs_at_100_max": -0.0675763731841008,
            "naucs_at_100_std": -0.10084710031047595,
            "naucs_at_100_diff1": 0.02460807236766452
        }
    }