{
    "metadata": {
        "timestamp": "",
        "vidore_benchmark_version": "5.0.0"
    },
    "metrics": {
        "vidore/arxivqa_test_subsampled": {
            "ndcg_at_1": 0.002,
            "ndcg_at_3": 0.00579,
            "ndcg_at_5": 0.00819,
            "ndcg_at_10": 0.0088,
            "ndcg_at_20": 0.01601,
            "ndcg_at_50": 0.02882,
            "ndcg_at_100": 0.04592,
            "map_at_1": 0.002,
            "map_at_3": 0.005,
            "map_at_5": 0.0063,
            "map_at_10": 0.00652,
            "map_at_20": 0.00857,
            "map_at_50": 0.01051,
            "map_at_100": 0.01199,
            "recall_at_1": 0.002,
            "recall_at_3": 0.008,
            "recall_at_5": 0.014,
            "recall_at_10": 0.016,
            "recall_at_20": 0.044,
            "recall_at_50": 0.11,
            "recall_at_100": 0.216,
            "precision_at_1": 0.002,
            "precision_at_3": 0.00267,
            "precision_at_5": 0.0028,
            "precision_at_10": 0.0016,
            "precision_at_20": 0.0022,
            "precision_at_50": 0.0022,
            "precision_at_100": 0.00216,
            "mrr_at_1": 0.002,
            "mrr_at_3": 0.005,
            "mrr_at_5": 0.006300000000000001,
            "mrr_at_10": 0.006522222222222223,
            "mrr_at_20": 0.008461747402923875,
            "mrr_at_50": 0.010201667494992399,
            "mrr_at_100": 0.011763317178339207,
            "naucs_at_1_max": -0.0705661389857795,
            "naucs_at_1_std": 0.3238529648510868,
            "naucs_at_1_diff1": 0.6619264824255435,
            "naucs_at_3_max": -0.062114301046417915,
            "naucs_at_3_std": 0.11537429568017178,
            "naucs_at_3_diff1": 0.4365441373759057,
            "naucs_at_5_max": 0.29648510866648786,
            "naucs_at_5_std": 0.02119667292728736,
            "naucs_at_5_diff1": 0.6780252213576605,
            "naucs_at_10_max": 0.21961363026562938,
            "naucs_at_10_std": -0.021263751006171037,
            "naucs_at_10_diff1": 0.5675476254360077,
            "naucs_at_20_max": 0.021184476912944956,
            "naucs_at_20_std": -0.16069468497694944,
            "naucs_at_20_diff1": 0.22616288996755882,
            "naucs_at_50_max": 0.05875128972997456,
            "naucs_at_50_std": -0.014701663437098876,
            "naucs_at_50_diff1": 0.024581624178976885,
            "naucs_at_100_max": 0.07300003757562107,
            "naucs_at_100_std": 0.005774120417340072,
            "naucs_at_100_diff1": -0.03653602875787519
        }
    }
}