{
    "metadata": {
        "description": "Merged metrics for vit_google_vit-base-patch16-224-in21k on selected datasets",
        "datasets_included": [
            "arxivqa_test_subsampled",
            "docvqa_test_subsampled",
            "tabfquad_test_subsampled",
            "tatdqa_test"
        ],
        "timestamp": "2025-03-30T04:21:19.804047",
        "vidore_benchmark_version": "5.0.0"
    },
    "metrics": {
        "vidore/arxivqa_test_subsampled": {
            "ndcg_at_1": 0.002,
            "ndcg_at_3": 0.00526,
            "ndcg_at_5": 0.00853,
            "ndcg_at_10": 0.01177,
            "ndcg_at_20": 0.01417,
            "ndcg_at_50": 0.02762,
            "ndcg_at_100": 0.04535,
            "map_at_1": 0.002,
            "map_at_3": 0.00433,
            "map_at_5": 0.00613,
            "map_at_10": 0.00747,
            "map_at_20": 0.00806,
            "map_at_50": 0.0102,
            "map_at_100": 0.01173,
            "recall_at_1": 0.002,
            "recall_at_3": 0.008,
            "recall_at_5": 0.016,
            "recall_at_10": 0.026,
            "recall_at_20": 0.036,
            "recall_at_50": 0.104,
            "recall_at_100": 0.214,
            "precision_at_1": 0.002,
            "precision_at_3": 0.00267,
            "precision_at_5": 0.0032,
            "precision_at_10": 0.0026,
            "precision_at_20": 0.0018,
            "precision_at_50": 0.00208,
            "precision_at_100": 0.00214,
            "mrr_at_1": 0.002,
            "mrr_at_3": 0.004333333333333333,
            "mrr_at_5": 0.006133333333333333,
            "mrr_at_10": 0.007474603174603175,
            "mrr_at_20": 0.008064180057988106,
            "mrr_at_50": 0.010199943191010063,
            "mrr_at_100": 0.011731134040728747,
            "naucs_at_1_max": -0.20579554601556224,
            "naucs_at_1_std": 0.6619264824255435,
            "naucs_at_1_diff1": -0.20579554601556224,
            "naucs_at_3_max": -0.1693721491816474,
            "naucs_at_3_std": -0.0010061711832573214,
            "naucs_at_3_diff1": 0.015159645827743545,
            "naucs_at_5_max": 0.10108666487791802,
            "naucs_at_5_std": -0.008418298899919376,
            "naucs_at_5_diff1": 0.1546149718272071,
            "naucs_at_10_max": 0.1783244927865263,
            "naucs_at_10_std": 0.05285752616045066,
            "naucs_at_10_diff1": 0.06868795277703214,
            "naucs_at_20_max": 0.07345794949765964,
            "naucs_at_20_std": -0.0626807381569926,
            "naucs_at_20_diff1": 0.10200339862266333,
            "naucs_at_50_max": 0.04439472198406558,
            "naucs_at_50_std": 0.021439325819200748,
            "naucs_at_50_diff1": -0.014993412935739536,
            "naucs_at_100_max": 0.00706272846999367,
            "naucs_at_100_std": 0.026082118755677387,
            "naucs_at_100_diff1": 0.0016595997472883138
        },
        "vidore/docvqa_test_subsampled": {
            "ndcg_at_1": 0.0,
            "ndcg_at_3": 0.00251,
            "ndcg_at_5": 0.00518,
            "ndcg_at_10": 0.00807,
            "ndcg_at_20": 0.01317,
            "ndcg_at_50": 0.02585,
            "ndcg_at_100": 0.04102,
            "map_at_1": 0.0,
            "map_at_3": 0.00185,
            "map_at_5": 0.00329,
            "map_at_10": 0.0045,
            "map_at_20": 0.00593,
            "map_at_50": 0.00792,
            "map_at_100": 0.00917,
            "recall_at_1": 0.0,
            "recall_at_3": 0.00443,
            "recall_at_5": 0.01109,
            "recall_at_10": 0.01996,
            "recall_at_20": 0.03991,
            "recall_at_50": 0.10421,
            "recall_at_100": 0.19956,
            "precision_at_1": 0.0,
            "precision_at_3": 0.00148,
            "precision_at_5": 0.00222,
            "precision_at_10": 0.002,
            "precision_at_20": 0.002,
            "precision_at_50": 0.00208,
            "precision_at_100": 0.002,
            "mrr_at_1": 0.0,
            "mrr_at_3": 0.0018477457501847744,
            "mrr_at_5": 0.003288987435328899,
            "mrr_at_10": 0.004496181325449618,
            "mrr_at_20": 0.005931109575916781,
            "mrr_at_50": 0.007919014779797418,
            "mrr_at_100": 0.009125370236762903,
            "naucs_at_1_max": null,
            "naucs_at_1_std": null,
            "naucs_at_1_diff1": null,
            "naucs_at_3_max": 0.09859110392894707,
            "naucs_at_3_std": 0.12390151965419864,
            "naucs_at_3_diff1": 0.12390151965419864,
            "naucs_at_5_max": 0.04901361464503908,
            "naucs_at_5_std": 0.31837599435778824,
            "naucs_at_5_diff1": -0.12822969764267728,
            "naucs_at_10_max": 0.11738719734064462,
            "naucs_at_10_std": 0.2587071427633271,
            "naucs_at_10_diff1": -0.12627884203962886,
            "naucs_at_20_max": 0.11579749690049208,
            "naucs_at_20_std": 0.1526831267680011,
            "naucs_at_20_diff1": 0.029031016961733734,
            "naucs_at_50_max": -0.0642236745566932,
            "naucs_at_50_std": -0.05343564075091704,
            "naucs_at_50_diff1": 0.05474751007714306,
            "naucs_at_100_max": -0.09011278816010683,
            "naucs_at_100_std": -0.07413357788810378,
            "naucs_at_100_diff1": -0.01798585825338516
        },
        "vidore/tabfquad_test_subsampled": {
            "ndcg_at_1": 0.00714,
            "ndcg_at_3": 0.0219,
            "ndcg_at_5": 0.0305,
            "ndcg_at_10": 0.04592,
            "ndcg_at_20": 0.09353,
            "ndcg_at_50": 0.17515,
            "ndcg_at_100": 0.22341,
            "map_at_1": 0.00714,
            "map_at_3": 0.01726,
            "map_at_5": 0.0219,
            "map_at_10": 0.0285,
            "map_at_20": 0.04096,
            "map_at_50": 0.05352,
            "map_at_100": 0.05833,
            "recall_at_1": 0.00714,
            "recall_at_3": 0.03571,
            "recall_at_5": 0.05714,
            "recall_at_10": 0.10357,
            "recall_at_20": 0.29643,
            "recall_at_50": 0.71429,
            "recall_at_100": 1.0,
            "precision_at_1": 0.00714,
            "precision_at_3": 0.0119,
            "precision_at_5": 0.01143,
            "precision_at_10": 0.01036,
            "precision_at_20": 0.01482,
            "precision_at_50": 0.01429,
            "precision_at_100": 0.01,
            "mrr_at_1": 0.007142857142857143,
            "mrr_at_3": 0.01726190476190476,
            "mrr_at_5": 0.021904761904761903,
            "mrr_at_10": 0.02850481859410431,
            "mrr_at_20": 0.04095609709041266,
            "mrr_at_50": 0.05352228335063072,
            "mrr_at_100": 0.05831724675128901,
            "naucs_at_1_max": 0.22806546820499063,
            "naucs_at_1_std": -0.31043734907432263,
            "naucs_at_1_diff1": 0.8309632412127719,
            "naucs_at_3_max": 0.014757177354440496,
            "naucs_at_3_std": -0.02951435470888119,
            "naucs_at_3_diff1": 0.04467400053662464,
            "naucs_at_5_max": -0.04509323852964843,
            "naucs_at_5_std": -0.03261671585725771,
            "naucs_at_5_diff1": 0.050543332438959025,
            "naucs_at_10_max": -0.08383026127332138,
            "naucs_at_10_std": -0.11562116772605152,
            "naucs_at_10_diff1": -0.025350345899291468,
            "naucs_at_20_max": -0.026788531266229827,
            "naucs_at_20_std": -0.054309997524523854,
            "naucs_at_20_diff1": -0.10770746671455798,
            "naucs_at_50_max": -0.02426963280621831,
            "naucs_at_50_std": -0.10286116322701638,
            "naucs_at_50_diff1": -0.041007772715089645,
            "naucs_at_100_max": 1.0,
            "naucs_at_100_std": 1.0,
            "naucs_at_100_diff1": 1.0
        },
        "vidore/tatdqa_test": {
            "ndcg_at_1": 0.00243,
            "ndcg_at_3": 0.00579,
            "ndcg_at_5": 0.00929,
            "ndcg_at_10": 0.01746,
            "ndcg_at_20": 0.02562,
            "ndcg_at_50": 0.04651,