{
    "metadata": {
        "timestamp": "2025-03-30T04:40:45.605031",
        "vidore_benchmark_version": "5.0.0"
    },
    "metrics": {
        "vidore/syntheticDocQA_energy_test": {
            "ndcg_at_1": 0.0,
            "ndcg_at_3": 0.0,
            "ndcg_at_5": 0.00431,
            "ndcg_at_10": 0.00431,
            "ndcg_at_20": 0.0092,
            "ndcg_at_50": 0.02835,
            "ndcg_at_100": 0.0314,
            "map_at_1": 0.0,
            "map_at_3": 0.0,
            "map_at_5": 0.0025,
            "map_at_10": 0.0025,
            "map_at_20": 0.00375,
            "map_at_50": 0.00654,
            "map_at_100": 0.00675,
            "recall_at_1": 0.0,
            "recall_at_3": 0.0,
            "recall_at_5": 0.01,
            "recall_at_10": 0.01,
            "recall_at_20": 0.03,
            "recall_at_50": 0.13,
            "recall_at_100": 0.15,
            "precision_at_1": 0.0,
            "precision_at_3": 0.0,
            "precision_at_5": 0.002,
            "precision_at_10": 0.001,
            "precision_at_20": 0.0015,
            "precision_at_50": 0.0026,
            "precision_at_100": 0.0015,
            "mrr_at_1": 0.0,
            "mrr_at_3": 0.0,
            "mrr_at_5": 0.0025,
            "mrr_at_10": 0.0025,
            "mrr_at_20": 0.003754901960784314,
            "mrr_at_50": 0.006537309978040768,
            "mrr_at_100": 0.006751956442687232,
            "naucs_at_1_max": null,
            "naucs_at_1_std": null,
            "naucs_at_1_diff1": null,
            "naucs_at_3_max": null,
            "naucs_at_3_std": null,
            "naucs_at_3_diff1": null,
            "naucs_at_5_max": -0.0705661389857795,
            "naucs_at_5_std": 1.0,
            "naucs_at_5_diff1": 0.3238529648510868,
            "naucs_at_10_max": -0.0705661389857795,
            "naucs_at_10_std": 1.0,
            "naucs_at_10_diff1": 0.3238529648510868,
            "naucs_at_20_max": -0.18227349968696893,
            "naucs_at_20_std": 0.3624005008496554,
            "naucs_at_20_diff1": -0.1271800375637242,
            "naucs_at_50_max": 0.010543753217971632,
            "naucs_at_50_std": 0.035302545275458466,
            "naucs_at_50_diff1": -0.17832598330012753,
            "naucs_at_100_max": -0.003709303497631385,
            "naucs_at_100_std": -0.014857373248664438,
            "naucs_at_100_diff1": -0.03572220542284051
        }
    }
}