{
    "metadata": {
        "timestamp": "2025-03-30T04:22:58.812056",
        "vidore_benchmark_version": "5.0.0"
    },
    "metrics": {
        "vidore/docvqa_test_subsampled": {
            "ndcg_at_1": 0.0,
            "ndcg_at_3": 0.00251,
            "ndcg_at_5": 0.00518,
            "ndcg_at_10": 0.00807,
            "ndcg_at_20": 0.01317,
            "ndcg_at_50": 0.02585,
            "ndcg_at_100": 0.04102,
            "map_at_1": 0.0,
            "map_at_3": 0.00185,
            "map_at_5": 0.00329,
            "map_at_10": 0.0045,
            "map_at_20": 0.00593,
            "map_at_50": 0.00792,
            "map_at_100": 0.00917,
            "recall_at_1": 0.0,
            "recall_at_3": 0.00443,
            "recall_at_5": 0.01109,
            "recall_at_10": 0.01996,
            "recall_at_20": 0.03991,
            "recall_at_50": 0.10421,
            "recall_at_100": 0.19956,
            "precision_at_1": 0.0,
            "precision_at_3": 0.00148,
            "precision_at_5": 0.00222,
            "precision_at_10": 0.002,
            "precision_at_20": 0.002,
            "precision_at_50": 0.00208,
            "precision_at_100": 0.002,
            "mrr_at_1": 0.0,
            "mrr_at_3": 0.0018477457501847744,
            "mrr_at_5": 0.003288987435328899,
            "mrr_at_10": 0.004496181325449618,
            "mrr_at_20": 0.005931109575916781,
            "mrr_at_50": 0.007919014779797418,
            "mrr_at_100": 0.009125370236762903,
            "naucs_at_1_max": null,
            "naucs_at_1_std": null,
            "naucs_at_1_diff1": null,
            "naucs_at_3_max": 0.09859110392894707,
            "naucs_at_3_std": 0.12390151965419864,
            "naucs_at_3_diff1": 0.12390151965419864,
            "naucs_at_5_max": 0.04901361464503908,
            "naucs_at_5_std": 0.31837599435778824,
            "naucs_at_5_diff1": -0.12822969764267728,
            "naucs_at_10_max": 0.11738719734064462,
            "naucs_at_10_std": 0.2587071427633271,
            "naucs_at_10_diff1": -0.12627884203962886,
            "naucs_at_20_max": 0.11579749690049208,
            "naucs_at_20_std": 0.1526831267680011,
            "naucs_at_20_diff1": 0.029031016961733734,
            "naucs_at_50_max": -0.0642236745566932,
            "naucs_at_50_std": -0.05343564075091704,
            "naucs_at_50_diff1": 0.05474751007714306,
            "naucs_at_100_max": -0.09011278816010683,
            "naucs_at_100_std": -0.07413357788810378,
            "naucs_at_100_diff1": -0.01798585825338516
        }
    }
}