{
    "metadata": {
        "timestamp": "2025-03-30T04:43:47.645300",
        "vidore_benchmark_version": "5.0.0"
    },
    "metrics": {
        "vidore/syntheticDocQA_government_reports_test": {
            "ndcg_at_1": 0.0,
            "ndcg_at_3": 0.0,
            "ndcg_at_5": 0.0,
            "ndcg_at_10": 0.0,
            "ndcg_at_20": 0.00535,
            "ndcg_at_50": 0.0131,
            "ndcg_at_100": 0.02865,
            "map_at_1": 0.0,
            "map_at_3": 0.0,
            "map_at_5": 0.0,
            "map_at_10": 0.0,
            "map_at_20": 0.00162,
            "map_at_50": 0.0028,
            "map_at_100": 0.00398,
            "recall_at_1": 0.0,
            "recall_at_3": 0.0,
            "recall_at_5": 0.0,
            "recall_at_10": 0.0,
            "recall_at_20": 0.02,
            "recall_at_50": 0.06,
            "recall_at_100": 0.16,
            "precision_at_1": 0.0,
            "precision_at_3": 0.0,
            "precision_at_5": 0.0,
            "precision_at_10": 0.0,
            "precision_at_20": 0.001,
            "precision_at_50": 0.0012,
            "precision_at_100": 0.0016,
            "mrr_at_1": 0.0,
            "mrr_at_3": 0.0,
            "mrr_at_5": 0.0,
            "mrr_at_10": 0.0,
            "mrr_at_20": 0.0016233766233766233,
            "mrr_at_50": 0.0028025952805364567,
            "mrr_at_100": 0.00397913927941687,
            "naucs_at_1_max": null,
            "naucs_at_1_std": null,
            "naucs_at_1_diff1": null,
            "naucs_at_3_max": null,
            "naucs_at_3_std": null,
            "naucs_at_3_diff1": null,
            "naucs_at_5_max": null,
            "naucs_at_5_std": null,
            "naucs_at_5_diff1": null,
            "naucs_at_10_max": null,
            "naucs_at_10_std": null,
            "naucs_at_10_diff1": null,
            "naucs_at_20_max": 0.12664341293265358,
            "naucs_at_20_std": 0.12342366514623017,
            "naucs_at_20_diff1": -0.26214113227797164,
            "naucs_at_50_max": 0.2946069224577407,
            "naucs_at_50_std": 0.19586799034075653,
            "naucs_at_50_diff1": 0.24684733029246034,
            "naucs_at_100_max": 0.04922031033952977,
            "naucs_at_100_std": -0.09976570901828263,
            "naucs_at_100_diff1": 0.12154324781072351
        }
    }
}