{
    "metadata": {
        "timestamp": "2025-03-30T04:37:36.672440",
        "vidore_benchmark_version": "5.0.0"
    },
    "metrics": {
        "vidore/syntheticDocQA_artificial_intelligence_test": {
            "ndcg_at_1": 0.0,
            "ndcg_at_3": 0.00631,
            "ndcg_at_5": 0.00631,
            "ndcg_at_10": 0.00631,
            "ndcg_at_20": 0.01377,
            "ndcg_at_50": 0.01951,
            "ndcg_at_100": 0.02928,
            "map_at_1": 0.0,
            "map_at_3": 0.005,
            "map_at_5": 0.005,
            "map_at_10": 0.005,
            "map_at_20": 0.00699,
            "map_at_50": 0.00782,
            "map_at_100": 0.00869,
            "recall_at_1": 0.0,
            "recall_at_3": 0.01,
            "recall_at_5": 0.01,
            "recall_at_10": 0.01,
            "recall_at_20": 0.04,
            "recall_at_50": 0.07,
            "recall_at_100": 0.13,
            "precision_at_1": 0.0,
            "precision_at_3": 0.00333,
            "precision_at_5": 0.002,
            "precision_at_10": 0.001,
            "precision_at_20": 0.002,
            "precision_at_50": 0.0014,
            "precision_at_100": 0.0013,
            "mrr_at_1": 0.0,
            "mrr_at_3": 0.005,
            "mrr_at_5": 0.005,
            "mrr_at_10": 0.005,
            "mrr_at_20": 0.006990962254120148,
            "mrr_at_50": 0.00782060323304267,
            "mrr_at_100": 0.008694308680998953,
            "naucs_at_1_max": null,
            "naucs_at_1_std": null,
            "naucs_at_1_diff1": null,
            "naucs_at_3_max": -0.318486718540381,
            "naucs_at_3_std": -0.318486718540381,
            "naucs_at_3_diff1": -0.318486718540381,
            "naucs_at_5_max": -0.3184867185403811,
            "naucs_at_5_std": -0.3184867185403811,
            "naucs_at_5_diff1": -0.3184867185403811,
            "naucs_at_10_max": -0.3184867185403811,
            "naucs_at_10_std": -0.3184867185403811,
            "naucs_at_10_diff1": -0.3184867185403811,
            "naucs_at_20_max": 0.015159645827743436,
            "naucs_at_20_std": 0.00905554064931578,
            "naucs_at_20_diff1": -0.30178427689830967,
            "naucs_at_50_max": -0.10218866188815214,
            "naucs_at_50_std": -0.10970140672314027,
            "naucs_at_50_diff1": -0.10931810341523264,
            "naucs_at_100_max": 0.08927492108974515,
            "naucs_at_100_std": -0.12459985225313959,
            "naucs_at_100_diff1": 0.06373262295448974
        }
    }
}