{
    "metadata": {
        "timestamp": "2025-03-30T04:24:36.278661",
        "vidore_benchmark_version": "5.0.0"
    },
    "metrics": {
        "vidore/infovqa_test_subsampled": {
            "ndcg_at_1": 0.0,
            "ndcg_at_3": 0.00229,
            "ndcg_at_5": 0.00725,
            "ndcg_at_10": 0.00991,
            "ndcg_at_20": 0.01395,
            "ndcg_at_50": 0.02525,
            "ndcg_at_100": 0.04053,
            "map_at_1": 0.0,
            "map_at_3": 0.00169,
            "map_at_5": 0.00442,
            "map_at_10": 0.00554,
            "map_at_20": 0.00662,
            "map_at_50": 0.00846,
            "map_at_100": 0.00976,
            "recall_at_1": 0.0,
            "recall_at_3": 0.00405,
            "recall_at_5": 0.01619,
            "recall_at_10": 0.02429,
            "recall_at_20": 0.04049,
            "recall_at_50": 0.09717,
            "recall_at_100": 0.19231,
            "precision_at_1": 0.0,
            "precision_at_3": 0.00135,
            "precision_at_5": 0.00324,
            "precision_at_10": 0.00243,
            "precision_at_20": 0.00202,
            "precision_at_50": 0.00194,
            "precision_at_100": 0.00192,
            "mrr_at_1": 0.0,
            "mrr_at_3": 0.0016869095816464236,
            "mrr_at_5": 0.004419703103913631,
            "mrr_at_10": 0.005544309491677913,
            "mrr_at_20": 0.006619970311905108,
            "mrr_at_50": 0.008455611469772613,
            "mrr_at_100": 0.00975800985807849,
            "naucs_at_1_max": null,
            "naucs_at_1_std": null,
            "naucs_at_1_diff1": null,
            "naucs_at_3_max": 0.3410519911272939,
            "naucs_at_3_std": 0.29476950321508844,
            "naucs_at_3_diff1": 0.3410519911272939,
            "naucs_at_5_max": 0.0512353220451505,
            "naucs_at_5_std": 0.06972227752476429,
            "naucs_at_5_diff1": 0.08153250710857336,
            "naucs_at_10_max": -0.10057177850135932,
            "naucs_at_10_std": -0.04755472388301777,
            "naucs_at_10_diff1": -0.07858770287130024,
            "naucs_at_20_max": -0.07590703747035,
            "naucs_at_20_std": -0.0058139462010952285,
            "naucs_at_20_diff1": -0.03686594831748182,
            "naucs_at_50_max": -0.08745015598044892,
            "naucs_at_50_std": -0.012559978416763486,
            "naucs_at_50_diff1": -0.057619459026696226,
            "naucs_at_100_max": -0.09953635737588147,
            "naucs_at_100_std": -0.030402155665763424,
            "naucs_at_100_diff1": -0.011353374370690495
        }
    }
}