{
    "metadata": {
        "timestamp": "2025-03-30T04:31:05.437819",
        "vidore_benchmark_version": "5.0.0"
    },
    "metrics": {
        "vidore/tatdqa_test": {
            "ndcg_at_1": 0.00243,
            "ndcg_at_3": 0.00579,
            "ndcg_at_5": 0.00929,
            "ndcg_at_10": 0.01746,
            "ndcg_at_20": 0.02562,
            "ndcg_at_50": 0.04651,
            "ndcg_at_100": 0.07443,
            "map_at_1": 0.00243,
            "map_at_3": 0.00486,
            "map_at_5": 0.0068,
            "map_at_10": 0.01012,
            "map_at_20": 0.0123,
            "map_at_50": 0.01547,
            "map_at_100": 0.01788,
            "recall_at_1": 0.00243,
            "recall_at_3": 0.00851,
            "recall_at_5": 0.01701,
            "recall_at_10": 0.04253,
            "recall_at_20": 0.07533,
            "recall_at_50": 0.18287,
            "recall_at_100": 0.35601,
            "precision_at_1": 0.00243,
            "precision_at_3": 0.00284,
            "precision_at_5": 0.0034,
            "precision_at_10": 0.00425,
            "precision_at_20": 0.00377,
            "precision_at_50": 0.00366,
            "precision_at_100": 0.00356,
            "mrr_at_1": 0.002430133657351154,
            "mrr_at_3": 0.004860267314702308,
            "mrr_at_5": 0.0068043742405832315,
            "mrr_at_10": 0.010123387143435745,
            "mrr_at_20": 0.012295845285332887,
            "mrr_at_50": 0.015467103186553696,
            "mrr_at_100": 0.0178789290804854,
            "naucs_at_1_max": 0.2198122059537276,
            "naucs_at_1_std": 0.31266115233718783,
            "naucs_at_1_diff1": -0.07845598502260293,
            "naucs_at_3_max": 0.2410420473323544,
            "naucs_at_3_std": 0.3513344097726932,
            "naucs_at_3_diff1": 0.02475121757184495,
            "naucs_at_5_max": 0.17940789771627164,
            "naucs_at_5_std": 0.25280693802211013,
            "naucs_at_5_diff1": 0.061062233385993446,
            "naucs_at_10_max": 0.02222901644765623,
            "naucs_at_10_std": 0.0638488006133832,
            "naucs_at_10_diff1": 0.012407643906519317,
            "naucs_at_20_max": 0.00566241248231493,
            "naucs_at_20_std": 0.044570846151799244,
            "naucs_at_20_diff1": 0.02237371157871585,
            "naucs_at_50_max": 0.008561767414170746,
            "naucs_at_50_std": 0.031172681987743592,
            "naucs_at_50_diff1": 0.003740742231714879,
            "naucs_at_100_max": -0.02300494982085771,
            "naucs_at_100_std": 0.02709883801795322,
            "naucs_at_100_diff1": -0.059835071436647146
        }
    }
}