{
    "metadata": {
        "timestamp": "2025-03-31T12:21:34.232524",
        "vidore_benchmark_version": "5.0.0"
    },
    "metrics": {
        "vidore/syntheticDocQA_artificial_intelligence_test": {
            "ndcg_at_1": 0.11,
            "ndcg_at_3": 0.13893,
            "ndcg_at_5": 0.15185,
            "ndcg_at_10": 0.17854,
            "ndcg_at_20": 0.19105,
            "ndcg_at_50": 0.21348,
            "ndcg_at_100": 0.22797,
            "map_at_1": 0.11,
            "map_at_3": 0.13167,
            "map_at_5": 0.13917,
            "map_at_10": 0.15069,
            "map_at_20": 0.15404,
            "map_at_50": 0.15792,
            "map_at_100": 0.15917,
            "recall_at_1": 0.11,
            "recall_at_3": 0.16,
            "recall_at_5": 0.19,
            "recall_at_10": 0.27,
            "recall_at_20": 0.32,
            "recall_at_50": 0.43,
            "recall_at_100": 0.52,
            "precision_at_1": 0.11,
            "precision_at_3": 0.05333,
            "precision_at_5": 0.038,
            "precision_at_10": 0.027,
            "precision_at_20": 0.016,
            "precision_at_50": 0.0086,
            "precision_at_100": 0.0052,
            "mrr_at_1": 0.11,
            "mrr_at_3": 0.13166666666666668,
            "mrr_at_5": 0.1391666666666667,
            "mrr_at_10": 0.15069047619047618,
            "mrr_at_20": 0.1540436507936508,
            "mrr_at_50": 0.1579208596613876,
            "mrr_at_100": 0.1591672338493456,
            "naucs_at_1_max": 0.3742104336009261,
            "naucs_at_1_std": -0.07793743865918408,
            "naucs_at_1_diff1": 0.48315172257593664,
            "naucs_at_3_max": 0.4361461053925333,
            "naucs_at_3_std": 0.07094023659548324,
            "naucs_at_3_diff1": 0.38936472576432635,
            "naucs_at_5_max": 0.41450742353673076,
            "naucs_at_5_std": 0.1406520605989271,
            "naucs_at_5_diff1": 0.3028769357523582,
            "naucs_at_10_max": 0.31593004588785156,
            "naucs_at_10_std": 0.07330690874994661,
            "naucs_at_10_diff1": 0.23320405176945244,
            "naucs_at_20_max": 0.30176335224232054,
            "naucs_at_20_std": 0.1306726961361445,
            "naucs_at_20_diff1": 0.2355640586535375,
            "naucs_at_50_max": 0.3709276768412425,
            "naucs_at_50_std": 0.23412362955352348,
            "naucs_at_50_diff1": 0.33665838654719,
            "naucs_at_100_max": 0.3237390500027205,
            "naucs_at_100_std": 0.16541977256651594,
            "naucs_at_100_diff1": 0.3194542684585667
        }
    }
}