{
    "metadata": {
        "timestamp": "2025-03-31T12:09:29.679317",
        "vidore_benchmark_version": "5.0.0"
    },
    "metrics": {
        "vidore/docvqa_test_subsampled": {
            "ndcg_at_1": 0.07317,
            "ndcg_at_3": 0.10717,
            "ndcg_at_5": 0.119,
            "ndcg_at_10": 0.13733,
            "ndcg_at_20": 0.15798,
            "ndcg_at_50": 0.18808,
            "ndcg_at_100": 0.20904,
            "map_at_1": 0.07317,
            "map_at_3": 0.0983,
            "map_at_5": 0.10484,
            "map_at_10": 0.11222,
            "map_at_20": 0.11783,
            "map_at_50": 0.12274,
            "map_at_100": 0.12461,
            "recall_at_1": 0.07317,
            "recall_at_3": 0.13304,
            "recall_at_5": 0.16186,
            "recall_at_10": 0.21951,
            "recall_at_20": 0.30155,
            "recall_at_50": 0.45233,
            "recall_at_100": 0.58093,
            "precision_at_1": 0.07317,
            "precision_at_3": 0.04435,
            "precision_at_5": 0.03237,
            "precision_at_10": 0.02195,
            "precision_at_20": 0.01508,
            "precision_at_50": 0.00905,
            "precision_at_100": 0.00581,
            "mrr_at_1": 0.07317073170731707,
            "mrr_at_3": 0.09830007390982999,
            "mrr_at_5": 0.10484109386548413,
            "mrr_at_10": 0.1122241579558653,
            "mrr_at_20": 0.11783019841513873,
            "mrr_at_50": 0.1227351372367589,
            "mrr_at_100": 0.12460791891127788,
            "naucs_at_1_max": 0.12025982529820782,
            "naucs_at_1_std": -0.04761217351657549,
            "naucs_at_1_diff1": 0.36251599396437884,
            "naucs_at_3_max": 0.024510873492006768,
            "naucs_at_3_std": -0.05837029747252124,
            "naucs_at_3_diff1": 0.22097986209322437,
            "naucs_at_5_max": 0.03595820524173138,
            "naucs_at_5_std": -0.04038720990562407,
            "naucs_at_5_diff1": 0.20800128710951715,
            "naucs_at_10_max": 0.04002139668192121,
            "naucs_at_10_std": -0.014030646078733083,
            "naucs_at_10_diff1": 0.1745591420097609,
            "naucs_at_20_max": 0.09316008827855647,
            "naucs_at_20_std": 0.012983126164409945,
            "naucs_at_20_diff1": 0.17349647375521185,
            "naucs_at_50_max": 0.06087239493505217,
            "naucs_at_50_std": 0.052247694494082404,
            "naucs_at_50_diff1": 0.1566778019671205,
            "naucs_at_100_max": 0.09174360315381583,
            "naucs_at_100_std": 0.07239555875987534,
            "naucs_at_100_diff1": 0.2057682842033964
        }
    }
}