{
    "metadata": {
        "timestamp": "2025-03-31T12:16:54.266490",
        "vidore_benchmark_version": "5.0.0"
    },
    "metrics": {
        "vidore/arxivqa_test_subsampled": {
            "ndcg_at_1": 0.19,
            "ndcg_at_3": 0.23281,
            "ndcg_at_5": 0.2526,
            "ndcg_at_10": 0.27487,
            "ndcg_at_20": 0.29716,
            "ndcg_at_50": 0.32239,
            "ndcg_at_100": 0.34224,
            "map_at_1": 0.19,
            "map_at_3": 0.22267,
            "map_at_5": 0.23367,
            "map_at_10": 0.24302,
            "map_at_20": 0.24916,
            "map_at_50": 0.25331,
            "map_at_100": 0.25498,
            "recall_at_1": 0.19,
            "recall_at_3": 0.262,
            "recall_at_5": 0.31,
            "recall_at_10": 0.378,
            "recall_at_20": 0.466,
            "recall_at_50": 0.592,
            "recall_at_100": 0.716,
            "precision_at_1": 0.19,
            "precision_at_3": 0.08733,
            "precision_at_5": 0.062,
            "precision_at_10": 0.0378,
            "precision_at_20": 0.0233,
            "precision_at_50": 0.01184,
            "precision_at_100": 0.00716,
            "mrr_at_1": 0.19,
            "mrr_at_3": 0.22266666666666662,
            "mrr_at_5": 0.2336666666666667,
            "mrr_at_10": 0.24301587301587302,
            "mrr_at_20": 0.24915863425360335,
            "mrr_at_50": 0.25330582814966524,
            "mrr_at_100": 0.25497727523039077,
            "naucs_at_1_max": 0.47001832764447743,
            "naucs_at_1_std": -0.09628570948161369,
            "naucs_at_1_diff1": 0.5266995107023357,
            "naucs_at_3_max": 0.3972579850597924,
            "naucs_at_3_std": -0.10766974824050675,
            "naucs_at_3_diff1": 0.3945902966434947,
            "naucs_at_5_max": 0.3459429662395632,
            "naucs_at_5_std": -0.09189668849241016,
            "naucs_at_5_diff1": 0.35267354155182395,
            "naucs_at_10_max": 0.28986400876255,
            "naucs_at_10_std": -0.07100059058754359,
            "naucs_at_10_diff1": 0.2847542557426182,
            "naucs_at_20_max": 0.22566568612217922,
            "naucs_at_20_std": -0.024862991512189524,
            "naucs_at_20_diff1": 0.2509395055843631,
            "naucs_at_50_max": 0.1462784732680723,
            "naucs_at_50_std": -0.095403096762048,
            "naucs_at_50_diff1": 0.23086584619728917,
            "naucs_at_100_max": 0.16580056868320414,
            "naucs_at_100_std": 0.040822252558696724,
            "naucs_at_100_diff1": 0.18676793350780987
        }
    }
}