{
    "metadata": {
        "timestamp": "2025-03-31T12:23:37.452142",
        "vidore_benchmark_version": "5.0.0"
    },
    "metrics": {
        "vidore/syntheticDocQA_energy_test": {
            "ndcg_at_1": 0.13,
            "ndcg_at_3": 0.18024,
            "ndcg_at_5": 0.19659,
            "ndcg_at_10": 0.21217,
            "ndcg_at_20": 0.21951,
            "ndcg_at_50": 0.26062,
            "ndcg_at_100": 0.27521,
            "map_at_1": 0.13,
            "map_at_3": 0.16667,
            "map_at_5": 0.17567,
            "map_at_10": 0.18175,
            "map_at_20": 0.18363,
            "map_at_50": 0.18998,
            "map_at_100": 0.19126,
            "recall_at_1": 0.13,
            "recall_at_3": 0.22,
            "recall_at_5": 0.26,
            "recall_at_10": 0.31,
            "recall_at_20": 0.34,
            "recall_at_50": 0.55,
            "recall_at_100": 0.64,
            "precision_at_1": 0.13,
            "precision_at_3": 0.07333,
            "precision_at_5": 0.052,
            "precision_at_10": 0.031,
            "precision_at_20": 0.017,
            "precision_at_50": 0.011,
            "precision_at_100": 0.0064,
            "mrr_at_1": 0.13,
            "mrr_at_3": 0.16666666666666669,
            "mrr_at_5": 0.17566666666666667,
            "mrr_at_10": 0.18174603174603174,
            "mrr_at_20": 0.18362593370681604,
            "mrr_at_50": 0.18997595414439278,
            "mrr_at_100": 0.1912619264204803,
            "naucs_at_1_max": 0.3078059591233686,
            "naucs_at_1_std": 0.0830964160193412,
            "naucs_at_1_diff1": 0.5082044279286339,
            "naucs_at_3_max": 0.3818099885011033,
            "naucs_at_3_std": 0.12728035553345576,
            "naucs_at_3_diff1": 0.328573204462815,
            "naucs_at_5_max": 0.28138822236998073,
            "naucs_at_5_std": 0.0749761498655718,
            "naucs_at_5_diff1": 0.21800468329912404,
            "naucs_at_10_max": 0.20995737929736316,
            "naucs_at_10_std": 0.04539037605711421,
            "naucs_at_10_diff1": 0.14722293182032062,
            "naucs_at_20_max": 0.21773231935133416,
            "naucs_at_20_std": 0.08542886668963152,
            "naucs_at_20_diff1": 0.17413021012745442,
            "naucs_at_50_max": 0.04573474689321092,
            "naucs_at_50_std": 0.1573264059538019,
            "naucs_at_50_diff1": 0.09058484869760602,
            "naucs_at_100_max": 0.2542789628305023,
            "naucs_at_100_std": 0.33551539149316634,
            "naucs_at_100_diff1": 0.24057989526120854
        }
    }
}