{
    "metadata": {
        "description": "Merged metrics for blip2_Salesforce_blip2-flan-t5-xl_seg_2x2 on selected datasets",
        "datasets_included": [
            "arxivqa_test_subsampled",
            "docvqa_test_subsampled",
            "tabfquad_test_subsampled",
            "tatdqa_test"
        ],
        "timestamp": "2025-04-03T11:46:34.220937",
        "vidore_benchmark_version": "5.0.0"
    },
    "metrics": {
        "vidore/arxivqa_test_subsampled": {
            "ndcg_at_1": 0.004,
            "ndcg_at_3": 0.00726,
            "ndcg_at_5": 0.00898,
            "ndcg_at_10": 0.01206,
            "ndcg_at_20": 0.01849,
            "ndcg_at_50": 0.02922,
            "ndcg_at_100": 0.04763,
            "map_at_1": 0.004,
            "map_at_3": 0.00633,
            "map_at_5": 0.00733,
            "map_at_10": 0.00851,
            "map_at_20": 0.0102,
            "map_at_50": 0.01192,
            "map_at_100": 0.01352,
            "recall_at_1": 0.004,
            "recall_at_3": 0.01,
            "recall_at_5": 0.014,
            "recall_at_10": 0.024,
            "recall_at_20": 0.05,
            "recall_at_50": 0.104,
            "recall_at_100": 0.218,
            "precision_at_1": 0.004,
            "precision_at_3": 0.00333,
            "precision_at_5": 0.0028,
            "precision_at_10": 0.0024,
            "precision_at_20": 0.0025,
            "precision_at_50": 0.00208,
            "precision_at_100": 0.00218,
            "mrr_at_1": 0.004,
            "mrr_at_3": 0.006333333333333333,
            "mrr_at_5": 0.007333333333333334,
            "mrr_at_10": 0.008513492063492065,
            "mrr_at_20": 0.010198143926936498,
            "mrr_at_50": 0.01192262501058765,
            "mrr_at_100": 0.013519608290572544,
            "naucs_at_1_max": 0.3971022269922189,
            "naucs_at_1_std": 0.2111617923262678,
            "naucs_at_1_diff1": 0.21263751006171183,
            "naucs_at_3_max": 0.2560772739468742,
            "naucs_at_3_std": 0.3238529648510866,
            "naucs_at_3_diff1": 0.16216796350952506,
            "naucs_at_5_max": 0.21817624286097595,
            "naucs_at_5_std": 0.10372187511978234,
            "naucs_at_5_diff1": 0.22929203879029494,
            "naucs_at_10_max": 0.2950764690099274,
            "naucs_at_10_std": 0.04959305965477148,
            "naucs_at_10_diff1": 0.2167516322332527,
            "naucs_at_20_max": 0.3401770861282532,
            "naucs_at_20_std": 0.01922189428494757,
            "naucs_at_20_diff1": 0.3225972632143815,
            "naucs_at_50_max": 0.2515265260032204,
            "naucs_at_50_std": 0.07139122979444178,
            "naucs_at_50_diff1": 0.15743083582526507,
            "naucs_at_100_max": 0.1420687977090306,
            "naucs_at_100_std": 0.14115790031912614,
            "naucs_at_100_diff1": 0.09297080449084885
        },
        "vidore/docvqa_test_subsampled": {
            "ndcg_at_1": 0.00443,
            "ndcg_at_3": 0.00554,
            "ndcg_at_5": 0.0065,
            "ndcg_at_10": 0.01134,
            "ndcg_at_20": 0.01527,
            "ndcg_at_50": 0.02901,
            "ndcg_at_100": 0.04752,
            "map_at_1": 0.00443,
            "map_at_3": 0.00517,
            "map_at_5": 0.00573,
            "map_at_10": 0.00763,
            "map_at_20": 0.0087,
            "map_at_50": 0.01078,
            "map_at_100": 0.01235,
            "recall_at_1": 0.00443,
            "recall_at_3": 0.00665,
            "recall_at_5": 0.00887,
            "recall_at_10": 0.02439,
            "recall_at_20": 0.03991,
            "recall_at_50": 0.11086,
            "recall_at_100": 0.22616,
            "precision_at_1": 0.00443,
            "precision_at_3": 0.00222,
            "precision_at_5": 0.00177,
            "precision_at_10": 0.00244,
            "precision_at_20": 0.002,
            "precision_at_50": 0.00222,
            "precision_at_100": 0.00226,
            "mrr_at_1": 0.004434589800443459,
            "mrr_at_3": 0.005173688100517368,
            "mrr_at_5": 0.0057280118255728,
            "mrr_at_10": 0.007627670432548482,
            "mrr_at_20": 0.00870259215894646,
            "mrr_at_50": 0.010776028531048025,
            "mrr_at_100": 0.012354283383041108,
            "naucs_at_1_max": 0.6619716639733553,
            "naucs_at_1_std": 0.34105263425359383,
            "naucs_at_1_diff1": -0.32189853543507396,
            "naucs_at_3_max": 0.41784008795411154,
            "naucs_at_3_std": 0.5607017561690626,
            "naucs_at_3_diff1": -0.3205639341209867,
            "naucs_at_5_max": 0.29577429994448984,
            "naucs_at_5_std": 0.6705263171267972,
            "naucs_at_5_diff1": -0.21577517460850323,
            "naucs_at_10_max": 0.0744547812507161,
            "naucs_at_10_std": 0.022570831449469485,
            "naucs_at_10_diff1": -0.29068474547603496,
            "naucs_at_20_max": 0.2516033401721406,
            "naucs_at_20_std": 0.10409047795113925,
            "naucs_at_20_diff1": -0.05163124738368641,
            "naucs_at_50_max": 0.08465470246982922,
            "naucs_at_50_std": 0.056022323309782074,
            "naucs_at_50_diff1": -0.04113799786469658,
            "naucs_at_100_max": 0.039512010921842214,
            "naucs_at_100_std": 0.0218858832539836,
            "naucs_at_100_diff1": -0.01123589271909879
        },
        "vidore/tabfquad_test_subsampled": {
            "ndcg_at_1": 0.01429,
            "ndcg_at_3": 0.03673,
            "ndcg_at_5": 0.0541,
            "ndcg_at_10": 0.08152,
            "ndcg_at_20": 0.11208,
            "ndcg_at_50": 0.19766,
            "ndcg_at_100": 0.24161,
            "map_at_1": 0.01429,
            "map_at_3": 0.03095,
            "map_at_5": 0.04042,
            "map_at_10": 0.05155,
            "map_at_20": 0.05987,
            "map_at_50": 0.07326,
            "map_at_100": 0.07761,
            "recall_at_1": 0.01429,
            "recall_at_3": 0.05357,
            "recall_at_5": 0.09643,
            "recall_at_10": 0.18214,
            "recall_at_20": 0.30357,
            "recall_at_50": 0.73929,
            "recall_at_100": 1.0,
            "precision_at_1": 0.01429,
            "precision_at_3": 0.01786,
            "precision_at_5": 0.01929,
            "precision_at_10": 0.01821,
            "precision_at_20": 0.01518,
            "precision_at_50": 0.01479,
            "precision_at_100": 0.01,
            "mrr_at_1": 0.014285714285714285,
            "mrr_at_3": 0.03095238095238095,
            "mrr_at_5": 0.04041666666666666,
            "mrr_at_10": 0.05155328798185939,
            "mrr_at_20": 0.05987033491166061,
            "mrr_at_50": 0.07325551540038117,
            "mrr_at_100": 0.07760888082219868,
            "naucs_at_1_max": -0.04963777837402739,
            "naucs_at_1_std": -0.030118057418835612,
            "naucs_at_1_diff1": 0.08116447544942312,
            "naucs_at_3_max": 0.0012700116268669246,
            "naucs_at_3_std": -0.03221536535193631,
            "naucs_at_3_diff1": -0.09931133172345938,
            "naucs_at_5_max": 0.09066968766458976,
            "naucs_at_5_std": -0.012799491200349736,
            "naucs_at_5_diff1": -0.03862703594391285,
            "naucs_at_10_max": -0.03954760175546407,
            "naucs_at_10_std": -0.0404600954704308,
            "naucs_at_10_diff1": -0.058176129909309295,
            "naucs_at_20_max": -0.05895132349045017,
            "naucs_at_20_std": 0.03866181748115326,
            "naucs_at_20_diff1": 0.03199017317372768,
            "naucs_at_50_max": -0.022895579108596704,
            "naucs_at_50_std": -0.0787509663249318,
            "naucs_at_50_diff1": -0.14327618469630335,
            "naucs_at_100_max": 1.0,
            "naucs_at_100_std": 1.0,
            "naucs_at_100_diff1": 1.0
        },
        "vidore/tatdqa_test": {
            "ndcg_at_1": 0.00425,
            "ndcg_at_3": 0.00868,
            "ndcg_at_5": 0.01239,
            "ndcg_at_10": 0.01844,