{
    "metadata": {
        "timestamp": "2025-04-03T11:53:20.372778",
        "vidore_benchmark_version": "5.0.0"
    },
    "metrics": {
        "vidore/tabfquad_test_subsampled": {
            "ndcg_at_1": 0.01429,
            "ndcg_at_3": 0.03673,
            "ndcg_at_5": 0.0541,
            "ndcg_at_10": 0.08152,
            "ndcg_at_20": 0.11208,
            "ndcg_at_50": 0.19766,
            "ndcg_at_100": 0.24161,
            "map_at_1": 0.01429,
            "map_at_3": 0.03095,
            "map_at_5": 0.04042,
            "map_at_10": 0.05155,
            "map_at_20": 0.05987,
            "map_at_50": 0.07326,
            "map_at_100": 0.07761,
            "recall_at_1": 0.01429,
            "recall_at_3": 0.05357,
            "recall_at_5": 0.09643,
            "recall_at_10": 0.18214,
            "recall_at_20": 0.30357,
            "recall_at_50": 0.73929,
            "recall_at_100": 1.0,
            "precision_at_1": 0.01429,
            "precision_at_3": 0.01786,
            "precision_at_5": 0.01929,
            "precision_at_10": 0.01821,
            "precision_at_20": 0.01518,
            "precision_at_50": 0.01479,
            "precision_at_100": 0.01,
            "mrr_at_1": 0.014285714285714285,
            "mrr_at_3": 0.03095238095238095,
            "mrr_at_5": 0.04041666666666666,
            "mrr_at_10": 0.05155328798185939,
            "mrr_at_20": 0.05987033491166061,
            "mrr_at_50": 0.07325551540038117,
            "mrr_at_100": 0.07760888082219868,
            "naucs_at_1_max": -0.04963777837402739,
            "naucs_at_1_std": -0.030118057418835612,
            "naucs_at_1_diff1": 0.08116447544942312,
            "naucs_at_3_max": 0.0012700116268669246,
            "naucs_at_3_std": -0.03221536535193631,
            "naucs_at_3_diff1": -0.09931133172345938,
            "naucs_at_5_max": 0.09066968766458976,
            "naucs_at_5_std": -0.012799491200349736,
            "naucs_at_5_diff1": -0.03862703594391285,
            "naucs_at_10_max": -0.03954760175546407,
            "naucs_at_10_std": -0.0404600954704308,
            "naucs_at_10_diff1": -0.058176129909309295,
            "naucs_at_20_max": -0.05895132349045017,
            "naucs_at_20_std": 0.03866181748115326,
            "naucs_at_20_diff1": 0.03199017317372768,
            "naucs_at_50_max": -0.022895579108596704,
            "naucs_at_50_std": -0.0787509663249318,
            "naucs_at_50_diff1": -0.14327618469630335,
            "naucs_at_100_max": 1.0,
            "naucs_at_100_std": 1.0,
            "naucs_at_100_diff1": 1.0
        }
    }
}