{
    "metadata": {
        "timestamp": "2025-04-03T12:22:22.672746",
        "vidore_benchmark_version": "5.0.0"
    },
    "metrics": {
        "vidore/syntheticDocQA_healthcare_industry_test": {
            "ndcg_at_1": 0.0,
            "ndcg_at_3": 0.0,
            "ndcg_at_5": 0.0,
            "ndcg_at_10": 0.0,
            "ndcg_at_20": 0.0024,
            "ndcg_at_50": 0.01629,
            "ndcg_at_100": 0.02744,
            "map_at_1": 0.0,
            "map_at_3": 0.0,
            "map_at_5": 0.0,
            "map_at_10": 0.0,
            "map_at_20": 0.00059,
            "map_at_50": 0.00282,
            "map_at_100": 0.00374,
            "recall_at_1": 0.0,
            "recall_at_3": 0.0,
            "recall_at_5": 0.0,
            "recall_at_10": 0.0,
            "recall_at_20": 0.01,
            "recall_at_50": 0.08,
            "recall_at_100": 0.15,
            "precision_at_1": 0.0,
            "precision_at_3": 0.0,
            "precision_at_5": 0.0,
            "precision_at_10": 0.0,
            "precision_at_20": 0.0005,
            "precision_at_50": 0.0016,
            "precision_at_100": 0.0015,
            "mrr_at_1": 0.0,
            "mrr_at_3": 0.0,
            "mrr_at_5": 0.0,
            "mrr_at_10": 0.0,
            "mrr_at_20": 0.000588235294117647,
            "mrr_at_50": 0.0028194555259518205,
            "mrr_at_100": 0.0037438216499305226,
            "naucs_at_1_max": null,
            "naucs_at_1_std": null,
            "naucs_at_1_diff1": null,
            "naucs_at_3_max": null,
            "naucs_at_3_std": null,
            "naucs_at_3_diff1": null,
            "naucs_at_5_max": null,
            "naucs_at_5_std": null,
            "naucs_at_5_diff1": null,
            "naucs_at_10_max": null,
            "naucs_at_10_std": null,
            "naucs_at_10_diff1": null,
            "naucs_at_20_max": -0.0705661389857795,
            "naucs_at_20_std": 0.098470619801449,
            "naucs_at_20_diff1": 0.6619264824255435,
            "naucs_at_50_max": -0.11856050442715327,
            "naucs_at_50_std": -0.01978803327072707,
            "naucs_at_50_diff1": 0.151193989804132,
            "naucs_at_100_max": 0.06916641467593988,
            "naucs_at_100_std": -0.0218123173067232,
            "naucs_at_100_diff1": 0.02048180626952931
        }
    }
}