{
    "metadata": {
        "timestamp": "2025-04-03T11:46:34.220937",
        "vidore_benchmark_version": "5.0.0"
    },
    "metrics": {
        "vidore/arxivqa_test_subsampled": {
            "ndcg_at_1": 0.004,
            "ndcg_at_3": 0.00726,
            "ndcg_at_5": 0.00898,
            "ndcg_at_10": 0.01206,
            "ndcg_at_20": 0.01849,
            "ndcg_at_50": 0.02922,
            "ndcg_at_100": 0.04763,
            "map_at_1": 0.004,
            "map_at_3": 0.00633,
            "map_at_5": 0.00733,
            "map_at_10": 0.00851,
            "map_at_20": 0.0102,
            "map_at_50": 0.01192,
            "map_at_100": 0.01352,
            "recall_at_1": 0.004,
            "recall_at_3": 0.01,
            "recall_at_5": 0.014,
            "recall_at_10": 0.024,
            "recall_at_20": 0.05,
            "recall_at_50": 0.104,
            "recall_at_100": 0.218,
            "precision_at_1": 0.004,
            "precision_at_3": 0.00333,
            "precision_at_5": 0.0028,
            "precision_at_10": 0.0024,
            "precision_at_20": 0.0025,
            "precision_at_50": 0.00208,
            "precision_at_100": 0.00218,
            "mrr_at_1": 0.004,
            "mrr_at_3": 0.006333333333333333,
            "mrr_at_5": 0.007333333333333334,
            "mrr_at_10": 0.008513492063492065,
            "mrr_at_20": 0.010198143926936498,
            "mrr_at_50": 0.01192262501058765,
            "mrr_at_100": 0.013519608290572544,
            "naucs_at_1_max": 0.3971022269922189,
            "naucs_at_1_std": 0.2111617923262678,
            "naucs_at_1_diff1": 0.21263751006171183,
            "naucs_at_3_max": 0.2560772739468742,
            "naucs_at_3_std": 0.3238529648510866,
            "naucs_at_3_diff1": 0.16216796350952506,
            "naucs_at_5_max": 0.21817624286097595,
            "naucs_at_5_std": 0.10372187511978234,
            "naucs_at_5_diff1": 0.22929203879029494,
            "naucs_at_10_max": 0.2950764690099274,
            "naucs_at_10_std": 0.04959305965477148,
            "naucs_at_10_diff1": 0.2167516322332527,
            "naucs_at_20_max": 0.3401770861282532,
            "naucs_at_20_std": 0.01922189428494757,
            "naucs_at_20_diff1": 0.3225972632143815,
            "naucs_at_50_max": 0.2515265260032204,
            "naucs_at_50_std": 0.07139122979444178,
            "naucs_at_50_diff1": 0.15743083582526507,
            "naucs_at_100_max": 0.1420687977090306,
            "naucs_at_100_std": 0.14115790031912614,
            "naucs_at_100_diff1": 0.09297080449084885
        }
    }
}