{
    "metadata": {
        "timestamp": "2025-04-03T12:04:51.106177",
        "vidore_benchmark_version": "5.0.0"
    },
    "metrics": {
        "vidore/shiftproject_test": {
            "ndcg_at_1": 0.0,
            "ndcg_at_3": 0.0,
            "ndcg_at_5": 0.0,
            "ndcg_at_10": 0.0,
            "ndcg_at_20": 0.00245,
            "ndcg_at_50": 0.00812,
            "ndcg_at_100": 0.02084,
            "map_at_1": 0.0,
            "map_at_3": 0.0,
            "map_at_5": 0.0,
            "map_at_10": 0.0,
            "map_at_20": 0.00063,
            "map_at_50": 0.00141,
            "map_at_100": 0.00246,
            "recall_at_1": 0.0,
            "recall_at_3": 0.0,
            "recall_at_5": 0.0,
            "recall_at_10": 0.0,
            "recall_at_20": 0.01,
            "recall_at_50": 0.04,
            "recall_at_100": 0.12,
            "precision_at_1": 0.0,
            "precision_at_3": 0.0,
            "precision_at_5": 0.0,
            "precision_at_10": 0.0,
            "precision_at_20": 0.0005,
            "precision_at_50": 0.0008,
            "precision_at_100": 0.0012,
            "mrr_at_1": 0.0,
            "mrr_at_3": 0.0,
            "mrr_at_5": 0.0,
            "mrr_at_10": 0.0,
            "mrr_at_20": 0.000625,
            "mrr_at_50": 0.001413623141564318,
            "mrr_at_100": 0.002462526389232136,
            "naucs_at_1_max": null,
            "naucs_at_1_std": null,
            "naucs_at_1_diff1": null,
            "naucs_at_3_max": null,
            "naucs_at_3_std": null,
            "naucs_at_3_diff1": null,
            "naucs_at_5_max": null,
            "naucs_at_5_std": null,
            "naucs_at_5_diff1": null,
            "naucs_at_10_max": null,
            "naucs_at_10_std": null,
            "naucs_at_10_diff1": null,
            "naucs_at_20_max": -0.0705661389857795,
            "naucs_at_20_std": -0.20579554601556224,
            "naucs_at_20_diff1": -0.4995975315266972,
            "naucs_at_50_max": 0.04755835792862896,
            "naucs_at_50_std": -0.2581164475449425,
            "naucs_at_50_diff1": 0.3715454789374833,
            "naucs_at_100_max": 0.005544498151833948,
            "naucs_at_100_std": -0.20227940479575407,
            "naucs_at_100_diff1": -0.015519855937825787
        }
    }
}