{
    "metadata": {
        "timestamp": "2025-04-03T11:58:57.323029",
        "vidore_benchmark_version": "5.0.0"
    },
    "metrics": {
        "vidore/tatdqa_test": {
            "ndcg_at_1": 0.00425,
            "ndcg_at_3": 0.00868,
            "ndcg_at_5": 0.01239,
            "ndcg_at_10": 0.01844,
            "ndcg_at_20": 0.02975,
            "ndcg_at_50": 0.05105,
            "ndcg_at_100": 0.08147,
            "map_at_1": 0.00425,
            "map_at_3": 0.00749,
            "map_at_5": 0.00953,
            "map_at_10": 0.012,
            "map_at_20": 0.015,
            "map_at_50": 0.0183,
            "map_at_100": 0.02091,
            "recall_at_1": 0.00425,
            "recall_at_3": 0.01215,
            "recall_at_5": 0.02126,
            "recall_at_10": 0.0401,
            "recall_at_20": 0.08566,
            "recall_at_50": 0.19441,
            "recall_at_100": 0.38335,
            "precision_at_1": 0.00425,
            "precision_at_3": 0.00405,
            "precision_at_5": 0.00425,
            "precision_at_10": 0.00401,
            "precision_at_20": 0.00428,
            "precision_at_50": 0.00389,
            "precision_at_100": 0.00383,
            "mrr_at_1": 0.00425273390036452,
            "mrr_at_3": 0.007492912110166062,
            "mrr_at_5": 0.009528149048197652,
            "mrr_at_10": 0.011995168662847878,
            "mrr_at_20": 0.01499756256641792,
            "mrr_at_50": 0.018303935865842526,
            "mrr_at_100": 0.020920264741265446,
            "naucs_at_1_max": -0.07645870263948419,
            "naucs_at_1_std": 0.3569926646741053,
            "naucs_at_1_diff1": 0.0823157648932754,
            "naucs_at_3_max": -0.08260542825158713,
            "naucs_at_3_std": 0.14703729238111643,
            "naucs_at_3_diff1": -0.030283558846947917,
            "naucs_at_5_max": -0.055150651719145835,
            "naucs_at_5_std": 0.047199738183812595,
            "naucs_at_5_diff1": -0.0572339547872935,
            "naucs_at_10_max": -0.06369005098041487,
            "naucs_at_10_std": 0.004918171661987698,
            "naucs_at_10_diff1": -0.030611802832402543,
            "naucs_at_20_max": -0.062475072558247594,
            "naucs_at_20_std": -0.03287604246303354,
            "naucs_at_20_diff1": 0.0033131178559967557,
            "naucs_at_50_max": -0.003097676168564013,
            "naucs_at_50_std": -0.022075790802165558,
            "naucs_at_50_diff1": -0.04229716986771161,
            "naucs_at_100_max": 0.0018222158001512854,
            "naucs_at_100_std": -0.050089377963856964,
            "naucs_at_100_diff1": -0.026637727278660397
        }
    }
}