{
    "metadata": {
        "timestamp": "2025-04-03T12:09:12.463375",
        "vidore_benchmark_version": "5.0.0"
    },
    "metrics": {
        "vidore/syntheticDocQA_artificial_intelligence_test": {
            "ndcg_at_1": 0.0,
            "ndcg_at_3": 0.0,
            "ndcg_at_5": 0.0,
            "ndcg_at_10": 0.0,
            "ndcg_at_20": 0.0054,
            "ndcg_at_50": 0.01324,
            "ndcg_at_100": 0.01481,
            "map_at_1": 0.0,
            "map_at_3": 0.0,
            "map_at_5": 0.0,
            "map_at_10": 0.0,
            "map_at_20": 0.00167,
            "map_at_50": 0.00287,
            "map_at_100": 0.00299,
            "recall_at_1": 0.0,
            "recall_at_3": 0.0,
            "recall_at_5": 0.0,
            "recall_at_10": 0.0,
            "recall_at_20": 0.02,
            "recall_at_50": 0.06,
            "recall_at_100": 0.07,
            "precision_at_1": 0.0,
            "precision_at_3": 0.0,
            "precision_at_5": 0.0,
            "precision_at_10": 0.0,
            "precision_at_20": 0.001,
            "precision_at_50": 0.0012,
            "precision_at_100": 0.0007,
            "mrr_at_1": 0.0,
            "mrr_at_3": 0.0,
            "mrr_at_5": 0.0,
            "mrr_at_10": 0.0,
            "mrr_at_20": 0.0016666666666666666,
            "mrr_at_50": 0.0028675030630419657,
            "mrr_at_100": 0.002989454282554161,
            "naucs_at_1_max": null,
            "naucs_at_1_std": null,
            "naucs_at_1_diff1": null,
            "naucs_at_3_max": null,
            "naucs_at_3_std": null,
            "naucs_at_3_diff1": null,
            "naucs_at_5_max": null,
            "naucs_at_5_std": null,
            "naucs_at_5_diff1": null,
            "naucs_at_10_max": null,
            "naucs_at_10_std": null,
            "naucs_at_10_diff1": null,
            "naucs_at_20_max": -0.4949020660048298,
            "naucs_at_20_std": -0.2850818352562383,
            "naucs_at_20_diff1": -0.05366246310705662,
            "naucs_at_50_max": -0.06658617297200631,
            "naucs_at_50_std": 0.13026562919237983,
            "naucs_at_50_diff1": 0.4233968339146768,
            "naucs_at_100_max": -0.0430066311472269,
            "naucs_at_100_std": 0.1579209628579094,
            "naucs_at_100_diff1": 0.3335122082103568
        }
    }
}