{
    "metadata": {
        "timestamp": "2025-04-03T11:52:35.862790",
        "vidore_benchmark_version": "5.0.0"
    },
    "metrics": {
        "vidore/infovqa_test_subsampled": {
            "ndcg_at_1": 0.00202,
            "ndcg_at_3": 0.00431,
            "ndcg_at_5": 0.00693,
            "ndcg_at_10": 0.01083,
            "ndcg_at_20": 0.01853,
            "ndcg_at_50": 0.03176,
            "ndcg_at_100": 0.05135,
            "map_at_1": 0.00202,
            "map_at_3": 0.00371,
            "map_at_5": 0.00523,
            "map_at_10": 0.00683,
            "map_at_20": 0.00896,
            "map_at_50": 0.0109,
            "map_at_100": 0.0125,
            "recall_at_1": 0.00202,
            "recall_at_3": 0.00607,
            "recall_at_5": 0.01215,
            "recall_at_10": 0.02429,
            "recall_at_20": 0.05466,
            "recall_at_50": 0.12348,
            "recall_at_100": 0.24696,
            "precision_at_1": 0.00202,
            "precision_at_3": 0.00202,
            "precision_at_5": 0.00243,
            "precision_at_10": 0.00243,
            "precision_at_20": 0.00273,
            "precision_at_50": 0.00247,
            "precision_at_100": 0.00247,
            "mrr_at_1": 0.0020242914979757085,
            "mrr_at_3": 0.003711201079622132,
            "mrr_at_5": 0.0052294197031039135,
            "mrr_at_10": 0.00682555748345222,
            "mrr_at_20": 0.008957083146426471,
            "mrr_at_50": 0.010902387069531658,
            "mrr_at_100": 0.012499676771563835,
            "naucs_at_1_max": -0.31789601774541193,
            "naucs_at_1_std": 0.3232052807919135,
            "naucs_at_1_diff1": -0.07034588087134297,
            "naucs_at_3_max": -0.26749036619052097,
            "naucs_at_3_std": 0.2498971118983611,
            "naucs_at_3_diff1": -0.2956180295191717,
            "naucs_at_5_max": -0.275270210513487,
            "naucs_at_5_std": 0.31069512862615634,
            "naucs_at_5_diff1": -0.010949417315872666,
            "naucs_at_10_max": -0.23023191569142598,
            "naucs_at_10_std": -0.037249536689386756,
            "naucs_at_10_diff1": -0.029681515790152,
            "naucs_at_20_max": -0.15250557384339566,
            "naucs_at_20_std": 0.012653859046821038,
            "naucs_at_20_diff1": 0.04968519846543676,
            "naucs_at_50_max": -0.15206223323855256,
            "naucs_at_50_std": 0.03552598226752827,
            "naucs_at_50_diff1": -0.05337688578291459,
            "naucs_at_100_max": -0.10150455299145664,
            "naucs_at_100_std": -0.001376145087175124,
            "naucs_at_100_diff1": 0.05882149398913672
        }
    }
}