{
    "metadata": {
        "description": "Merged metrics for vit_google_vit-base-patch16-224-in21k_seg_2x2 on selected datasets",
        "datasets_included": [
            "arxivqa_test_subsampled",
            "docvqa_test_subsampled",
            "tabfquad_test_subsampled",
            "tatdqa_test"
        ],
        "timestamp": "2025-04-01T12:23:35.817718",
        "vidore_benchmark_version": "5.0.0"
    },
    "metrics": {
        "vidore/arxivqa_test_subsampled": {
            "ndcg_at_1": 0.004,
            "ndcg_at_3": 0.00752,
            "ndcg_at_5": 0.01002,
            "ndcg_at_10": 0.01241,
            "ndcg_at_20": 0.01591,
            "ndcg_at_50": 0.02601,
            "ndcg_at_100": 0.04406,
            "map_at_1": 0.004,
            "map_at_3": 0.00667,
            "map_at_5": 0.00807,
            "map_at_10": 0.00894,
            "map_at_20": 0.00988,
            "map_at_50": 0.01141,
            "map_at_100": 0.01297,
            "recall_at_1": 0.004,
            "recall_at_3": 0.01,
            "recall_at_5": 0.016,
            "recall_at_10": 0.024,
            "recall_at_20": 0.038,
            "recall_at_50": 0.09,
            "recall_at_100": 0.202,
            "precision_at_1": 0.004,
            "precision_at_3": 0.00333,
            "precision_at_5": 0.0032,
            "precision_at_10": 0.0024,
            "precision_at_20": 0.0019,
            "precision_at_50": 0.0018,
            "precision_at_100": 0.00202,
            "mrr_at_1": 0.004,
            "mrr_at_3": 0.006666666666666667,
            "mrr_at_5": 0.008066666666666666,
            "mrr_at_10": 0.008938888888888889,
            "mrr_at_20": 0.009881899266883787,
            "mrr_at_50": 0.011413755204925963,
            "mrr_at_100": 0.012966800213916068,
            "naucs_at_1_max": 0.2502012342366514,
            "naucs_at_1_std": -0.08787228333780518,
            "naucs_at_1_diff1": 0.46471693050711027,
            "naucs_at_3_max": 0.1533673195599677,
            "naucs_at_3_std": 0.023772471156425966,
            "naucs_at_3_diff1": 0.25495036222162587,
            "naucs_at_5_max": 0.0446404614971828,
            "naucs_at_5_std": -0.01673598068151329,
            "naucs_at_5_diff1": -0.037396028977730006,
            "naucs_at_10_max": 0.15360880064394952,
            "naucs_at_10_std": -0.051180574188355275,
            "naucs_at_10_diff1": 0.00547804310884533,
            "naucs_at_20_max": 0.13048451555505336,
            "naucs_at_20_std": -0.05587957013542722,
            "naucs_at_20_diff1": -0.023399658254840316,
            "naucs_at_50_max": 0.053877112959484844,
            "naucs_at_50_std": 0.03694362460125808,
            "naucs_at_50_diff1": -0.0948692722773753,
            "naucs_at_100_max": 0.007478120466892111,
            "naucs_at_100_std": -0.025949882119090408,
            "naucs_at_100_diff1": -0.04450205366878206
        },
        "vidore/docvqa_test_subsampled": {
            "ndcg_at_1": 0.00222,
            "ndcg_at_3": 0.00472,
            "ndcg_at_5": 0.00472,
            "ndcg_at_10": 0.01053,
            "ndcg_at_20": 0.01501,
            "ndcg_at_50": 0.02735,
            "ndcg_at_100": 0.04192,
            "map_at_1": 0.00222,
            "map_at_3": 0.00407,
            "map_at_5": 0.00407,
            "map_at_10": 0.00651,
            "map_at_20": 0.00773,
            "map_at_50": 0.00955,
            "map_at_100": 0.01077,
            "recall_at_1": 0.00222,
            "recall_at_3": 0.00665,
            "recall_at_5": 0.00665,
            "recall_at_10": 0.02439,
            "recall_at_20": 0.04213,
            "recall_at_50": 0.10643,
            "recall_at_100": 0.19734,
            "precision_at_1": 0.00222,
            "precision_at_3": 0.00222,
            "precision_at_5": 0.00133,
            "precision_at_10": 0.00244,
            "precision_at_20": 0.00211,
            "precision_at_50": 0.00213,
            "precision_at_100": 0.00197,
            "mrr_at_1": 0.0022172949002217295,
            "mrr_at_3": 0.004065040650406504,
            "mrr_at_5": 0.004065040650406504,
            "mrr_at_10": 0.006510224193151022,
            "mrr_at_20": 0.007732372719964792,
            "mrr_at_50": 0.009546113147820223,
            "mrr_at_100": 0.010774614042767288,
            "naucs_at_1_max": 0.3239433279467102,
            "naucs_at_1_std": 0.3239433279467102,
            "naucs_at_1_diff1": -0.41416862466495796,
            "naucs_at_3_max": -0.2742682285416116,
            "naucs_at_3_std": -0.1641310068574244,
            "naucs_at_3_diff1": -0.49532808282563395,
            "naucs_at_5_max": -0.2742682285416116,
            "naucs_at_5_std": -0.16413100685742443,
            "naucs_at_5_diff1": -0.4953280828256339,
            "naucs_at_10_max": 0.0004645934681244879,
            "naucs_at_10_std": -0.042320113487127956,
            "naucs_at_10_diff1": 0.17531943379751994,
            "naucs_at_20_max": 0.02295565675193836,
            "naucs_at_20_std": -0.14401754509068745,
            "naucs_at_20_diff1": 0.17508950951931967,
            "naucs_at_50_max": 0.04392799177190798,
            "naucs_at_50_std": -0.11471693554951094,
            "naucs_at_50_diff1": 0.14888967928255145,
            "naucs_at_100_max": -0.013257232102116188,
            "naucs_at_100_std": -0.09859406955493749,
            "naucs_at_100_diff1": 0.05143604409818058
        },
        "vidore/tabfquad_test_subsampled": {
            "ndcg_at_1": 0.01429,
            "ndcg_at_3": 0.0327,
            "ndcg_at_5": 0.03976,
            "ndcg_at_10": 0.06529,
            "ndcg_at_20": 0.09574,
            "ndcg_at_50": 0.18866,
            "ndcg_at_100": 0.23191,
            "map_at_1": 0.01429,
            "map_at_3": 0.02798,
            "map_at_5": 0.03173,
            "map_at_10": 0.04234,
            "map_at_20": 0.05058,
            "map_at_50": 0.06468,
            "map_at_100": 0.06893,
            "recall_at_1": 0.01429,
            "recall_at_3": 0.04643,
            "recall_at_5": 0.06429,
            "recall_at_10": 0.14286,
            "recall_at_20": 0.26429,
            "recall_at_50": 0.74286,
            "recall_at_100": 1.0,
            "precision_at_1": 0.01429,
            "precision_at_3": 0.01548,
            "precision_at_5": 0.01286,
            "precision_at_10": 0.01429,
            "precision_at_20": 0.01321,
            "precision_at_50": 0.01486,
            "precision_at_100": 0.01,
            "mrr_at_1": 0.014285714285714285,
            "mrr_at_3": 0.027976190476190474,
            "mrr_at_5": 0.03172619047619048,
            "mrr_at_10": 0.04234268707482993,
            "mrr_at_20": 0.05057802394973447,
            "mrr_at_50": 0.06467833046994488,
            "mrr_at_100": 0.06893117942801572,
            "naucs_at_1_max": -0.2273276093372687,
            "naucs_at_1_std": -0.05366246310705666,
            "naucs_at_1_diff1": -0.12235041588408917,
            "naucs_at_3_max": -0.24437060122598087,
            "naucs_at_3_std": -0.21650739922808604,
            "naucs_at_3_diff1": -0.09186600895750348,
            "naucs_at_5_max": -0.21093819872998829,
            "naucs_at_5_std": -0.15827445368631302,
            "naucs_at_5_diff1": -0.10832364427749445,
            "naucs_at_10_max": -0.13704090773365177,
            "naucs_at_10_std": -0.17214093759331145,
            "naucs_at_10_diff1": -0.0883174081815467,
            "naucs_at_20_max": -0.05321329384396233,
            "naucs_at_20_std": -0.15465930169401204,
            "naucs_at_20_diff1": 0.006809866877094483,
            "naucs_at_50_max": 0.11760579845686257,
            "naucs_at_50_std": 0.015657879354687463,
            "naucs_at_50_diff1": 0.10926905541267246,
            "naucs_at_100_max": 1.0,
            "naucs_at_100_std": 1.0,
            "naucs_at_100_diff1": 1.0
        },
        "vidore/tatdqa_test": {
            "ndcg_at_1": 0.00425,
            "ndcg_at_3": 0.00868,
            "ndcg_at_5": 0.01111,