{
    "metadata": {
        "timestamp": "2025-04-01T12:23:35.817718",
        "vidore_benchmark_version": "5.0.0"
    },
    "metrics": {
        "vidore/arxivqa_test_subsampled": {
            "ndcg_at_1": 0.004,
            "ndcg_at_3": 0.00752,
            "ndcg_at_5": 0.01002,
            "ndcg_at_10": 0.01241,
            "ndcg_at_20": 0.01591,
            "ndcg_at_50": 0.02601,
            "ndcg_at_100": 0.04406,
            "map_at_1": 0.004,
            "map_at_3": 0.00667,
            "map_at_5": 0.00807,
            "map_at_10": 0.00894,
            "map_at_20": 0.00988,
            "map_at_50": 0.01141,
            "map_at_100": 0.01297,
            "recall_at_1": 0.004,
            "recall_at_3": 0.01,
            "recall_at_5": 0.016,
            "recall_at_10": 0.024,
            "recall_at_20": 0.038,
            "recall_at_50": 0.09,
            "recall_at_100": 0.202,
            "precision_at_1": 0.004,
            "precision_at_3": 0.00333,
            "precision_at_5": 0.0032,
            "precision_at_10": 0.0024,
            "precision_at_20": 0.0019,
            "precision_at_50": 0.0018,
            "precision_at_100": 0.00202,
            "mrr_at_1": 0.004,
            "mrr_at_3": 0.006666666666666667,
            "mrr_at_5": 0.008066666666666666,
            "mrr_at_10": 0.008938888888888889,
            "mrr_at_20": 0.009881899266883787,
            "mrr_at_50": 0.011413755204925963,
            "mrr_at_100": 0.012966800213916068,
            "naucs_at_1_max": 0.2502012342366514,
            "naucs_at_1_std": -0.08787228333780518,
            "naucs_at_1_diff1": 0.46471693050711027,
            "naucs_at_3_max": 0.1533673195599677,
            "naucs_at_3_std": 0.023772471156425966,
            "naucs_at_3_diff1": 0.25495036222162587,
            "naucs_at_5_max": 0.0446404614971828,
            "naucs_at_5_std": -0.01673598068151329,
            "naucs_at_5_diff1": -0.037396028977730006,
            "naucs_at_10_max": 0.15360880064394952,
            "naucs_at_10_std": -0.051180574188355275,
            "naucs_at_10_diff1": 0.00547804310884533,
            "naucs_at_20_max": 0.13048451555505336,
            "naucs_at_20_std": -0.05587957013542722,
            "naucs_at_20_diff1": -0.023399658254840316,
            "naucs_at_50_max": 0.053877112959484844,
            "naucs_at_50_std": 0.03694362460125808,
            "naucs_at_50_diff1": -0.0948692722773753,
            "naucs_at_100_max": 0.007478120466892111,
            "naucs_at_100_std": -0.025949882119090408,
            "naucs_at_100_diff1": -0.04450205366878206
        }
    }
}