{
    "metadata": {
        "timestamp": "2025-04-01T12:40:33.276985",
        "vidore_benchmark_version": "5.0.0"
    },
    "metrics": {
        "vidore/infovqa_test_subsampled": {
            "ndcg_at_1": 0.00202,
            "ndcg_at_3": 0.00431,
            "ndcg_at_5": 0.00675,
            "ndcg_at_10": 0.0093,
            "ndcg_at_20": 0.01349,
            "ndcg_at_50": 0.02414,
            "ndcg_at_100": 0.03784,
            "map_at_1": 0.00202,
            "map_at_3": 0.00371,
            "map_at_5": 0.00503,
            "map_at_10": 0.00603,
            "map_at_20": 0.00723,
            "map_at_50": 0.00886,
            "map_at_100": 0.01004,
            "recall_at_1": 0.00202,
            "recall_at_3": 0.00607,
            "recall_at_5": 0.01215,
            "recall_at_10": 0.02024,
            "recall_at_20": 0.03644,
            "recall_at_50": 0.09109,
            "recall_at_100": 0.17611,
            "precision_at_1": 0.00202,
            "precision_at_3": 0.00202,
            "precision_at_5": 0.00243,
            "precision_at_10": 0.00202,
            "precision_at_20": 0.00182,
            "precision_at_50": 0.00182,
            "precision_at_100": 0.00176,
            "mrr_at_1": 0.0020242914979757085,
            "mrr_at_3": 0.003711201079622132,
            "mrr_at_5": 0.005026990553306343,
            "mrr_at_10": 0.006032709980078401,
            "mrr_at_20": 0.00723311858552392,
            "mrr_at_50": 0.00886075367330074,
            "mrr_at_100": 0.010044378938964491,
            "naucs_at_1_max": -0.57351394509683,
            "naucs_at_1_std": -0.57351394509683,
            "naucs_at_1_diff1": -0.57351394509683,
            "naucs_at_3_max": -0.5204190300494893,
            "naucs_at_3_std": -0.43521305426568335,
            "naucs_at_3_diff1": -0.2746075364672489,
            "naucs_at_5_max": -0.44299289858864926,
            "naucs_at_5_std": -0.373842453173076,
            "naucs_at_5_diff1": -0.17946318533263256,
            "naucs_at_10_max": -0.35817620153757923,
            "naucs_at_10_std": -0.2641258857659916,
            "naucs_at_10_diff1": -0.20368742155353148,
            "naucs_at_20_max": -0.24259261088624975,
            "naucs_at_20_std": -0.11641358644407995,
            "naucs_at_20_diff1": -0.15769245241754218,
            "naucs_at_50_max": -0.2021320402784259,
            "naucs_at_50_std": -0.10593104880011983,
            "naucs_at_50_diff1": -0.1460500309968447,
            "naucs_at_100_max": -0.059729637061833055,
            "naucs_at_100_std": 0.028065598087743327,
            "naucs_at_100_diff1": -0.028663277841462567
        }
    }
}