{
    "metadata": {
        "timestamp": "2025-04-01T13:22:55.958649",
        "vidore_benchmark_version": "5.0.0"
    },
    "metrics": {
        "vidore/shiftproject_test": {
            "ndcg_at_1": 0.0,
            "ndcg_at_3": 0.005,
            "ndcg_at_5": 0.005,
            "ndcg_at_10": 0.005,
            "ndcg_at_20": 0.005,
            "ndcg_at_50": 0.01237,
            "ndcg_at_100": 0.01874,
            "map_at_1": 0.0,
            "map_at_3": 0.00333,
            "map_at_5": 0.00333,
            "map_at_10": 0.00333,
            "map_at_20": 0.00333,
            "map_at_50": 0.00429,
            "map_at_100": 0.00481,
            "recall_at_1": 0.0,
            "recall_at_3": 0.01,
            "recall_at_5": 0.01,
            "recall_at_10": 0.01,
            "recall_at_20": 0.01,
            "recall_at_50": 0.05,
            "recall_at_100": 0.09,
            "precision_at_1": 0.0,
            "precision_at_3": 0.00333,
            "precision_at_5": 0.002,
            "precision_at_10": 0.001,
            "precision_at_20": 0.0005,
            "precision_at_50": 0.001,
            "precision_at_100": 0.0009,
            "mrr_at_1": 0.0,
            "mrr_at_3": 0.003333333333333333,
            "mrr_at_5": 0.003333333333333333,
            "mrr_at_10": 0.003333333333333333,
            "mrr_at_20": 0.003333333333333333,
            "mrr_at_50": 0.004289506316360536,
            "mrr_at_100": 0.0048122543192815745,
            "naucs_at_1_max": null,
            "naucs_at_1_std": null,
            "naucs_at_1_diff1": null,
            "naucs_at_3_max": -0.5747249798765764,
            "naucs_at_3_std": -0.5747249798765764,
            "naucs_at_3_diff1": -0.4995975315266971,
            "naucs_at_5_max": -0.5747249798765764,
            "naucs_at_5_std": -0.5747249798765764,
            "naucs_at_5_diff1": -0.4995975315266972,
            "naucs_at_10_max": -0.5747249798765764,
            "naucs_at_10_std": -0.5747249798765764,
            "naucs_at_10_diff1": -0.4995975315266972,
            "naucs_at_20_max": -0.5747249798765764,
            "naucs_at_20_std": -0.5747249798765764,
            "naucs_at_20_diff1": -0.4995975315266972,
            "naucs_at_50_max": -0.046847330292460534,
            "naucs_at_50_std": -0.14150791521330836,
            "naucs_at_50_diff1": -0.11145693587335662,
            "naucs_at_100_max": -0.05193333929582921,
            "naucs_at_100_std": -0.014816802313448467,
            "naucs_at_100_diff1": -0.1371970306770414
        }
    }
}