{
    "metadata": {
        "timestamp": "2025-04-01T13:06:33.662279",
        "vidore_benchmark_version": "5.0.0"
    },
    "metrics": {
        "vidore/tatdqa_test": {
            "ndcg_at_1": 0.00425,
            "ndcg_at_3": 0.00868,
            "ndcg_at_5": 0.01111,
            "ndcg_at_10": 0.01747,
            "ndcg_at_20": 0.02506,
            "ndcg_at_50": 0.04605,
            "ndcg_at_100": 0.07561,
            "map_at_1": 0.00425,
            "map_at_3": 0.00749,
            "map_at_5": 0.0088,
            "map_at_10": 0.01136,
            "map_at_20": 0.01347,
            "map_at_50": 0.01665,
            "map_at_100": 0.0192,
            "recall_at_1": 0.00425,
            "recall_at_3": 0.01215,
            "recall_at_5": 0.01823,
            "recall_at_10": 0.03827,
            "recall_at_20": 0.06804,
            "recall_at_50": 0.17618,
            "recall_at_100": 0.35966,
            "precision_at_1": 0.00425,
            "precision_at_3": 0.00405,
            "precision_at_5": 0.00365,
            "precision_at_10": 0.00383,
            "precision_at_20": 0.0034,
            "precision_at_50": 0.00352,
            "precision_at_100": 0.0036,
            "mrr_at_1": 0.00425273390036452,
            "mrr_at_3": 0.0074929121101660594,
            "mrr_at_5": 0.008799108950992304,
            "mrr_at_10": 0.011356053154352062,
            "mrr_at_20": 0.013474017826345828,
            "mrr_at_50": 0.01666029183403531,
            "mrr_at_100": 0.019183924324630505,
            "naucs_at_1_max": 0.27882532239192714,
            "naucs_at_1_std": 0.2531309842109492,
            "naucs_at_1_diff1": -0.0010965456384468503,
            "naucs_at_3_max": 0.31508161146938285,
            "naucs_at_3_std": 0.35252521458934916,
            "naucs_at_3_diff1": -0.011161035821322201,
            "naucs_at_5_max": 0.3938768581618219,
            "naucs_at_5_std": 0.3763872545844521,
            "naucs_at_5_diff1": -0.05309951517984971,
            "naucs_at_10_max": 0.23614243475022448,
            "naucs_at_10_std": 0.2053452742004922,
            "naucs_at_10_diff1": -0.019511157698364194,
            "naucs_at_20_max": 0.1563288708182644,
            "naucs_at_20_std": 0.11632396960427369,
            "naucs_at_20_diff1": -0.007959483618018882,
            "naucs_at_50_max": 0.11589043328823996,
            "naucs_at_50_std": 0.09665331183548376,
            "naucs_at_50_diff1": -0.04908829479862852,
            "naucs_at_100_max": 0.07371354364188071,
            "naucs_at_100_std": 0.025175988759673498,
            "naucs_at_100_diff1": -0.02585872393254538
        }
    }
}