{
    "metadata": {
        "timestamp": "2025-04-01T14:07:16.150252",
        "vidore_benchmark_version": "5.0.0"
    },
    "metrics": {
        "vidore/syntheticDocQA_government_reports_test": {
            "ndcg_at_1": 0.0,
            "ndcg_at_3": 0.0,
            "ndcg_at_5": 0.00818,
            "ndcg_at_10": 0.00818,
            "ndcg_at_20": 0.01318,
            "ndcg_at_50": 0.02732,
            "ndcg_at_100": 0.03368,
            "map_at_1": 0.0,
            "map_at_3": 0.0,
            "map_at_5": 0.0045,
            "map_at_10": 0.0045,
            "map_at_20": 0.00583,
            "map_at_50": 0.0082,
            "map_at_100": 0.00872,
            "recall_at_1": 0.0,
            "recall_at_3": 0.0,
            "recall_at_5": 0.02,
            "recall_at_10": 0.02,
            "recall_at_20": 0.04,
            "recall_at_50": 0.11,
            "recall_at_100": 0.15,
            "precision_at_1": 0.0,
            "precision_at_3": 0.0,
            "precision_at_5": 0.004,
            "precision_at_10": 0.002,
            "precision_at_20": 0.002,
            "precision_at_50": 0.0022,
            "precision_at_100": 0.0015,
            "mrr_at_1": 0.0,
            "mrr_at_3": 0.0,
            "mrr_at_5": 0.0045000000000000005,
            "mrr_at_10": 0.0045000000000000005,
            "mrr_at_20": 0.005833333333333334,
            "mrr_at_50": 0.008197729070687328,
            "mrr_at_100": 0.00871962253134646,
            "naucs_at_1_max": null,
            "naucs_at_1_std": null,
            "naucs_at_1_diff1": null,
            "naucs_at_3_max": null,
            "naucs_at_3_std": null,
            "naucs_at_3_diff1": null,
            "naucs_at_5_max": 1.0,
            "naucs_at_5_std": 1.0,
            "naucs_at_5_diff1": 0.013952240407834753,
            "naucs_at_10_max": 1.0,
            "naucs_at_10_std": 1.0,
            "naucs_at_10_diff1": 0.013952240407834753,
            "naucs_at_20_max": 0.670378320364905,
            "naucs_at_20_std": 0.6985511134961098,
            "naucs_at_20_diff1": 0.11329487523477337,
            "naucs_at_50_max": 0.069658001358935,
            "naucs_at_50_std": 0.07292951153836483,
            "naucs_at_50_diff1": 0.17640989506001964,
            "naucs_at_100_max": -0.07438766253401899,
            "naucs_at_100_std": -0.027537546618284545,
            "naucs_at_100_diff1": 0.048805563955246385
        }
    }
}