{
    "metadata": {
        "timestamp": "2025-04-01T13:37:02.560550",
        "vidore_benchmark_version": "5.0.0"
    },
    "metrics": {
        "vidore/syntheticDocQA_artificial_intelligence_test": {
            "ndcg_at_1": 0.0,
            "ndcg_at_3": 0.0,
            "ndcg_at_5": 0.00387,
            "ndcg_at_10": 0.00387,
            "ndcg_at_20": 0.00906,
            "ndcg_at_50": 0.01332,
            "ndcg_at_100": 0.02458,
            "map_at_1": 0.0,
            "map_at_3": 0.0,
            "map_at_5": 0.002,
            "map_at_10": 0.002,
            "map_at_20": 0.0035,
            "map_at_50": 0.00431,
            "map_at_100": 0.00527,
            "recall_at_1": 0.0,
            "recall_at_3": 0.0,
            "recall_at_5": 0.01,
            "recall_at_10": 0.01,
            "recall_at_20": 0.03,
            "recall_at_50": 0.05,
            "recall_at_100": 0.12,
            "precision_at_1": 0.0,
            "precision_at_3": 0.0,
            "precision_at_5": 0.002,
            "precision_at_10": 0.001,
            "precision_at_20": 0.0015,
            "precision_at_50": 0.001,
            "precision_at_100": 0.0012,
            "mrr_at_1": 0.0,
            "mrr_at_3": 0.0,
            "mrr_at_5": 0.002,
            "mrr_at_10": 0.002,
            "mrr_at_20": 0.003497326203208556,
            "mrr_at_50": 0.004306850012732366,
            "mrr_at_100": 0.005272773213677461,
            "naucs_at_1_max": null,
            "naucs_at_1_std": null,
            "naucs_at_1_diff1": null,
            "naucs_at_3_max": null,
            "naucs_at_3_std": null,
            "naucs_at_3_diff1": null,
            "naucs_at_5_max": -0.0705661389857795,
            "naucs_at_5_std": -0.0705661389857795,
            "naucs_at_5_diff1": 0.3238529648510868,
            "naucs_at_10_max": -0.0705661389857795,
            "naucs_at_10_std": -0.0705661389857795,
            "naucs_at_10_diff1": 0.3238529648510868,
            "naucs_at_20_max": -0.23861908594937842,
            "naucs_at_20_std": -0.059297021733297525,
            "naucs_at_20_diff1": -0.15222252034701733,
            "naucs_at_50_max": -0.2403005097933996,
            "naucs_at_50_std": -0.029997316876844735,
            "naucs_at_50_diff1": -0.24743761738663816,
            "naucs_at_100_max": -0.038148042839541325,
            "naucs_at_100_std": 0.045919818026727385,
            "naucs_at_100_diff1": -0.010638802009288281
        }
    }
}