{
    "metadata": {
        "timestamp": "2025-04-01T12:30:50.366727",
        "vidore_benchmark_version": "5.0.0"
    },
    "metrics": {
        "vidore/docvqa_test_subsampled": {
            "ndcg_at_1": 0.00222,
            "ndcg_at_3": 0.00472,
            "ndcg_at_5": 0.00472,
            "ndcg_at_10": 0.01053,
            "ndcg_at_20": 0.01501,
            "ndcg_at_50": 0.02735,
            "ndcg_at_100": 0.04192,
            "map_at_1": 0.00222,
            "map_at_3": 0.00407,
            "map_at_5": 0.00407,
            "map_at_10": 0.00651,
            "map_at_20": 0.00773,
            "map_at_50": 0.00955,
            "map_at_100": 0.01077,
            "recall_at_1": 0.00222,
            "recall_at_3": 0.00665,
            "recall_at_5": 0.00665,
            "recall_at_10": 0.02439,
            "recall_at_20": 0.04213,
            "recall_at_50": 0.10643,
            "recall_at_100": 0.19734,
            "precision_at_1": 0.00222,
            "precision_at_3": 0.00222,
            "precision_at_5": 0.00133,
            "precision_at_10": 0.00244,
            "precision_at_20": 0.00211,
            "precision_at_50": 0.00213,
            "precision_at_100": 0.00197,
            "mrr_at_1": 0.0022172949002217295,
            "mrr_at_3": 0.004065040650406504,
            "mrr_at_5": 0.004065040650406504,
            "mrr_at_10": 0.006510224193151022,
            "mrr_at_20": 0.007732372719964792,
            "mrr_at_50": 0.009546113147820223,
            "mrr_at_100": 0.010774614042767288,
            "naucs_at_1_max": 0.3239433279467102,
            "naucs_at_1_std": 0.3239433279467102,
            "naucs_at_1_diff1": -0.41416862466495796,
            "naucs_at_3_max": -0.2742682285416116,
            "naucs_at_3_std": -0.1641310068574244,
            "naucs_at_3_diff1": -0.49532808282563395,
            "naucs_at_5_max": -0.2742682285416116,
            "naucs_at_5_std": -0.16413100685742443,
            "naucs_at_5_diff1": -0.4953280828256339,
            "naucs_at_10_max": 0.0004645934681244879,
            "naucs_at_10_std": -0.042320113487127956,
            "naucs_at_10_diff1": 0.17531943379751994,
            "naucs_at_20_max": 0.02295565675193836,
            "naucs_at_20_std": -0.14401754509068745,
            "naucs_at_20_diff1": 0.17508950951931967,
            "naucs_at_50_max": 0.04392799177190798,
            "naucs_at_50_std": -0.11471693554951094,
            "naucs_at_50_diff1": 0.14888967928255145,
            "naucs_at_100_max": -0.013257232102116188,
            "naucs_at_100_std": -0.09859406955493749,
            "naucs_at_100_diff1": 0.05143604409818058
        }
    }
}