{
    "metadata": {
        "timestamp": "2025-04-01T14:22:24.916450",
        "vidore_benchmark_version": "5.0.0"
    },
    "metrics": {
        "vidore/syntheticDocQA_healthcare_industry_test": {
            "ndcg_at_1": 0.01,
            "ndcg_at_3": 0.01,
            "ndcg_at_5": 0.01,
            "ndcg_at_10": 0.01946,
            "ndcg_at_20": 0.02225,
            "ndcg_at_50": 0.02599,
            "ndcg_at_100": 0.03697,
            "map_at_1": 0.01,
            "map_at_3": 0.01,
            "map_at_5": 0.01,
            "map_at_10": 0.01378,
            "map_at_20": 0.01469,
            "map_at_50": 0.01519,
            "map_at_100": 0.01605,
            "recall_at_1": 0.01,
            "recall_at_3": 0.01,
            "recall_at_5": 0.01,
            "recall_at_10": 0.04,
            "recall_at_20": 0.05,
            "recall_at_50": 0.07,
            "recall_at_100": 0.14,
            "precision_at_1": 0.01,
            "precision_at_3": 0.00333,
            "precision_at_5": 0.002,
            "precision_at_10": 0.004,
            "precision_at_20": 0.0025,
            "precision_at_50": 0.0014,
            "precision_at_100": 0.0014,
            "mrr_at_1": 0.01,
            "mrr_at_3": 0.01,
            "mrr_at_5": 0.01,
            "mrr_at_10": 0.013777777777777778,
            "mrr_at_20": 0.014686868686868686,
            "mrr_at_50": 0.015189974276930798,
            "mrr_at_100": 0.016048305044647746,
            "naucs_at_1_max": -0.20579554601556216,
            "naucs_at_1_std": 0.6619264824255433,
            "naucs_at_1_diff1": -0.318486718540381,
            "naucs_at_3_max": -0.20579554601556213,
            "naucs_at_3_std": 0.6619264824255435,
            "naucs_at_3_diff1": -0.318486718540381,
            "naucs_at_5_max": -0.20579554601556224,
            "naucs_at_5_std": 0.6619264824255435,
            "naucs_at_5_diff1": -0.3184867185403811,
            "naucs_at_10_max": -0.42379930238797964,
            "naucs_at_10_std": -0.10927019050174408,
            "naucs_at_10_diff1": -0.2585859940971291,
            "naucs_at_20_max": -0.4389589482157232,
            "naucs_at_20_std": -0.20236114837671051,
            "naucs_at_20_diff1": -0.22098202307485917,
            "naucs_at_50_max": -0.12442025374679004,
            "naucs_at_50_std": -0.14055732300969775,
            "naucs_at_50_diff1": -0.017018666871095257,
            "naucs_at_100_max": -0.009016080444652018,
            "naucs_at_100_std": -0.18611311468454342,
            "naucs_at_100_diff1": 0.10643217786074925
        }
    }
}