{
    "metadata": {
        "timestamp": "2025-04-01T12:44:09.854641",
        "vidore_benchmark_version": "5.0.0"
    },
    "metrics": {
        "vidore/tabfquad_test_subsampled": {
            "ndcg_at_1": 0.01429,
            "ndcg_at_3": 0.0327,
            "ndcg_at_5": 0.03976,
            "ndcg_at_10": 0.06529,
            "ndcg_at_20": 0.09574,
            "ndcg_at_50": 0.18866,
            "ndcg_at_100": 0.23191,
            "map_at_1": 0.01429,
            "map_at_3": 0.02798,
            "map_at_5": 0.03173,
            "map_at_10": 0.04234,
            "map_at_20": 0.05058,
            "map_at_50": 0.06468,
            "map_at_100": 0.06893,
            "recall_at_1": 0.01429,
            "recall_at_3": 0.04643,
            "recall_at_5": 0.06429,
            "recall_at_10": 0.14286,
            "recall_at_20": 0.26429,
            "recall_at_50": 0.74286,
            "recall_at_100": 1.0,
            "precision_at_1": 0.01429,
            "precision_at_3": 0.01548,
            "precision_at_5": 0.01286,
            "precision_at_10": 0.01429,
            "precision_at_20": 0.01321,
            "precision_at_50": 0.01486,
            "precision_at_100": 0.01,
            "mrr_at_1": 0.014285714285714285,
            "mrr_at_3": 0.027976190476190474,
            "mrr_at_5": 0.03172619047619048,
            "mrr_at_10": 0.04234268707482993,
            "mrr_at_20": 0.05057802394973447,
            "mrr_at_50": 0.06467833046994488,
            "mrr_at_100": 0.06893117942801572,
            "naucs_at_1_max": -0.2273276093372687,
            "naucs_at_1_std": -0.05366246310705666,
            "naucs_at_1_diff1": -0.12235041588408917,
            "naucs_at_3_max": -0.24437060122598087,
            "naucs_at_3_std": -0.21650739922808604,
            "naucs_at_3_diff1": -0.09186600895750348,
            "naucs_at_5_max": -0.21093819872998829,
            "naucs_at_5_std": -0.15827445368631302,
            "naucs_at_5_diff1": -0.10832364427749445,
            "naucs_at_10_max": -0.13704090773365177,
            "naucs_at_10_std": -0.17214093759331145,
            "naucs_at_10_diff1": -0.0883174081815467,
            "naucs_at_20_max": -0.05321329384396233,
            "naucs_at_20_std": -0.15465930169401204,
            "naucs_at_20_diff1": 0.006809866877094483,
            "naucs_at_50_max": 0.11760579845686257,
            "naucs_at_50_std": 0.015657879354687463,
            "naucs_at_50_diff1": 0.10926905541267246,
            "naucs_at_100_max": 1.0,
            "naucs_at_100_std": 1.0,
            "naucs_at_100_diff1": 1.0
        }
    }
}